11:29:55.709 [main] INFO  c.s.ddmusic.common.utils.HttpUtils - 搜索音乐关键词: 周杰伦
11:29:57.068 [main] ERROR c.s.ddmusic.common.utils.HttpUtils - TuneFree API请求失败: https://api.tunefree.fun/search?keyword=%E5%91%A8%E6%9D%B0%E4%BC%A6
11:29:57.100 [main] INFO  c.s.ddmusic.common.utils.HttpUtils - 获取推荐音乐
11:29:57.694 [main] ERROR c.s.ddmusic.common.utils.HttpUtils - TuneFree API请求失败: https://api.tunefree.fun/recommend
11:29:57.699 [main] INFO  c.s.ddmusic.common.utils.HttpUtils - 获取音乐榜单
11:29:58.238 [main] ERROR c.s.ddmusic.common.utils.HttpUtils - TuneFree API请求失败: https://api.tunefree.fun/rank
11:30:44.897 [main] INFO  c.s.ddmusic.common.utils.HttpUtils - 搜索音乐关键词: 周杰伦
11:30:45.824 [main] ERROR c.s.ddmusic.common.utils.HttpUtils - HTTP GET 请求错误：404，URL：https://api.tunefree.fun/search?keyword=%E5%91%A8%E6%9D%B0%E4%BC%A6
11:30:45.839 [main] INFO  c.s.ddmusic.common.utils.HttpUtils - 获取推荐音乐
11:30:46.081 [main] ERROR c.s.ddmusic.common.utils.HttpUtils - HTTP GET 请求错误：404，URL：https://api.tunefree.fun/recommend
11:30:46.084 [main] INFO  c.s.ddmusic.common.utils.HttpUtils - 获取音乐榜单
11:30:46.320 [main] ERROR c.s.ddmusic.common.utils.HttpUtils - HTTP GET 请求错误：404，URL：https://api.tunefree.fun/rank
11:33:06.297 [main] INFO  c.s.ddmusic.common.utils.HttpUtils - 搜索音乐关键词: 周杰伦
11:33:08.876 [main] ERROR c.s.ddmusic.common.utils.HttpUtils - HTTP GET 请求错误：404，URL：https://autumnfish.cn/search?keywords=%E5%91%A8%E6%9D%B0%E4%BC%A6&limit=30&type=1
11:33:08.891 [main] INFO  c.s.ddmusic.common.utils.HttpUtils - 获取推荐音乐歌单
11:33:09.493 [main] ERROR c.s.ddmusic.common.utils.HttpUtils - HTTP GET 请求错误：404，URL：https://autumnfish.cn/personalized
11:33:09.496 [main] INFO  c.s.ddmusic.common.utils.HttpUtils - 获取音乐榜单
11:33:09.852 [main] ERROR c.s.ddmusic.common.utils.HttpUtils - HTTP GET 请求错误：404，URL：https://autumnfish.cn/toplist
11:33:55.568 [main] INFO  c.s.ddmusic.common.utils.HttpUtils - 搜索音乐关键词: 周杰伦
11:34:05.607 [main] ERROR c.s.ddmusic.common.utils.HttpUtils - api.imacroc.cn
11:34:05.608 [main] ERROR c.s.ddmusic.common.utils.HttpUtils - 网易云音乐 API 请求失败: api.imacroc.cn
11:34:05.621 [main] INFO  c.s.ddmusic.common.utils.HttpUtils - 获取推荐音乐歌单
11:34:05.622 [main] ERROR c.s.ddmusic.common.utils.HttpUtils - api.imacroc.cn
11:34:05.623 [main] ERROR c.s.ddmusic.common.utils.HttpUtils - 网易云音乐 API 请求失败: api.imacroc.cn
11:34:05.626 [main] INFO  c.s.ddmusic.common.utils.HttpUtils - 获取音乐榜单
11:34:05.627 [main] ERROR c.s.ddmusic.common.utils.HttpUtils - api.imacroc.cn
11:34:05.628 [main] ERROR c.s.ddmusic.common.utils.HttpUtils - 网易云音乐 API 请求失败: api.imacroc.cn
12:58:53.616 [JavaFX Application Thread] INFO  com.stickpoint.ddmusic.App - === 应用启动调试信息 ===
12:58:53.638 [JavaFX Application Thread] INFO  com.stickpoint.ddmusic.App - Java 版本: 21.0.8
12:58:53.639 [JavaFX Application Thread] INFO  com.stickpoint.ddmusic.App - JavaFX 版本: 21.0.7
12:58:53.639 [JavaFX Application Thread] INFO  com.stickpoint.ddmusic.App - 工作目录: E:\codeData\javaProject\javafx-ddmusic\ddmuisc2
12:58:53.640 [JavaFX Application Thread] INFO  com.stickpoint.ddmusic.App - 1. 开始创建 HomePage
12:58:58.549 [JavaFX Application Thread] INFO  c.s.d.p.n.MusicPlayDetailContainer - 旋转角度: 60.0
12:58:58.888 [JavaFX Application Thread] INFO  com.stickpoint.ddmusic.App - 2. HomePage 创建成功
12:58:58.888 [JavaFX Application Thread] INFO  com.stickpoint.ddmusic.App - 3. 开始创建场景
12:58:58.939 [JavaFX Application Thread] INFO  com.stickpoint.ddmusic.App - 4. 场景创建成功
12:58:58.940 [JavaFX Application Thread] INFO  com.stickpoint.ddmusic.App - 5. 设置舞台属性
12:58:58.941 [JavaFX Application Thread] INFO  com.stickpoint.ddmusic.App - 6. 舞台属性设置完成
12:58:58.942 [JavaFX Application Thread] INFO  com.stickpoint.ddmusic.App - 7. 加载图标
12:58:58.943 [JavaFX Application Thread] INFO  com.stickpoint.ddmusic.App - 图标URL: file:/E:/codeData/javaProject/javafx-ddmusic/ddmuisc2/target/classes/img/logo.svg
12:58:58.944 [JavaFX Application Thread] INFO  com.stickpoint.ddmusic.App - 8. 图标加载成功
12:58:58.945 [JavaFX Application Thread] INFO  com.stickpoint.ddmusic.App - 9. 显示舞台
12:58:59.574 [JavaFX Application Thread] INFO  com.stickpoint.ddmusic.App - 10. 添加窗口缩放支持
12:58:59.576 [JavaFX Application Thread] INFO  com.stickpoint.ddmusic.App - 11. 居中显示
12:58:59.577 [JavaFX Application Thread] INFO  com.stickpoint.ddmusic.App - 12. 应用启动完成
12:59:18.571 [Thread-12] INFO  c.s.d.common.utils.TuneHubApiUtils - 聚合搜索歌曲: 关键词=我不对
13:01:12.062 [JavaFX Application Thread] INFO  com.stickpoint.ddmusic.App - === 应用启动调试信息 ===
13:01:12.064 [JavaFX Application Thread] INFO  com.stickpoint.ddmusic.App - Java 版本: 21.0.8
13:01:12.064 [JavaFX Application Thread] INFO  com.stickpoint.ddmusic.App - JavaFX 版本: 21.0.7
13:01:12.064 [JavaFX Application Thread] INFO  com.stickpoint.ddmusic.App - 工作目录: E:\codeData\javaProject\javafx-ddmusic\ddmuisc2
13:01:12.064 [JavaFX Application Thread] INFO  com.stickpoint.ddmusic.App - 1. 开始创建 HomePage
13:01:12.793 [JavaFX Application Thread] INFO  c.s.d.p.n.MusicPlayDetailContainer - 旋转角度: 60.0
13:01:12.882 [JavaFX Application Thread] INFO  com.stickpoint.ddmusic.App - 2. HomePage 创建成功
13:01:12.882 [JavaFX Application Thread] INFO  com.stickpoint.ddmusic.App - 3. 开始创建场景
13:01:12.905 [JavaFX Application Thread] INFO  com.stickpoint.ddmusic.App - 4. 场景创建成功
13:01:12.905 [JavaFX Application Thread] INFO  com.stickpoint.ddmusic.App - 5. 设置舞台属性
13:01:12.906 [JavaFX Application Thread] INFO  com.stickpoint.ddmusic.App - 6. 舞台属性设置完成
13:01:12.906 [JavaFX Application Thread] INFO  com.stickpoint.ddmusic.App - 7. 加载图标
13:01:12.907 [JavaFX Application Thread] INFO  com.stickpoint.ddmusic.App - 图标URL: file:/E:/codeData/javaProject/javafx-ddmusic/ddmuisc2/target/classes/img/logo.svg
13:01:12.908 [JavaFX Application Thread] INFO  com.stickpoint.ddmusic.App - 8. 图标加载成功
13:01:12.908 [JavaFX Application Thread] INFO  com.stickpoint.ddmusic.App - 9. 显示舞台
13:01:13.181 [JavaFX Application Thread] INFO  com.stickpoint.ddmusic.App - 10. 添加窗口缩放支持
13:01:13.183 [JavaFX Application Thread] INFO  com.stickpoint.ddmusic.App - 11. 居中显示
13:01:13.184 [JavaFX Application Thread] INFO  com.stickpoint.ddmusic.App - 12. 应用启动完成
13:01:58.522 [JavaFX Application Thread] INFO  com.stickpoint.ddmusic.App - === 应用启动调试信息 ===
13:01:58.525 [JavaFX Application Thread] INFO  com.stickpoint.ddmusic.App - Java 版本: 21.0.8
13:01:58.525 [JavaFX Application Thread] INFO  com.stickpoint.ddmusic.App - JavaFX 版本: 21.0.7
13:01:58.526 [JavaFX Application Thread] INFO  com.stickpoint.ddmusic.App - 工作目录: E:\codeData\javaProject\javafx-ddmusic\ddmuisc2
13:01:58.526 [JavaFX Application Thread] INFO  com.stickpoint.ddmusic.App - 1. 开始创建 HomePage
13:01:59.728 [JavaFX Application Thread] INFO  c.s.d.p.n.MusicPlayDetailContainer - 旋转角度: 60.0
13:01:59.882 [JavaFX Application Thread] INFO  com.stickpoint.ddmusic.App - 2. HomePage 创建成功
13:01:59.882 [JavaFX Application Thread] INFO  com.stickpoint.ddmusic.App - 3. 开始创建场景
13:01:59.925 [JavaFX Application Thread] INFO  com.stickpoint.ddmusic.App - 4. 场景创建成功
13:01:59.925 [JavaFX Application Thread] INFO  com.stickpoint.ddmusic.App - 5. 设置舞台属性
13:01:59.927 [JavaFX Application Thread] INFO  com.stickpoint.ddmusic.App - 6. 舞台属性设置完成
13:01:59.927 [JavaFX Application Thread] INFO  com.stickpoint.ddmusic.App - 7. 加载图标
13:01:59.927 [JavaFX Application Thread] INFO  com.stickpoint.ddmusic.App - 图标URL: file:/E:/codeData/javaProject/javafx-ddmusic/ddmuisc2/target/classes/img/logo.svg
13:01:59.928 [JavaFX Application Thread] INFO  com.stickpoint.ddmusic.App - 8. 图标加载成功
13:01:59.928 [JavaFX Application Thread] INFO  com.stickpoint.ddmusic.App - 9. 显示舞台
13:02:00.327 [JavaFX Application Thread] INFO  com.stickpoint.ddmusic.App - 10. 添加窗口缩放支持
13:02:00.329 [JavaFX Application Thread] INFO  com.stickpoint.ddmusic.App - 11. 居中显示
13:02:00.330 [JavaFX Application Thread] INFO  com.stickpoint.ddmusic.App - 12. 应用启动完成
13:02:31.173 [Thread-10] INFO  c.s.d.p.node.SearchResultContainer - 开始搜索关键词: 我不对
13:02:31.177 [Thread-10] INFO  c.s.d.common.utils.TuneHubApiUtils - 聚合搜索歌曲: 关键词=我不对
13:02:37.633 [Thread-10] INFO  c.s.d.p.node.SearchResultContainer - 搜索结果JSON: {"code":200,"message":"success","data":{"keyword":"我不对","limit":10,"page":1,"platforms":["netease","qq","kuwo"],"platformStats":{"netease":{"success":false,"count":0,"duration":24,"error":"搜索失败"},"qq":{"success":false,"count":0,"duration":6204,"error":"搜索 \"我不对\" 失败: connect ECONNREFUSED 38.175.197.155:8888"},"kuwo":{"success":true,"count":10,"duration":47,"error":null}},"total":10,"results":[{"id":"9558428","name":"我不对","artist":"高进","album":"我不对","platform":"kuwo","url":"https://music-dl.sayqz.com/api/?source=kuwo&id=9558428&type=url","pic":"https://music-dl.sayqz.com/api/?source=kuwo&id=9558428&type=pic","lrc":"https://music-dl.sayqz.com/api/?source=kuwo&id=9558428&type=lrc"},{"id":"56300583","name":"勇敢勇敢+林中鸟+江湖大道+ 混在北京+我不对+1981 (Live)","artist":"高进","album":"高进“我的好兄弟”巡回演唱会2017北京站","platform":"kuwo","url":"https://music-dl.sayqz.com/api/?source=kuwo&id=56300583&type=url","pic":"https://music-dl.sayqz.com/api/?source=kuwo&id=56300583&type=pic","lrc":"https://music-dl.sayqz.com/api/?source=kuwo&id=56300583&type=lrc"},{"id":"153100198","name":"我不对 (cover: 高进)","artist":"烟嗓林娅","album":"","platform":"kuwo","url":"https://music-dl.sayqz.com/api/?source=kuwo&id=153100198&type=url","pic":"https://music-dl.sayqz.com/api/?source=kuwo&id=153100198&type=pic","lrc":"https://music-dl.sayqz.com/api/?source=kuwo&id=153100198&type=lrc"},{"id":"493852448","name":"般配 (聊天的开场是我不对)","artist":"野燃","album":"般配 (聊天的开场是我不对)","platform":"kuwo","url":"https://music-dl.sayqz.com/api/?source=kuwo&id=493852448&type=url","pic":"https://music-dl.sayqz.com/api/?source=kuwo&id=493852448&type=pic","lrc":"https://music-dl.sayqz.com/api/?source=kuwo&id=493852448&type=lrc"},{"id":"3355757","name":"我不对","artist":"宇然","album":"彩虹收音机","platform":"kuwo","url":"https://music-dl.sayqz.com/api/?source=kuwo&id=3355757&type=url","pic":"https://music-dl.sayqz.com/api/?source=kuwo&id=3355757&type=pic","lrc":"https://music-dl.sayqz.com/api/?source=kuwo&id=3355757&type=lrc"},{"id":"345140522","name":"我不对","artist":"金玮晟","album":"我不对","platform":"kuwo","url":"https://music-dl.sayqz.com/api/?source=kuwo&id=345140522&type=url","pic":"https://music-dl.sayqz.com/api/?source=kuwo&id=345140522&type=pic","lrc":"https://music-dl.sayqz.com/api/?source=kuwo&id=345140522&type=lrc"},{"id":"215584990","name":"我不对 (cover: 高进)","artist":"雷一鸣","album":"忧伤的旋律","platform":"kuwo","url":"https://music-dl.sayqz.com/api/?source=kuwo&id=215584990&type=url","pic":"https://music-dl.sayqz.com/api/?source=kuwo&id=215584990&type=pic","lrc":"https://music-dl.sayqz.com/api/?source=kuwo&id=215584990&type=lrc"},{"id":"147706682","name":"我不对 (cover: 高进)","artist":"梁晓龙","album":"","platform":"kuwo","url":"https://music-dl.sayqz.com/api/?source=kuwo&id=147706682&type=url","pic":"https://music-dl.sayqz.com/api/?source=kuwo&id=147706682&type=pic","lrc":"https://music-dl.sayqz.com/api/?source=kuwo&id=147706682&type=lrc"},{"id":"190506875","name":"我不对 (cover: 高进)","artist":"九宝贝","album":"九宝贝最走心","platform":"kuwo","url":"https://music-dl.sayqz.com/api/?source=kuwo&id=190506875&type=url","pic":"https://music-dl.sayqz.com/api/?source=kuwo&id=190506875&type=pic","lrc":"https://music-dl.sayqz.com/api/?source=kuwo&id=190506875&type=lrc"},{"id":"477295874","name":"我不对","artist":"述的说","album":"说说","platform":"kuwo","url":"https://music-dl.sayqz.com/api/?source=kuwo&id=477295874&type=url","pic":"https://music-dl.sayqz.com/api/?source=kuwo&id=477295874&type=pic","lrc":"https://music-dl.sayqz.com/api/?source=kuwo&id=477295874&type=lrc"}]},"timestamp":"2026-01-23T13:02:36.352+08:00"}
13:02:37.643 [Thread-10] ERROR c.s.d.p.node.SearchResultContainer - 搜索失败: class java.lang.Double cannot be cast to class java.lang.Integer (java.lang.Double and java.lang.Integer are in module java.base of loader 'bootstrap')
java.lang.ClassCastException: class java.lang.Double cannot be cast to class java.lang.Integer (java.lang.Double and java.lang.Integer are in module java.base of loader 'bootstrap')
	at com.stickpoint.ddmusic@0.0.1/com.stickpoint.ddmusic.page.node.SearchResultContainer.lambda$search$13(SearchResultContainer.java:277)
	at java.base/java.lang.Thread.run(Thread.java:1583)
13:02:37.818 [Thread-10] INFO  c.s.d.common.utils.TuneHubApiUtils - 聚合搜索歌曲: 关键词=我不对
13:03:37.515 [JavaFX Application Thread] INFO  com.stickpoint.ddmusic.App - === 应用启动调试信息 ===
13:03:37.517 [JavaFX Application Thread] INFO  com.stickpoint.ddmusic.App - Java 版本: 21.0.8
13:03:37.517 [JavaFX Application Thread] INFO  com.stickpoint.ddmusic.App - JavaFX 版本: 21.0.7
13:03:37.518 [JavaFX Application Thread] INFO  com.stickpoint.ddmusic.App - 工作目录: E:\codeData\javaProject\javafx-ddmusic\ddmuisc2
13:03:37.518 [JavaFX Application Thread] INFO  com.stickpoint.ddmusic.App - 1. 开始创建 HomePage
13:03:38.727 [JavaFX Application Thread] INFO  c.s.d.p.n.MusicPlayDetailContainer - 旋转角度: 60.0
13:03:38.943 [JavaFX Application Thread] INFO  com.stickpoint.ddmusic.App - 2. HomePage 创建成功
13:03:38.944 [JavaFX Application Thread] INFO  com.stickpoint.ddmusic.App - 3. 开始创建场景
13:03:38.998 [JavaFX Application Thread] INFO  com.stickpoint.ddmusic.App - 4. 场景创建成功
13:03:38.999 [JavaFX Application Thread] INFO  com.stickpoint.ddmusic.App - 5. 设置舞台属性
13:03:39.000 [JavaFX Application Thread] INFO  com.stickpoint.ddmusic.App - 6. 舞台属性设置完成
13:03:39.002 [JavaFX Application Thread] INFO  com.stickpoint.ddmusic.App - 7. 加载图标
13:03:39.003 [JavaFX Application Thread] INFO  com.stickpoint.ddmusic.App - 图标URL: file:/E:/codeData/javaProject/javafx-ddmusic/ddmuisc2/target/classes/img/logo.svg
13:03:39.005 [JavaFX Application Thread] INFO  com.stickpoint.ddmusic.App - 8. 图标加载成功
13:03:39.006 [JavaFX Application Thread] INFO  com.stickpoint.ddmusic.App - 9. 显示舞台
13:03:39.391 [JavaFX Application Thread] INFO  com.stickpoint.ddmusic.App - 10. 添加窗口缩放支持
13:03:39.395 [JavaFX Application Thread] INFO  com.stickpoint.ddmusic.App - 11. 居中显示
13:03:39.396 [JavaFX Application Thread] INFO  com.stickpoint.ddmusic.App - 12. 应用启动完成
13:04:45.301 [Thread-10] INFO  c.s.d.p.node.SearchResultContainer - 开始搜索关键词: 我不对
13:04:45.305 [Thread-10] INFO  c.s.d.common.utils.TuneHubApiUtils - 聚合搜索歌曲: 关键词=我不对
13:04:51.775 [Thread-10] INFO  c.s.d.p.node.SearchResultContainer - 搜索结果JSON: {"code":200,"message":"success","data":{"keyword":"我不对","limit":10,"page":1,"platforms":["netease","qq","kuwo"],"platformStats":{"netease":{"success":false,"count":0,"duration":24,"error":"搜索失败"},"qq":{"success":false,"count":0,"duration":6217,"error":"搜索 \"我不对\" 失败: connect ECONNREFUSED 38.175.197.155:8888"},"kuwo":{"success":true,"count":10,"duration":37,"error":null}},"total":10,"results":[{"id":"9558428","name":"我不对","artist":"高进","album":"我不对","platform":"kuwo","url":"https://music-dl.sayqz.com/api/?source=kuwo&id=9558428&type=url","pic":"https://music-dl.sayqz.com/api/?source=kuwo&id=9558428&type=pic","lrc":"https://music-dl.sayqz.com/api/?source=kuwo&id=9558428&type=lrc"},{"id":"56300583","name":"勇敢勇敢+林中鸟+江湖大道+ 混在北京+我不对+1981 (Live)","artist":"高进","album":"高进“我的好兄弟”巡回演唱会2017北京站","platform":"kuwo","url":"https://music-dl.sayqz.com/api/?source=kuwo&id=56300583&type=url","pic":"https://music-dl.sayqz.com/api/?source=kuwo&id=56300583&type=pic","lrc":"https://music-dl.sayqz.com/api/?source=kuwo&id=56300583&type=lrc"},{"id":"153100198","name":"我不对 (cover: 高进)","artist":"烟嗓林娅","album":"","platform":"kuwo","url":"https://music-dl.sayqz.com/api/?source=kuwo&id=153100198&type=url","pic":"https://music-dl.sayqz.com/api/?source=kuwo&id=153100198&type=pic","lrc":"https://music-dl.sayqz.com/api/?source=kuwo&id=153100198&type=lrc"},{"id":"493852448","name":"般配 (聊天的开场是我不对)","artist":"野燃","album":"般配 (聊天的开场是我不对)","platform":"kuwo","url":"https://music-dl.sayqz.com/api/?source=kuwo&id=493852448&type=url","pic":"https://music-dl.sayqz.com/api/?source=kuwo&id=493852448&type=pic","lrc":"https://music-dl.sayqz.com/api/?source=kuwo&id=493852448&type=lrc"},{"id":"3355757","name":"我不对","artist":"宇然","album":"彩虹收音机","platform":"kuwo","url":"https://music-dl.sayqz.com/api/?source=kuwo&id=3355757&type=url","pic":"https://music-dl.sayqz.com/api/?source=kuwo&id=3355757&type=pic","lrc":"https://music-dl.sayqz.com/api/?source=kuwo&id=3355757&type=lrc"},{"id":"345140522","name":"我不对","artist":"金玮晟","album":"我不对","platform":"kuwo","url":"https://music-dl.sayqz.com/api/?source=kuwo&id=345140522&type=url","pic":"https://music-dl.sayqz.com/api/?source=kuwo&id=345140522&type=pic","lrc":"https://music-dl.sayqz.com/api/?source=kuwo&id=345140522&type=lrc"},{"id":"215584990","name":"我不对 (cover: 高进)","artist":"雷一鸣","album":"忧伤的旋律","platform":"kuwo","url":"https://music-dl.sayqz.com/api/?source=kuwo&id=215584990&type=url","pic":"https://music-dl.sayqz.com/api/?source=kuwo&id=215584990&type=pic","lrc":"https://music-dl.sayqz.com/api/?source=kuwo&id=215584990&type=lrc"},{"id":"147706682","name":"我不对 (cover: 高进)","artist":"梁晓龙","album":"","platform":"kuwo","url":"https://music-dl.sayqz.com/api/?source=kuwo&id=147706682&type=url","pic":"https://music-dl.sayqz.com/api/?source=kuwo&id=147706682&type=pic","lrc":"https://music-dl.sayqz.com/api/?source=kuwo&id=147706682&type=lrc"},{"id":"190506875","name":"我不对 (cover: 高进)","artist":"九宝贝","album":"九宝贝最走心","platform":"kuwo","url":"https://music-dl.sayqz.com/api/?source=kuwo&id=190506875&type=url","pic":"https://music-dl.sayqz.com/api/?source=kuwo&id=190506875&type=pic","lrc":"https://music-dl.sayqz.com/api/?source=kuwo&id=190506875&type=lrc"},{"id":"477295874","name":"我不对","artist":"述的说","album":"说说","platform":"kuwo","url":"https://music-dl.sayqz.com/api/?source=kuwo&id=477295874&type=url","pic":"https://music-dl.sayqz.com/api/?source=kuwo&id=477295874&type=pic","lrc":"https://music-dl.sayqz.com/api/?source=kuwo&id=477295874&type=lrc"}]},"timestamp":"2026-01-23T13:04:50.493+08:00"}
13:04:51.783 [Thread-10] ERROR c.s.d.p.node.SearchResultContainer - 搜索失败: class java.lang.Double cannot be cast to class java.lang.Integer (java.lang.Double and java.lang.Integer are in module java.base of loader 'bootstrap')
java.lang.ClassCastException: class java.lang.Double cannot be cast to class java.lang.Integer (java.lang.Double and java.lang.Integer are in module java.base of loader 'bootstrap')
	at com.stickpoint.ddmusic@0.0.1/com.stickpoint.ddmusic.page.node.SearchResultContainer.lambda$search$13(SearchResultContainer.java:277)
	at java.base/java.lang.Thread.run(Thread.java:1583)
13:10:26.585 [JavaFX Application Thread] INFO  com.stickpoint.ddmusic.App - === 应用启动调试信息 ===
13:10:26.589 [JavaFX Application Thread] INFO  com.stickpoint.ddmusic.App - Java 版本: 21.0.8
13:10:26.590 [JavaFX Application Thread] INFO  com.stickpoint.ddmusic.App - JavaFX 版本: 21.0.7
13:10:26.591 [JavaFX Application Thread] INFO  com.stickpoint.ddmusic.App - 工作目录: E:\codeData\javaProject\javafx-ddmusic\ddmuisc2
13:10:26.591 [JavaFX Application Thread] INFO  com.stickpoint.ddmusic.App - 1. 开始创建 HomePage
13:10:27.926 [JavaFX Application Thread] INFO  c.s.d.p.n.MusicPlayDetailContainer - 旋转角度: 60.0
13:10:28.106 [JavaFX Application Thread] INFO  com.stickpoint.ddmusic.App - 2. HomePage 创建成功
13:10:28.107 [JavaFX Application Thread] INFO  com.stickpoint.ddmusic.App - 3. 开始创建场景
13:10:28.154 [JavaFX Application Thread] INFO  com.stickpoint.ddmusic.App - 4. 场景创建成功
13:10:28.154 [JavaFX Application Thread] INFO  com.stickpoint.ddmusic.App - 5. 设置舞台属性
13:10:28.155 [JavaFX Application Thread] INFO  com.stickpoint.ddmusic.App - 6. 舞台属性设置完成
13:10:28.156 [JavaFX Application Thread] INFO  com.stickpoint.ddmusic.App - 7. 加载图标
13:10:28.157 [JavaFX Application Thread] INFO  com.stickpoint.ddmusic.App - 图标URL: file:/E:/codeData/javaProject/javafx-ddmusic/ddmuisc2/target/classes/img/logo.svg
13:10:28.158 [JavaFX Application Thread] INFO  com.stickpoint.ddmusic.App - 8. 图标加载成功
13:10:28.159 [JavaFX Application Thread] INFO  com.stickpoint.ddmusic.App - 9. 显示舞台
13:10:28.492 [JavaFX Application Thread] INFO  com.stickpoint.ddmusic.App - 10. 添加窗口缩放支持
13:10:28.494 [JavaFX Application Thread] INFO  com.stickpoint.ddmusic.App - 11. 居中显示
13:10:28.495 [JavaFX Application Thread] INFO  com.stickpoint.ddmusic.App - 12. 应用启动完成
13:10:33.994 [Thread-10] INFO  c.s.d.p.node.SearchResultContainer - 开始搜索关键词: 我不对
13:10:33.997 [Thread-10] INFO  c.s.d.common.utils.TuneHubApiUtils - 聚合搜索歌曲: 关键词=我不对
13:10:41.546 [Thread-10] INFO  c.s.d.p.node.SearchResultContainer - 搜索结果JSON: {"code":200,"message":"success","data":{"keyword":"我不对","limit":10,"page":1,"platforms":["netease","qq","kuwo"],"platformStats":{"netease":{"success":true,"count":10,"duration":147,"error":null},"qq":{"success":false,"count":0,"duration":7257,"error":"搜索 \"我不对\" 失败: connect ECONNREFUSED 38.175.197.155:8888"},"kuwo":{"success":true,"count":10,"duration":40,"error":null}},"total":20,"results":[{"id":"1389152878","name":"我不好","artist":"张艺兴","album":"我不好","platform":"netease","url":"https://music-dl.sayqz.com/api/?source=netease&id=1389152878&type=url","pic":"https://music-dl.sayqz.com/api/?source=netease&id=1389152878&type=pic","lrc":"https://music-dl.sayqz.com/api/?source=netease&id=1389152878&type=lrc"},{"id":"9558428","name":"我不对","artist":"高进","album":"我不对","platform":"kuwo","url":"https://music-dl.sayqz.com/api/?source=kuwo&id=9558428&type=url","pic":"https://music-dl.sayqz.com/api/?source=kuwo&id=9558428&type=pic","lrc":"https://music-dl.sayqz.com/api/?source=kuwo&id=9558428&type=lrc"},{"id":"2121080234","name":"我不好","artist":"Chloe Wong 黄筠儿","album":"我不好","platform":"netease","url":"https://music-dl.sayqz.com/api/?source=netease&id=2121080234&type=url","pic":"https://music-dl.sayqz.com/api/?source=netease&id=2121080234&type=pic","lrc":"https://music-dl.sayqz.com/api/?source=netease&id=2121080234&type=lrc"},{"id":"56300583","name":"勇敢勇敢+林中鸟+江湖大道+ 混在北京+我不对+1981 (Live)","artist":"高进","album":"高进“我的好兄弟”巡回演唱会2017北京站","platform":"kuwo","url":"https://music-dl.sayqz.com/api/?source=kuwo&id=56300583&type=url","pic":"https://music-dl.sayqz.com/api/?source=kuwo&id=56300583&type=pic","lrc":"https://music-dl.sayqz.com/api/?source=kuwo&id=56300583&type=lrc"},{"id":"2703675544","name":"我不好","artist":"钊柯.l","album":"我不好","platform":"netease","url":"https://music-dl.sayqz.com/api/?source=netease&id=2703675544&type=url","pic":"https://music-dl.sayqz.com/api/?source=netease&id=2703675544&type=pic","lrc":"https://music-dl.sayqz.com/api/?source=netease&id=2703675544&type=lrc"},{"id":"153100198","name":"我不对 (cover: 高进)","artist":"烟嗓林娅","album":"","platform":"kuwo","url":"https://music-dl.sayqz.com/api/?source=kuwo&id=153100198&type=url","pic":"https://music-dl.sayqz.com/api/?source=kuwo&id=153100198&type=pic","lrc":"https://music-dl.sayqz.com/api/?source=kuwo&id=153100198&type=lrc"},{"id":"1391927772","name":"我不好","artist":"语恒","album":"我不好","platform":"netease","url":"https://music-dl.sayqz.com/api/?source=netease&id=1391927772&type=url","pic":"https://music-dl.sayqz.com/api/?source=netease&id=1391927772&type=pic","lrc":"https://music-dl.sayqz.com/api/?source=netease&id=1391927772&type=lrc"},{"id":"493852448","name":"般配 (聊天的开场是我不对)","artist":"野燃","album":"般配 (聊天的开场是我不对)","platform":"kuwo","url":"https://music-dl.sayqz.com/api/?source=kuwo&id=493852448&type=url","pic":"https://music-dl.sayqz.com/api/?source=kuwo&id=493852448&type=pic","lrc":"https://music-dl.sayqz.com/api/?source=kuwo&id=493852448&type=lrc"},{"id":"862129612","name":"王牌冤家","artist":"李荣浩","album":"耳朵","platform":"netease","url":"https://music-dl.sayqz.com/api/?source=netease&id=862129612&type=url","pic":"https://music-dl.sayqz.com/api/?source=netease&id=862129612&type=pic","lrc":"https://music-dl.sayqz.com/api/?source=netease&id=862129612&type=lrc"},{"id":"3355757","name":"我不对","artist":"宇然","album":"彩虹收音机","platform":"kuwo","url":"https://music-dl.sayqz.com/api/?source=kuwo&id=3355757&type=url","pic":"https://music-dl.sayqz.com/api/?source=kuwo&id=3355757&type=pic","lrc":"https://music-dl.sayqz.com/api/?source=kuwo&id=3355757&type=lrc"},{"id":"1976481901","name":"我不对","artist":"钟婉芸","album":"想了很久，但还是觉得这样好","platform":"netease","url":"https://music-dl.sayqz.com/api/?source=netease&id=1976481901&type=url","pic":"https://music-dl.sayqz.com/api/?source=netease&id=1976481901&type=pic","lrc":"https://music-dl.sayqz.com/api/?source=netease&id=1976481901&type=lrc"},{"id":"345140522","name":"我不对","artist":"金玮晟","album":"我不对","platform":"kuwo","url":"https://music-dl.sayqz.com/api/?source=kuwo&id=345140522&type=url","pic":"https://music-dl.sayqz.com/api/?source=kuwo&id=345140522&type=pic","lrc":"https://music-dl.sayqz.com/api/?source=kuwo&id=345140522&type=lrc"},{"id":"2738146260","name":"我不对","artist":"九宝贝","album":"九宝贝最走心","platform":"netease","url":"https://music-dl.sayqz.com/api/?source=netease&id=2738146260&type=url","pic":"https://music-dl.sayqz.com/api/?source=netease&id=2738146260&type=pic","lrc":"https://music-dl.sayqz.com/api/?source=netease&id=2738146260&type=lrc"},{"id":"215584990","name":"我不对 (cover: 高进)","artist":"雷一鸣","album":"忧伤的旋律","platform":"kuwo","url":"https://music-dl.sayqz.com/api/?source=kuwo&id=215584990&type=url","pic":"https://music-dl.sayqz.com/api/?source=kuwo&id=215584990&type=pic","lrc":"https://music-dl.sayqz.com/api/?source=kuwo&id=215584990&type=lrc"},{"id":"1929341395","name":"我不對","artist":"梁一村","album":"Eric Master Leung","platform":"netease","url":"https://music-dl.sayqz.com/api/?source=netease&id=1929341395&type=url","pic":"https://music-dl.sayqz.com/api/?source=netease&id=1929341395&type=pic","lrc":"https://music-dl.sayqz.com/api/?source=netease&id=1929341395&type=lrc"},{"id":"147706682","name":"我不对 (cover: 高进)","artist":"梁晓龙","album":"","platform":"kuwo","url":"https://music-dl.sayqz.com/api/?source=kuwo&id=147706682&type=url","pic":"https://music-dl.sayqz.com/api/?source=kuwo&id=147706682&type=pic","lrc":"https://music-dl.sayqz.com/api/?source=kuwo&id=147706682&type=lrc"},{"id":"1809286552","name":"我不对","artist":"金玮晟","album":"我不对","platform":"netease","url":"https://music-dl.sayqz.com/api/?source=netease&id=1809286552&type=url","pic":"https://music-dl.sayqz.com/api/?source=netease&id=1809286552&type=pic","lrc":"https://music-dl.sayqz.com/api/?source=netease&id=1809286552&type=lrc"},{"id":"190506875","name":"我不对 (cover: 高进)","artist":"九宝贝","album":"九宝贝最走心","platform":"kuwo","url":"https://music-dl.sayqz.com/api/?source=kuwo&id=190506875&type=url","pic":"https://music-dl.sayqz.com/api/?source=kuwo&id=190506875&type=pic","lrc":"https://music-dl.sayqz.com/api/?source=kuwo&id=190506875&type=lrc"},{"id":"1838786037","name":"我不好","artist":"郭文琳","album":"张艺兴","platform":"netease","url":"https://music-dl.sayqz.com/api/?source=netease&id=1838786037&type=url","pic":"https://music-dl.sayqz.com/api/?source=netease&id=1838786037&type=pic","lrc":"https://music-dl.sayqz.com/api/?source=netease&id=1838786037&type=lrc"},{"id":"477295874","name":"我不对","artist":"述的说","album":"说说","platform":"kuwo","url":"https://music-dl.sayqz.com/api/?source=kuwo&id=477295874&type=url","pic":"https://music-dl.sayqz.com/api/?source=kuwo&id=477295874&type=pic","lrc":"https://music-dl.sayqz.com/api/?source=kuwo&id=477295874&type=lrc"}]},"timestamp":"2026-01-23T13:10:40.252+08:00"}
13:10:41.555 [Thread-10] INFO  c.s.d.p.node.SearchResultContainer - 搜索结果数量: 20
13:10:55.914 [JavaFX Application Thread] INFO  c.s.d.p.node.SearchResultContainer - 播放歌曲: 高进 - 我不对
13:10:56.065 [JavaFX Application Thread] INFO  c.s.d.p.n.MusicPlayDetailContainer - 当前旋转角度: 暂停--95.0
13:12:19.701 [JavaFX Application Thread] INFO  com.stickpoint.ddmusic.App - === 应用启动调试信息 ===
13:12:19.705 [JavaFX Application Thread] INFO  com.stickpoint.ddmusic.App - Java 版本: 21.0.8
13:12:19.706 [JavaFX Application Thread] INFO  com.stickpoint.ddmusic.App - JavaFX 版本: 21.0.7
13:12:19.708 [JavaFX Application Thread] INFO  com.stickpoint.ddmusic.App - 工作目录: E:\codeData\javaProject\javafx-ddmusic\ddmuisc2
13:12:19.708 [JavaFX Application Thread] INFO  com.stickpoint.ddmusic.App - 1. 开始创建 HomePage
13:12:21.586 [JavaFX Application Thread] INFO  c.s.d.p.n.MusicPlayDetailContainer - 旋转角度: 60.0
13:12:21.811 [JavaFX Application Thread] INFO  com.stickpoint.ddmusic.App - 2. HomePage 创建成功
13:12:21.811 [JavaFX Application Thread] INFO  com.stickpoint.ddmusic.App - 3. 开始创建场景
13:12:21.864 [JavaFX Application Thread] INFO  com.stickpoint.ddmusic.App - 4. 场景创建成功
13:12:21.866 [JavaFX Application Thread] INFO  com.stickpoint.ddmusic.App - 5. 设置舞台属性
13:12:21.868 [JavaFX Application Thread] INFO  com.stickpoint.ddmusic.App - 6. 舞台属性设置完成
13:12:21.870 [JavaFX Application Thread] INFO  com.stickpoint.ddmusic.App - 7. 加载图标
13:12:21.872 [JavaFX Application Thread] INFO  com.stickpoint.ddmusic.App - 图标URL: file:/E:/codeData/javaProject/javafx-ddmusic/ddmuisc2/target/classes/img/logo.svg
13:12:21.885 [JavaFX Application Thread] INFO  com.stickpoint.ddmusic.App - 8. 图标加载成功
13:12:21.889 [JavaFX Application Thread] INFO  com.stickpoint.ddmusic.App - 9. 显示舞台
13:12:22.231 [JavaFX Application Thread] INFO  com.stickpoint.ddmusic.App - 10. 添加窗口缩放支持
13:12:22.234 [JavaFX Application Thread] INFO  com.stickpoint.ddmusic.App - 11. 居中显示
13:12:22.235 [JavaFX Application Thread] INFO  com.stickpoint.ddmusic.App - 12. 应用启动完成
13:12:27.511 [Thread-10] INFO  c.s.d.p.node.SearchResultContainer - 开始搜索关键词: 红
13:12:27.517 [Thread-10] INFO  c.s.d.common.utils.TuneHubApiUtils - 聚合搜索歌曲: 关键词=红
13:12:33.973 [Thread-10] INFO  c.s.d.p.node.SearchResultContainer - 搜索结果JSON: {"code":200,"message":"success","data":{"keyword":"红","limit":10,"page":1,"platforms":["netease","qq","kuwo"],"platformStats":{"netease":{"success":false,"count":0,"duration":28,"error":"搜索失败"},"qq":{"success":false,"count":0,"duration":6208,"error":"搜索 \"红\" 失败: connect ECONNREFUSED 38.175.197.155:8888"},"kuwo":{"success":true,"count":10,"duration":173,"error":null}},"total":10,"results":[{"id":"528756516","name":"红","artist":"端端Duan","album":"红","platform":"kuwo","url":"https://music-dl.sayqz.com/api/?source=kuwo&id=528756516&type=url","pic":"https://music-dl.sayqz.com/api/?source=kuwo&id=528756516&type=pic","lrc":"https://music-dl.sayqz.com/api/?source=kuwo&id=528756516&type=lrc"},{"id":"532409674","name":"红","artist":"杨云晰","album":"红","platform":"kuwo","url":"https://music-dl.sayqz.com/api/?source=kuwo&id=532409674&type=url","pic":"https://music-dl.sayqz.com/api/?source=kuwo&id=532409674&type=pic","lrc":"https://music-dl.sayqz.com/api/?source=kuwo&id=532409674&type=lrc"},{"id":"16644260","name":"红昭愿","artist":"音阙诗听","album":"诗","platform":"kuwo","url":"https://music-dl.sayqz.com/api/?source=kuwo&id=16644260&type=url","pic":"https://music-dl.sayqz.com/api/?source=kuwo&id=16644260&type=pic","lrc":"https://music-dl.sayqz.com/api/?source=kuwo&id=16644260&type=lrc"},{"id":"442279457","name":"红","artist":"毛不易","album":"蜀锦人家 影视原声带","platform":"kuwo","url":"https://music-dl.sayqz.com/api/?source=kuwo&id=442279457&type=url","pic":"https://music-dl.sayqz.com/api/?source=kuwo&id=442279457&type=pic","lrc":"https://music-dl.sayqz.com/api/?source=kuwo&id=442279457&type=lrc"},{"id":"532025205","name":"红","artist":"余空","album":"红","platform":"kuwo","url":"https://music-dl.sayqz.com/api/?source=kuwo&id=532025205&type=url","pic":"https://music-dl.sayqz.com/api/?source=kuwo&id=532025205&type=pic","lrc":"https://music-dl.sayqz.com/api/?source=kuwo&id=532025205&type=lrc"},{"id":"6489493","name":"Red","artist":"Taylor Swift","album":"Red","platform":"kuwo","url":"https://music-dl.sayqz.com/api/?source=kuwo&id=6489493&type=url","pic":"https://music-dl.sayqz.com/api/?source=kuwo&id=6489493&type=pic","lrc":"https://music-dl.sayqz.com/api/?source=kuwo&id=6489493&type=lrc"},{"id":"533160481","name":"华丽的红房间发霉的旧唱片dj","artist":"DJ铁柱","album":"攻击力不够我一律视为情调dj","platform":"kuwo","url":"https://music-dl.sayqz.com/api/?source=kuwo&id=533160481&type=url","pic":"https://music-dl.sayqz.com/api/?source=kuwo&id=533160481&type=pic","lrc":"https://music-dl.sayqz.com/api/?source=kuwo&id=533160481&type=lrc"},{"id":"534072672","name":"动了情的心千疮百孔 (泪还没有干眼又泛红)","artist":"艺凌","album":"动了情的心千疮百孔 (泪还没有干眼又泛红)","platform":"kuwo","url":"https://music-dl.sayqz.com/api/?source=kuwo&id=534072672&type=url","pic":"https://music-dl.sayqz.com/api/?source=kuwo&id=534072672&type=pic","lrc":"https://music-dl.sayqz.com/api/?source=kuwo&id=534072672&type=lrc"},{"id":"534766902","name":"红 (cover: 张国荣)","artist":"Mr蘑菇","album":"蘑菇精选cover集","platform":"kuwo","url":"https://music-dl.sayqz.com/api/?source=kuwo&id=534766902&type=url","pic":"https://music-dl.sayqz.com/api/?source=kuwo&id=534766902&type=pic","lrc":"https://music-dl.sayqz.com/api/?source=kuwo&id=534766902&type=lrc"},{"id":"534515605","name":"红玫瑰 (R&B版)","artist":"ProdbyMend、汤另海","album":"抖音流行热歌精选","platform":"kuwo","url":"https://music-dl.sayqz.com/api/?source=kuwo&id=534515605&type=url","pic":"https://music-dl.sayqz.com/api/?source=kuwo&id=534515605&type=pic","lrc":"https://music-dl.sayqz.com/api/?source=kuwo&id=534515605&type=lrc"}]},"timestamp":"2026-01-23T13:12:32.684+08:00"}
13:12:33.981 [Thread-10] INFO  c.s.d.p.node.SearchResultContainer - 搜索结果数量: 10
13:12:41.298 [JavaFX Application Thread] INFO  c.s.d.p.node.SearchResultContainer - 播放歌曲: 音阙诗听 - 红昭愿
13:12:41.348 [JavaFX Application Thread] INFO  c.s.d.p.n.MusicPlayDetailContainer - 当前旋转角度: 暂停--95.0
13:12:51.301 [Thread-15] INFO  c.s.d.p.node.SearchResultContainer - 开始搜索关键词: 红
13:12:51.303 [Thread-15] INFO  c.s.d.common.utils.TuneHubApiUtils - 聚合搜索歌曲: 关键词=红
13:12:57.570 [Thread-15] INFO  c.s.d.p.node.SearchResultContainer - 搜索结果JSON: {"code":200,"message":"success","data":{"keyword":"红","limit":10,"page":1,"platforms":["netease","qq","kuwo"],"platformStats":{"netease":{"success":false,"count":0,"duration":25,"error":"搜索失败"},"qq":{"success":false,"count":0,"duration":6204,"error":"搜索 \"红\" 失败: connect ECONNREFUSED 38.175.197.155:8888"},"kuwo":{"success":true,"count":10,"duration":43,"error":null}},"total":10,"results":[{"id":"528756516","name":"红","artist":"端端Duan","album":"红","platform":"kuwo","url":"https://music-dl.sayqz.com/api/?source=kuwo&id=528756516&type=url","pic":"https://music-dl.sayqz.com/api/?source=kuwo&id=528756516&type=pic","lrc":"https://music-dl.sayqz.com/api/?source=kuwo&id=528756516&type=lrc"},{"id":"532409674","name":"红","artist":"杨云晰","album":"红","platform":"kuwo","url":"https://music-dl.sayqz.com/api/?source=kuwo&id=532409674&type=url","pic":"https://music-dl.sayqz.com/api/?source=kuwo&id=532409674&type=pic","lrc":"https://music-dl.sayqz.com/api/?source=kuwo&id=532409674&type=lrc"},{"id":"16644260","name":"红昭愿","artist":"音阙诗听","album":"诗","platform":"kuwo","url":"https://music-dl.sayqz.com/api/?source=kuwo&id=16644260&type=url","pic":"https://music-dl.sayqz.com/api/?source=kuwo&id=16644260&type=pic","lrc":"https://music-dl.sayqz.com/api/?source=kuwo&id=16644260&type=lrc"},{"id":"442279457","name":"红","artist":"毛不易","album":"蜀锦人家 影视原声带","platform":"kuwo","url":"https://music-dl.sayqz.com/api/?source=kuwo&id=442279457&type=url","pic":"https://music-dl.sayqz.com/api/?source=kuwo&id=442279457&type=pic","lrc":"https://music-dl.sayqz.com/api/?source=kuwo&id=442279457&type=lrc"},{"id":"532025205","name":"红","artist":"余空","album":"红","platform":"kuwo","url":"https://music-dl.sayqz.com/api/?source=kuwo&id=532025205&type=url","pic":"https://music-dl.sayqz.com/api/?source=kuwo&id=532025205&type=pic","lrc":"https://music-dl.sayqz.com/api/?source=kuwo&id=532025205&type=lrc"},{"id":"6489493","name":"Red","artist":"Taylor Swift","album":"Red","platform":"kuwo","url":"https://music-dl.sayqz.com/api/?source=kuwo&id=6489493&type=url","pic":"https://music-dl.sayqz.com/api/?source=kuwo&id=6489493&type=pic","lrc":"https://music-dl.sayqz.com/api/?source=kuwo&id=6489493&type=lrc"},{"id":"533160481","name":"华丽的红房间发霉的旧唱片dj","artist":"DJ铁柱","album":"攻击力不够我一律视为情调dj","platform":"kuwo","url":"https://music-dl.sayqz.com/api/?source=kuwo&id=533160481&type=url","pic":"https://music-dl.sayqz.com/api/?source=kuwo&id=533160481&type=pic","lrc":"https://music-dl.sayqz.com/api/?source=kuwo&id=533160481&type=lrc"},{"id":"534072672","name":"动了情的心千疮百孔 (泪还没有干眼又泛红)","artist":"艺凌","album":"动了情的心千疮百孔 (泪还没有干眼又泛红)","platform":"kuwo","url":"https://music-dl.sayqz.com/api/?source=kuwo&id=534072672&type=url","pic":"https://music-dl.sayqz.com/api/?source=kuwo&id=534072672&type=pic","lrc":"https://music-dl.sayqz.com/api/?source=kuwo&id=534072672&type=lrc"},{"id":"534766902","name":"红 (cover: 张国荣)","artist":"Mr蘑菇","album":"蘑菇精选cover集","platform":"kuwo","url":"https://music-dl.sayqz.com/api/?source=kuwo&id=534766902&type=url","pic":"https://music-dl.sayqz.com/api/?source=kuwo&id=534766902&type=pic","lrc":"https://music-dl.sayqz.com/api/?source=kuwo&id=534766902&type=lrc"},{"id":"534515605","name":"红玫瑰 (R&B版)","artist":"ProdbyMend、汤另海","album":"抖音流行热歌精选","platform":"kuwo","url":"https://music-dl.sayqz.com/api/?source=kuwo&id=534515605&type=url","pic":"https://music-dl.sayqz.com/api/?source=kuwo&id=534515605&type=pic","lrc":"https://music-dl.sayqz.com/api/?source=kuwo&id=534515605&type=lrc"}]},"timestamp":"2026-01-23T13:12:56.281+08:00"}
13:12:57.572 [Thread-15] INFO  c.s.d.p.node.SearchResultContainer - 搜索结果数量: 10
13:13:07.085 [JavaFX Application Thread] INFO  c.s.d.p.node.SearchResultContainer - 下载歌曲: 音阙诗听 - 红昭愿
13:16:14.141 [JavaFX Application Thread] INFO  com.stickpoint.ddmusic.App - === 应用启动调试信息 ===
13:16:14.144 [JavaFX Application Thread] INFO  com.stickpoint.ddmusic.App - Java 版本: 21.0.8
13:16:14.144 [JavaFX Application Thread] INFO  com.stickpoint.ddmusic.App - JavaFX 版本: 21.0.7
13:16:14.145 [JavaFX Application Thread] INFO  com.stickpoint.ddmusic.App - 工作目录: E:\codeData\javaProject\javafx-ddmusic\ddmuisc2
13:16:14.145 [JavaFX Application Thread] INFO  com.stickpoint.ddmusic.App - 1. 开始创建 HomePage
13:16:15.547 [JavaFX Application Thread] INFO  c.s.d.p.n.MusicPlayDetailContainer - 旋转角度: 60.0
13:16:15.701 [JavaFX Application Thread] INFO  com.stickpoint.ddmusic.App - 2. HomePage 创建成功
13:16:15.703 [JavaFX Application Thread] INFO  com.stickpoint.ddmusic.App - 3. 开始创建场景
13:16:15.760 [JavaFX Application Thread] INFO  com.stickpoint.ddmusic.App - 4. 场景创建成功
13:16:15.760 [JavaFX Application Thread] INFO  com.stickpoint.ddmusic.App - 5. 设置舞台属性
13:16:15.762 [JavaFX Application Thread] INFO  com.stickpoint.ddmusic.App - 6. 舞台属性设置完成
13:16:15.763 [JavaFX Application Thread] INFO  com.stickpoint.ddmusic.App - 7. 加载图标
13:16:15.764 [JavaFX Application Thread] INFO  com.stickpoint.ddmusic.App - 图标URL: file:/E:/codeData/javaProject/javafx-ddmusic/ddmuisc2/target/classes/img/logo.svg
13:16:15.765 [JavaFX Application Thread] INFO  com.stickpoint.ddmusic.App - 8. 图标加载成功
13:16:15.766 [JavaFX Application Thread] INFO  com.stickpoint.ddmusic.App - 9. 显示舞台
13:16:16.169 [JavaFX Application Thread] INFO  com.stickpoint.ddmusic.App - 10. 添加窗口缩放支持
13:16:16.172 [JavaFX Application Thread] INFO  com.stickpoint.ddmusic.App - 11. 居中显示
13:16:16.174 [JavaFX Application Thread] INFO  com.stickpoint.ddmusic.App - 12. 应用启动完成
13:17:03.624 [Thread-10] INFO  c.s.d.p.node.SearchResultContainer - 开始搜索关键词: 红昭愿
13:17:03.628 [Thread-10] INFO  c.s.d.common.utils.TuneHubApiUtils - 聚合搜索歌曲: 关键词=红昭愿
13:17:10.074 [Thread-10] INFO  c.s.d.p.node.SearchResultContainer - 搜索结果JSON: {"code":200,"message":"success","data":{"keyword":"红昭愿","limit":10,"page":1,"platforms":["netease","qq","kuwo"],"platformStats":{"netease":{"success":false,"count":0,"duration":27,"error":"搜索失败"},"qq":{"success":false,"count":0,"duration":6202,"error":"搜索 \"红昭愿\" 失败: connect ECONNREFUSED 38.175.197.155:8888"},"kuwo":{"success":true,"count":10,"duration":177,"error":null}},"total":10,"results":[{"id":"16644260","name":"红昭愿","artist":"音阙诗听","album":"诗","platform":"kuwo","url":"https://music-dl.sayqz.com/api/?source=kuwo&id=16644260&type=url","pic":"https://music-dl.sayqz.com/api/?source=kuwo&id=16644260&type=pic","lrc":"https://music-dl.sayqz.com/api/?source=kuwo&id=16644260&type=lrc"},{"id":"381180105","name":"红昭愿 (DJ版)","artist":"DJ半夏","album":"红昭愿（DJ版）","platform":"kuwo","url":"https://music-dl.sayqz.com/api/?source=kuwo&id=381180105&type=url","pic":"https://music-dl.sayqz.com/api/?source=kuwo&id=381180105&type=pic","lrc":"https://music-dl.sayqz.com/api/?source=kuwo&id=381180105&type=lrc"},{"id":"46724355","name":"红昭愿 (高音质版)","artist":"音阙诗听、王梓钰","album":"诗","platform":"kuwo","url":"https://music-dl.sayqz.com/api/?source=kuwo&id=46724355&type=url","pic":"https://music-dl.sayqz.com/api/?source=kuwo&id=46724355&type=pic","lrc":"https://music-dl.sayqz.com/api/?source=kuwo&id=46724355&type=lrc"},{"id":"60645272","name":"红昭愿 (Live)","artist":"鞠婧祎","album":"国风美少年 第5期","platform":"kuwo","url":"https://music-dl.sayqz.com/api/?source=kuwo&id=60645272&type=url","pic":"https://music-dl.sayqz.com/api/?source=kuwo&id=60645272&type=pic","lrc":"https://music-dl.sayqz.com/api/?source=kuwo&id=60645272&type=lrc"},{"id":"66422192","name":"红昭愿","artist":"封茗囧菌","album":"","platform":"kuwo","url":"https://music-dl.sayqz.com/api/?source=kuwo&id=66422192&type=url","pic":"https://music-dl.sayqz.com/api/?source=kuwo&id=66422192&type=pic","lrc":"https://music-dl.sayqz.com/api/?source=kuwo&id=66422192&type=lrc"},{"id":"368556574","name":"红昭愿 (0.8x|DJ Wave版)","artist":"DJ Wave","album":"","platform":"kuwo","url":"https://music-dl.sayqz.com/api/?source=kuwo&id=368556574&type=url","pic":"https://music-dl.sayqz.com/api/?source=kuwo&id=368556574&type=pic","lrc":"https://music-dl.sayqz.com/api/?source=kuwo&id=368556574&type=lrc"},{"id":"441183293","name":"红昭愿 (1.1x何年东君迟来久)","artist":"音阙诗听","album":"有趣的音乐实验室","platform":"kuwo","url":"https://music-dl.sayqz.com/api/?source=kuwo&id=441183293&type=url","pic":"https://music-dl.sayqz.com/api/?source=kuwo&id=441183293&type=pic","lrc":"https://music-dl.sayqz.com/api/?source=kuwo&id=441183293&type=lrc"},{"id":"79544236","name":"红昭愿","artist":"锦零、音阙诗听、居里里、程佳敏","album":"","platform":"kuwo","url":"https://music-dl.sayqz.com/api/?source=kuwo&id=79544236&type=url","pic":"https://music-dl.sayqz.com/api/?source=kuwo&id=79544236&type=pic","lrc":"https://music-dl.sayqz.com/api/?source=kuwo&id=79544236&type=lrc"},{"id":"150941122","name":"红昭愿","artist":"李玉刚","album":"红昭愿","platform":"kuwo","url":"https://music-dl.sayqz.com/api/?source=kuwo&id=150941122&type=url","pic":"https://music-dl.sayqz.com/api/?source=kuwo&id=150941122&type=pic","lrc":"https://music-dl.sayqz.com/api/?source=kuwo&id=150941122&type=lrc"},{"id":"363720067","name":"红昭愿 (0.8x版) (0.8x版|DJ赵允哲版)","artist":"音阙诗听、赵允哲","album":"","platform":"kuwo","url":"https://music-dl.sayqz.com/api/?source=kuwo&id=363720067&type=url","pic":"https://music-dl.sayqz.com/api/?source=kuwo&id=363720067&type=pic","lrc":"https://music-dl.sayqz.com/api/?source=kuwo&id=363720067&type=lrc"}]},"timestamp":"2026-01-23T13:17:08.783+08:00"}
13:17:10.080 [Thread-10] INFO  c.s.d.p.node.SearchResultContainer - 搜索结果数量: 10
13:17:13.371 [JavaFX Application Thread] INFO  c.s.d.p.node.SearchResultContainer - 播放歌曲: 音阙诗听 - 红昭愿
13:17:13.593 [JavaFX Application Thread] INFO  c.s.d.p.n.MusicPlayDetailContainer - 当前旋转角度: 暂停--95.0
13:18:04.891 [JavaFX Application Thread] INFO  c.s.d.p.n.MusicPlayDetailContainer - 暂停旋转
13:18:04.891 [JavaFX Application Thread] INFO  c.s.d.p.n.MusicPlayDetailContainer - 当前播放状态: PAUSED
13:18:04.892 [JavaFX Application Thread] INFO  c.s.d.p.n.MusicPlayDetailContainer - 当前旋转角度: 播放--95.0
13:18:05.755 [JavaFX Application Thread] INFO  c.s.d.p.n.MusicPlayDetailContainer - 当前旋转角度: 暂停--95.0
13:18:22.045 [Thread-3767] INFO  c.s.d.p.node.SearchResultContainer - 开始搜索关键词: 我的名字
13:18:22.045 [Thread-3767] INFO  c.s.d.common.utils.TuneHubApiUtils - 聚合搜索歌曲: 关键词=我的名字
13:18:28.443 [Thread-3767] INFO  c.s.d.p.node.SearchResultContainer - 搜索结果JSON: {"code":200,"message":"success","data":{"keyword":"我的名字","limit":10,"page":1,"platforms":["netease","qq","kuwo"],"platformStats":{"netease":{"success":false,"count":0,"duration":25,"error":"搜索失败"},"qq":{"success":false,"count":0,"duration":6200,"error":"搜索 \"我的名字\" 失败: connect ECONNREFUSED 38.175.197.155:8888"},"kuwo":{"success":true,"count":10,"duration":219,"error":null}},"total":10,"results":[{"id":"41293622","name":"我的名字","artist":"焦迈奇","album":"我的名字","platform":"kuwo","url":"https://music-dl.sayqz.com/api/?source=kuwo&id=41293622&type=url","pic":"https://music-dl.sayqz.com/api/?source=kuwo&id=41293622&type=pic","lrc":"https://music-dl.sayqz.com/api/?source=kuwo&id=41293622&type=lrc"},{"id":"489299839","name":"我的名字 (Live)","artist":"马嘉祺、丁程鑫","album":"「加冠礼」演唱会-「冠军」大连站LIVE音频","platform":"kuwo","url":"https://music-dl.sayqz.com/api/?source=kuwo&id=489299839&type=url","pic":"https://music-dl.sayqz.com/api/?source=kuwo&id=489299839&type=pic","lrc":"https://music-dl.sayqz.com/api/?source=kuwo&id=489299839&type=lrc"},{"id":"386598853","name":"我的名字 (Live)","artist":"梁咏琪、陈立农","album":"天赐的声音第五季 第9期","platform":"kuwo","url":"https://music-dl.sayqz.com/api/?source=kuwo&id=386598853&type=url","pic":"https://music-dl.sayqz.com/api/?source=kuwo&id=386598853&type=pic","lrc":"https://music-dl.sayqz.com/api/?source=kuwo&id=386598853&type=lrc"},{"id":"75906399","name":"我的名字 (Live)","artist":"斯丹曼簇","album":"2019中国好声音 第7期","platform":"kuwo","url":"https://music-dl.sayqz.com/api/?source=kuwo&id=75906399&type=url","pic":"https://music-dl.sayqz.com/api/?source=kuwo&id=75906399&type=pic","lrc":"https://music-dl.sayqz.com/api/?source=kuwo&id=75906399&type=lrc"},{"id":"513898960","name":"我的名字叫郝有才","artist":"天舒很硬-天舒班","album":"","platform":"kuwo","url":"https://music-dl.sayqz.com/api/?source=kuwo&id=513898960&type=url","pic":"https://music-dl.sayqz.com/api/?source=kuwo&id=513898960&type=pic","lrc":"https://music-dl.sayqz.com/api/?source=kuwo&id=513898960&type=lrc"},{"id":"141023925","name":"我的名字","artist":"旺仔小乔","album":"我的名字","platform":"kuwo","url":"https://music-dl.sayqz.com/api/?source=kuwo&id=141023925&type=url","pic":"https://music-dl.sayqz.com/api/?source=kuwo&id=141023925&type=pic","lrc":"https://music-dl.sayqz.com/api/?source=kuwo&id=141023925&type=lrc"},{"id":"514797087","name":"我的名字叫郝有才","artist":"郝有才","album":"我的名字叫郝有才","platform":"kuwo","url":"https://music-dl.sayqz.com/api/?source=kuwo&id=514797087&type=url","pic":"https://music-dl.sayqz.com/api/?source=kuwo&id=514797087&type=pic","lrc":"https://music-dl.sayqz.com/api/?source=kuwo&id=514797087&type=lrc"},{"id":"514509080","name":"我的名字叫郝有才（是个没人管的小孩）","artist":"郝有才","album":"没人管的小孩（我的名字叫郝有才）","platform":"kuwo","url":"https://music-dl.sayqz.com/api/?source=kuwo&id=514509080&type=url","pic":"https://music-dl.sayqz.com/api/?source=kuwo&id=514509080&type=pic","lrc":"https://music-dl.sayqz.com/api/?source=kuwo&id=514509080&type=lrc"},{"id":"76269","name":"我的名字","artist":"伍佰 、 China Blue","album":"顺流逆流电影原声带","platform":"kuwo","url":"https://music-dl.sayqz.com/api/?source=kuwo&id=76269&type=url","pic":"https://music-dl.sayqz.com/api/?source=kuwo&id=76269&type=pic","lrc":"https://music-dl.sayqz.com/api/?source=kuwo&id=76269&type=lrc"},{"id":"514439961","name":"没人管的小孩（我的名字叫郝有才）","artist":"郝有才","album":"没人管的小孩（我的名字叫郝有才）","platform":"kuwo","url":"https://music-dl.sayqz.com/api/?source=kuwo&id=514439961&type=url","pic":"https://music-dl.sayqz.com/api/?source=kuwo&id=514439961&type=pic","lrc":"https://music-dl.sayqz.com/api/?source=kuwo&id=514439961&type=lrc"}]},"timestamp":"2026-01-23T13:18:27.147+08:00"}
13:18:28.445 [Thread-3767] INFO  c.s.d.p.node.SearchResultContainer - 搜索结果数量: 10
13:18:30.467 [JavaFX Application Thread] INFO  c.s.d.p.node.SearchResultContainer - 播放歌曲: 焦迈奇 - 我的名字
13:18:30.626 [JavaFX Application Thread] INFO  c.s.d.p.n.MusicPlayDetailContainer - 暂停旋转
13:18:30.626 [JavaFX Application Thread] INFO  c.s.d.p.n.MusicPlayDetailContainer - 当前播放状态: STOPPED
13:18:30.627 [JavaFX Application Thread] INFO  c.s.d.p.n.MusicPlayDetailContainer - 当前旋转角度: 播放--95.0
13:18:30.771 [JavaFX Application Thread] INFO  c.s.d.p.n.MusicPlayDetailContainer - 当前旋转角度: 暂停--95.0
13:46:48.279 [JavaFX Application Thread] INFO  com.stickpoint.ddmusic.App - === 应用启动调试信息 ===
13:46:48.282 [JavaFX Application Thread] INFO  com.stickpoint.ddmusic.App - Java 版本: 21.0.8
13:46:48.282 [JavaFX Application Thread] INFO  com.stickpoint.ddmusic.App - JavaFX 版本: 21.0.7
13:46:48.282 [JavaFX Application Thread] INFO  com.stickpoint.ddmusic.App - 工作目录: E:\codeData\javaProject\javafx-ddmusic\ddmuisc2
13:46:48.282 [JavaFX Application Thread] INFO  com.stickpoint.ddmusic.App - 1. 开始创建 HomePage
13:46:49.517 [JavaFX Application Thread] INFO  c.s.d.p.n.MusicPlayDetailContainer - 旋转角度: 60.0
13:46:49.741 [JavaFX Application Thread] INFO  com.stickpoint.ddmusic.App - 2. HomePage 创建成功
13:46:49.742 [JavaFX Application Thread] INFO  com.stickpoint.ddmusic.App - 3. 开始创建场景
13:46:49.799 [JavaFX Application Thread] INFO  com.stickpoint.ddmusic.App - 4. 场景创建成功
13:46:49.799 [JavaFX Application Thread] INFO  com.stickpoint.ddmusic.App - 5. 设置舞台属性
13:46:49.800 [JavaFX Application Thread] INFO  com.stickpoint.ddmusic.App - 6. 舞台属性设置完成
13:46:49.801 [JavaFX Application Thread] INFO  com.stickpoint.ddmusic.App - 7. 加载图标
13:46:49.802 [JavaFX Application Thread] INFO  com.stickpoint.ddmusic.App - 图标URL: file:/E:/codeData/javaProject/javafx-ddmusic/ddmuisc2/target/classes/img/logo.svg
13:46:49.805 [JavaFX Application Thread] INFO  com.stickpoint.ddmusic.App - 8. 图标加载成功
13:46:49.806 [JavaFX Application Thread] INFO  com.stickpoint.ddmusic.App - 9. 显示舞台
13:46:50.249 [JavaFX Application Thread] INFO  com.stickpoint.ddmusic.App - 10. 添加窗口缩放支持
13:46:50.252 [JavaFX Application Thread] INFO  com.stickpoint.ddmusic.App - 11. 居中显示
13:46:50.253 [JavaFX Application Thread] INFO  com.stickpoint.ddmusic.App - 12. 应用启动完成
13:52:59.436 [Thread-10] INFO  c.s.d.p.node.SearchResultContainer - 开始搜索关键词: 我的名字
13:52:59.440 [Thread-10] INFO  c.s.d.common.utils.TuneHubApiUtils - 聚合搜索歌曲: 关键词=我的名字
13:53:05.901 [Thread-10] INFO  c.s.d.p.node.SearchResultContainer - 搜索结果JSON: {"code":200,"message":"success","data":{"keyword":"我的名字","limit":10,"page":1,"platforms":["netease","qq","kuwo"],"platformStats":{"netease":{"success":false,"count":0,"duration":22,"error":"搜索失败"},"qq":{"success":false,"count":0,"duration":6202,"error":"搜索 \"我的名字\" 失败: connect ECONNREFUSED 38.175.197.155:8888"},"kuwo":{"success":true,"count":10,"duration":282,"error":null}},"total":10,"results":[{"id":"41293622","name":"我的名字","artist":"焦迈奇","album":"我的名字","platform":"kuwo","url":"https://music-dl.sayqz.com/api/?source=kuwo&id=41293622&type=url","pic":"https://music-dl.sayqz.com/api/?source=kuwo&id=41293622&type=pic","lrc":"https://music-dl.sayqz.com/api/?source=kuwo&id=41293622&type=lrc"},{"id":"489299839","name":"我的名字 (Live)","artist":"马嘉祺、丁程鑫","album":"「加冠礼」演唱会-「冠军」大连站LIVE音频","platform":"kuwo","url":"https://music-dl.sayqz.com/api/?source=kuwo&id=489299839&type=url","pic":"https://music-dl.sayqz.com/api/?source=kuwo&id=489299839&type=pic","lrc":"https://music-dl.sayqz.com/api/?source=kuwo&id=489299839&type=lrc"},{"id":"386598853","name":"我的名字 (Live)","artist":"梁咏琪、陈立农","album":"天赐的声音第五季 第9期","platform":"kuwo","url":"https://music-dl.sayqz.com/api/?source=kuwo&id=386598853&type=url","pic":"https://music-dl.sayqz.com/api/?source=kuwo&id=386598853&type=pic","lrc":"https://music-dl.sayqz.com/api/?source=kuwo&id=386598853&type=lrc"},{"id":"75906399","name":"我的名字 (Live)","artist":"斯丹曼簇","album":"2019中国好声音 第7期","platform":"kuwo","url":"https://music-dl.sayqz.com/api/?source=kuwo&id=75906399&type=url","pic":"https://music-dl.sayqz.com/api/?source=kuwo&id=75906399&type=pic","lrc":"https://music-dl.sayqz.com/api/?source=kuwo&id=75906399&type=lrc"},{"id":"513898960","name":"我的名字叫郝有才","artist":"天舒很硬-天舒班","album":"","platform":"kuwo","url":"https://music-dl.sayqz.com/api/?source=kuwo&id=513898960&type=url","pic":"https://music-dl.sayqz.com/api/?source=kuwo&id=513898960&type=pic","lrc":"https://music-dl.sayqz.com/api/?source=kuwo&id=513898960&type=lrc"},{"id":"141023925","name":"我的名字","artist":"旺仔小乔","album":"我的名字","platform":"kuwo","url":"https://music-dl.sayqz.com/api/?source=kuwo&id=141023925&type=url","pic":"https://music-dl.sayqz.com/api/?source=kuwo&id=141023925&type=pic","lrc":"https://music-dl.sayqz.com/api/?source=kuwo&id=141023925&type=lrc"},{"id":"514797087","name":"我的名字叫郝有才","artist":"郝有才","album":"我的名字叫郝有才","platform":"kuwo","url":"https://music-dl.sayqz.com/api/?source=kuwo&id=514797087&type=url","pic":"https://music-dl.sayqz.com/api/?source=kuwo&id=514797087&type=pic","lrc":"https://music-dl.sayqz.com/api/?source=kuwo&id=514797087&type=lrc"},{"id":"514509080","name":"我的名字叫郝有才（是个没人管的小孩）","artist":"郝有才","album":"没人管的小孩（我的名字叫郝有才）","platform":"kuwo","url":"https://music-dl.sayqz.com/api/?source=kuwo&id=514509080&type=url","pic":"https://music-dl.sayqz.com/api/?source=kuwo&id=514509080&type=pic","lrc":"https://music-dl.sayqz.com/api/?source=kuwo&id=514509080&type=lrc"},{"id":"76269","name":"我的名字","artist":"伍佰 、 China Blue","album":"顺流逆流电影原声带","platform":"kuwo","url":"https://music-dl.sayqz.com/api/?source=kuwo&id=76269&type=url","pic":"https://music-dl.sayqz.com/api/?source=kuwo&id=76269&type=pic","lrc":"https://music-dl.sayqz.com/api/?source=kuwo&id=76269&type=lrc"},{"id":"514439961","name":"没人管的小孩（我的名字叫郝有才）","artist":"郝有才","album":"没人管的小孩（我的名字叫郝有才）","platform":"kuwo","url":"https://music-dl.sayqz.com/api/?source=kuwo&id=514439961&type=url","pic":"https://music-dl.sayqz.com/api/?source=kuwo&id=514439961&type=pic","lrc":"https://music-dl.sayqz.com/api/?source=kuwo&id=514439961&type=lrc"}]},"timestamp":"2026-01-23T13:53:04.599+08:00"}
13:53:05.910 [Thread-10] INFO  c.s.d.p.node.SearchResultContainer - 搜索结果数量: 10
13:53:40.027 [JavaFX Application Thread] INFO  c.s.d.p.node.SearchResultContainer - 播放歌曲: 焦迈奇 - 我的名字
13:53:40.300 [JavaFX Application Thread] INFO  c.s.d.p.n.MusicPlayDetailContainer - 当前旋转角度: 暂停--95.0
13:54:07.531 [JavaFX Application Thread] INFO  c.s.d.p.n.MusicPlayDetailContainer - 暂停旋转
13:54:07.532 [JavaFX Application Thread] INFO  c.s.d.p.n.MusicPlayDetailContainer - 当前播放状态: PAUSED
13:54:07.533 [JavaFX Application Thread] INFO  c.s.d.p.n.MusicPlayDetailContainer - 当前旋转角度: 播放--95.0
13:55:50.750 [JavaFX Application Thread] INFO  com.stickpoint.ddmusic.App - === 应用启动调试信息 ===
13:55:50.755 [JavaFX Application Thread] INFO  com.stickpoint.ddmusic.App - Java 版本: 21.0.8
13:55:50.756 [JavaFX Application Thread] INFO  com.stickpoint.ddmusic.App - JavaFX 版本: 21.0.7
13:55:50.756 [JavaFX Application Thread] INFO  com.stickpoint.ddmusic.App - 工作目录: E:\codeData\javaProject\javafx-ddmusic\ddmuisc2
13:55:50.757 [JavaFX Application Thread] INFO  com.stickpoint.ddmusic.App - 1. 开始创建 HomePage
13:55:51.883 [JavaFX Application Thread] INFO  c.s.d.p.n.MusicPlayDetailContainer - 旋转角度: 60.0
13:55:52.049 [JavaFX Application Thread] INFO  com.stickpoint.ddmusic.App - 2. HomePage 创建成功
13:55:52.049 [JavaFX Application Thread] INFO  com.stickpoint.ddmusic.App - 3. 开始创建场景
13:55:52.115 [JavaFX Application Thread] INFO  com.stickpoint.ddmusic.App - 4. 场景创建成功
13:55:52.115 [JavaFX Application Thread] INFO  com.stickpoint.ddmusic.App - 5. 设置舞台属性
13:55:52.116 [JavaFX Application Thread] INFO  com.stickpoint.ddmusic.App - 6. 舞台属性设置完成
13:55:52.117 [JavaFX Application Thread] INFO  com.stickpoint.ddmusic.App - 7. 加载图标
13:55:52.118 [JavaFX Application Thread] INFO  com.stickpoint.ddmusic.App - 图标URL: file:/E:/codeData/javaProject/javafx-ddmusic/ddmuisc2/target/classes/img/logo.svg
13:55:52.120 [JavaFX Application Thread] INFO  com.stickpoint.ddmusic.App - 8. 图标加载成功
13:55:52.120 [JavaFX Application Thread] INFO  com.stickpoint.ddmusic.App - 9. 显示舞台
13:55:52.568 [JavaFX Application Thread] INFO  com.stickpoint.ddmusic.App - 10. 添加窗口缩放支持
13:55:52.571 [JavaFX Application Thread] INFO  com.stickpoint.ddmusic.App - 11. 居中显示
13:55:52.572 [JavaFX Application Thread] INFO  com.stickpoint.ddmusic.App - 12. 应用启动完成
13:58:25.074 [Thread-10] INFO  c.s.d.p.node.SearchResultContainer - 开始搜索关键词: 我的名字
13:58:25.076 [Thread-10] INFO  c.s.d.common.utils.TuneHubApiUtils - 聚合搜索歌曲: 关键词=我的名字
13:58:31.564 [Thread-10] INFO  c.s.d.p.node.SearchResultContainer - 搜索结果JSON: {"code":200,"message":"success","data":{"keyword":"我的名字","limit":10,"page":1,"platforms":["netease","qq","kuwo"],"platformStats":{"netease":{"success":false,"count":0,"duration":22,"error":"搜索失败"},"qq":{"success":false,"count":0,"duration":6205,"error":"搜索 \"我的名字\" 失败: connect ECONNREFUSED 38.175.197.155:8888"},"kuwo":{"success":true,"count":10,"duration":42,"error":null}},"total":10,"results":[{"id":"41293622","name":"我的名字","artist":"焦迈奇","album":"我的名字","platform":"kuwo","url":"https://music-dl.sayqz.com/api/?source=kuwo&id=41293622&type=url","pic":"https://music-dl.sayqz.com/api/?source=kuwo&id=41293622&type=pic","lrc":"https://music-dl.sayqz.com/api/?source=kuwo&id=41293622&type=lrc"},{"id":"489299839","name":"我的名字 (Live)","artist":"马嘉祺、丁程鑫","album":"「加冠礼」演唱会-「冠军」大连站LIVE音频","platform":"kuwo","url":"https://music-dl.sayqz.com/api/?source=kuwo&id=489299839&type=url","pic":"https://music-dl.sayqz.com/api/?source=kuwo&id=489299839&type=pic","lrc":"https://music-dl.sayqz.com/api/?source=kuwo&id=489299839&type=lrc"},{"id":"386598853","name":"我的名字 (Live)","artist":"梁咏琪、陈立农","album":"天赐的声音第五季 第9期","platform":"kuwo","url":"https://music-dl.sayqz.com/api/?source=kuwo&id=386598853&type=url","pic":"https://music-dl.sayqz.com/api/?source=kuwo&id=386598853&type=pic","lrc":"https://music-dl.sayqz.com/api/?source=kuwo&id=386598853&type=lrc"},{"id":"75906399","name":"我的名字 (Live)","artist":"斯丹曼簇","album":"2019中国好声音 第7期","platform":"kuwo","url":"https://music-dl.sayqz.com/api/?source=kuwo&id=75906399&type=url","pic":"https://music-dl.sayqz.com/api/?source=kuwo&id=75906399&type=pic","lrc":"https://music-dl.sayqz.com/api/?source=kuwo&id=75906399&type=lrc"},{"id":"513898960","name":"我的名字叫郝有才","artist":"天舒很硬-天舒班","album":"","platform":"kuwo","url":"https://music-dl.sayqz.com/api/?source=kuwo&id=513898960&type=url","pic":"https://music-dl.sayqz.com/api/?source=kuwo&id=513898960&type=pic","lrc":"https://music-dl.sayqz.com/api/?source=kuwo&id=513898960&type=lrc"},{"id":"141023925","name":"我的名字","artist":"旺仔小乔","album":"我的名字","platform":"kuwo","url":"https://music-dl.sayqz.com/api/?source=kuwo&id=141023925&type=url","pic":"https://music-dl.sayqz.com/api/?source=kuwo&id=141023925&type=pic","lrc":"https://music-dl.sayqz.com/api/?source=kuwo&id=141023925&type=lrc"},{"id":"514797087","name":"我的名字叫郝有才","artist":"郝有才","album":"我的名字叫郝有才","platform":"kuwo","url":"https://music-dl.sayqz.com/api/?source=kuwo&id=514797087&type=url","pic":"https://music-dl.sayqz.com/api/?source=kuwo&id=514797087&type=pic","lrc":"https://music-dl.sayqz.com/api/?source=kuwo&id=514797087&type=lrc"},{"id":"514509080","name":"我的名字叫郝有才（是个没人管的小孩）","artist":"郝有才","album":"没人管的小孩（我的名字叫郝有才）","platform":"kuwo","url":"https://music-dl.sayqz.com/api/?source=kuwo&id=514509080&type=url","pic":"https://music-dl.sayqz.com/api/?source=kuwo&id=514509080&type=pic","lrc":"https://music-dl.sayqz.com/api/?source=kuwo&id=514509080&type=lrc"},{"id":"76269","name":"我的名字","artist":"伍佰 、 China Blue","album":"顺流逆流电影原声带","platform":"kuwo","url":"https://music-dl.sayqz.com/api/?source=kuwo&id=76269&type=url","pic":"https://music-dl.sayqz.com/api/?source=kuwo&id=76269&type=pic","lrc":"https://music-dl.sayqz.com/api/?source=kuwo&id=76269&type=lrc"},{"id":"514439961","name":"没人管的小孩（我的名字叫郝有才）","artist":"郝有才","album":"没人管的小孩（我的名字叫郝有才）","platform":"kuwo","url":"https://music-dl.sayqz.com/api/?source=kuwo&id=514439961&type=url","pic":"https://music-dl.sayqz.com/api/?source=kuwo&id=514439961&type=pic","lrc":"https://music-dl.sayqz.com/api/?source=kuwo&id=514439961&type=lrc"}]},"timestamp":"2026-01-23T13:58:30.256+08:00"}
13:58:31.573 [Thread-10] INFO  c.s.d.p.node.SearchResultContainer - 搜索结果数量: 10
13:58:33.315 [JavaFX Application Thread] INFO  c.s.d.p.node.SearchResultContainer - 播放歌曲: 焦迈奇 - 我的名字
13:58:33.504 [JavaFX Application Thread] INFO  c.s.d.p.n.MusicPlayDetailContainer - 加载专辑封面: https://music-dl.sayqz.com/api/?source=kuwo&id=41293622&type=pic
13:58:33.507 [JavaFX Application Thread] INFO  c.s.d.p.n.MusicPlayDetailContainer - 当前旋转角度: 暂停--95.0
13:58:33.704 [JavaFX Application Thread] ERROR c.s.d.p.n.MusicPlayDetailContainer - 专辑封面加载失败: https://music-dl.sayqz.com/api/?source=kuwo&id=41293622&type=pic
13:58:33.704 [JavaFX Application Thread] INFO  c.s.d.p.n.MusicPlayDetailContainer - 图片加载进度: 100%
13:58:33.705 [JavaFX Application Thread] INFO  c.s.d.p.n.MusicPlayDetailContainer - 图片加载完成，加入缓存
14:00:37.621 [JavaFX Application Thread] INFO  com.stickpoint.ddmusic.App - === 应用启动调试信息 ===
14:00:37.623 [JavaFX Application Thread] INFO  com.stickpoint.ddmusic.App - Java 版本: 21.0.8
14:00:37.624 [JavaFX Application Thread] INFO  com.stickpoint.ddmusic.App - JavaFX 版本: 21.0.7
14:00:37.624 [JavaFX Application Thread] INFO  com.stickpoint.ddmusic.App - 工作目录: E:\codeData\javaProject\javafx-ddmusic\ddmuisc2
14:00:37.624 [JavaFX Application Thread] INFO  com.stickpoint.ddmusic.App - 1. 开始创建 HomePage
14:00:38.871 [JavaFX Application Thread] INFO  c.s.d.p.n.MusicPlayDetailContainer - 旋转角度: 60.0
14:00:39.061 [JavaFX Application Thread] INFO  com.stickpoint.ddmusic.App - 2. HomePage 创建成功
14:00:39.061 [JavaFX Application Thread] INFO  com.stickpoint.ddmusic.App - 3. 开始创建场景
14:00:39.128 [JavaFX Application Thread] INFO  com.stickpoint.ddmusic.App - 4. 场景创建成功
14:00:39.129 [JavaFX Application Thread] INFO  com.stickpoint.ddmusic.App - 5. 设置舞台属性
14:00:39.130 [JavaFX Application Thread] INFO  com.stickpoint.ddmusic.App - 6. 舞台属性设置完成
14:00:39.131 [JavaFX Application Thread] INFO  com.stickpoint.ddmusic.App - 7. 加载图标
14:00:39.132 [JavaFX Application Thread] INFO  com.stickpoint.ddmusic.App - 图标URL: file:/E:/codeData/javaProject/javafx-ddmusic/ddmuisc2/target/classes/img/logo.svg
14:00:39.133 [JavaFX Application Thread] INFO  com.stickpoint.ddmusic.App - 8. 图标加载成功
14:00:39.134 [JavaFX Application Thread] INFO  com.stickpoint.ddmusic.App - 9. 显示舞台
14:00:39.554 [JavaFX Application Thread] INFO  com.stickpoint.ddmusic.App - 10. 添加窗口缩放支持
14:00:39.555 [JavaFX Application Thread] INFO  com.stickpoint.ddmusic.App - 11. 居中显示
14:00:39.556 [JavaFX Application Thread] INFO  com.stickpoint.ddmusic.App - 12. 应用启动完成
14:11:49.124 [Thread-10] INFO  c.s.d.p.node.SearchResultContainer - 开始搜索关键词: 我的名字
14:11:49.127 [Thread-10] INFO  c.s.d.common.utils.TuneHubApiUtils - 聚合搜索歌曲: 关键词=我的名字
14:11:55.615 [Thread-10] INFO  c.s.d.p.node.SearchResultContainer - 搜索结果JSON: {"code":200,"message":"success","data":{"keyword":"我的名字","limit":10,"page":1,"platforms":["netease","qq","kuwo"],"platformStats":{"netease":{"success":false,"count":0,"duration":24,"error":"搜索失败"},"qq":{"success":false,"count":0,"duration":6213,"error":"搜索 \"我的名字\" 失败: connect ECONNREFUSED 38.175.197.155:8888"},"kuwo":{"success":true,"count":10,"duration":39,"error":null}},"total":10,"results":[{"id":"41293622","name":"我的名字","artist":"焦迈奇","album":"我的名字","platform":"kuwo","url":"https://music-dl.sayqz.com/api/?source=kuwo&id=41293622&type=url","pic":"https://music-dl.sayqz.com/api/?source=kuwo&id=41293622&type=pic","lrc":"https://music-dl.sayqz.com/api/?source=kuwo&id=41293622&type=lrc"},{"id":"489299839","name":"我的名字 (Live)","artist":"马嘉祺、丁程鑫","album":"「加冠礼」演唱会-「冠军」大连站LIVE音频","platform":"kuwo","url":"https://music-dl.sayqz.com/api/?source=kuwo&id=489299839&type=url","pic":"https://music-dl.sayqz.com/api/?source=kuwo&id=489299839&type=pic","lrc":"https://music-dl.sayqz.com/api/?source=kuwo&id=489299839&type=lrc"},{"id":"386598853","name":"我的名字 (Live)","artist":"梁咏琪、陈立农","album":"天赐的声音第五季 第9期","platform":"kuwo","url":"https://music-dl.sayqz.com/api/?source=kuwo&id=386598853&type=url","pic":"https://music-dl.sayqz.com/api/?source=kuwo&id=386598853&type=pic","lrc":"https://music-dl.sayqz.com/api/?source=kuwo&id=386598853&type=lrc"},{"id":"75906399","name":"我的名字 (Live)","artist":"斯丹曼簇","album":"2019中国好声音 第7期","platform":"kuwo","url":"https://music-dl.sayqz.com/api/?source=kuwo&id=75906399&type=url","pic":"https://music-dl.sayqz.com/api/?source=kuwo&id=75906399&type=pic","lrc":"https://music-dl.sayqz.com/api/?source=kuwo&id=75906399&type=lrc"},{"id":"513898960","name":"我的名字叫郝有才","artist":"天舒很硬-天舒班","album":"","platform":"kuwo","url":"https://music-dl.sayqz.com/api/?source=kuwo&id=513898960&type=url","pic":"https://music-dl.sayqz.com/api/?source=kuwo&id=513898960&type=pic","lrc":"https://music-dl.sayqz.com/api/?source=kuwo&id=513898960&type=lrc"},{"id":"141023925","name":"我的名字","artist":"旺仔小乔","album":"我的名字","platform":"kuwo","url":"https://music-dl.sayqz.com/api/?source=kuwo&id=141023925&type=url","pic":"https://music-dl.sayqz.com/api/?source=kuwo&id=141023925&type=pic","lrc":"https://music-dl.sayqz.com/api/?source=kuwo&id=141023925&type=lrc"},{"id":"514797087","name":"我的名字叫郝有才","artist":"郝有才","album":"我的名字叫郝有才","platform":"kuwo","url":"https://music-dl.sayqz.com/api/?source=kuwo&id=514797087&type=url","pic":"https://music-dl.sayqz.com/api/?source=kuwo&id=514797087&type=pic","lrc":"https://music-dl.sayqz.com/api/?source=kuwo&id=514797087&type=lrc"},{"id":"514509080","name":"我的名字叫郝有才（是个没人管的小孩）","artist":"郝有才","album":"没人管的小孩（我的名字叫郝有才）","platform":"kuwo","url":"https://music-dl.sayqz.com/api/?source=kuwo&id=514509080&type=url","pic":"https://music-dl.sayqz.com/api/?source=kuwo&id=514509080&type=pic","lrc":"https://music-dl.sayqz.com/api/?source=kuwo&id=514509080&type=lrc"},{"id":"76269","name":"我的名字","artist":"伍佰 、 China Blue","album":"顺流逆流电影原声带","platform":"kuwo","url":"https://music-dl.sayqz.com/api/?source=kuwo&id=76269&type=url","pic":"https://music-dl.sayqz.com/api/?source=kuwo&id=76269&type=pic","lrc":"https://music-dl.sayqz.com/api/?source=kuwo&id=76269&type=lrc"},{"id":"514439961","name":"没人管的小孩（我的名字叫郝有才）","artist":"郝有才","album":"没人管的小孩（我的名字叫郝有才）","platform":"kuwo","url":"https://music-dl.sayqz.com/api/?source=kuwo&id=514439961&type=url","pic":"https://music-dl.sayqz.com/api/?source=kuwo&id=514439961&type=pic","lrc":"https://music-dl.sayqz.com/api/?source=kuwo&id=514439961&type=lrc"}]},"timestamp":"2026-01-23T14:11:54.308+08:00"}
14:11:55.624 [Thread-10] INFO  c.s.d.p.node.SearchResultContainer - 搜索结果数量: 10
14:11:57.283 [JavaFX Application Thread] INFO  c.s.d.p.node.SearchResultContainer - 播放歌曲: 焦迈奇 - 我的名字
14:11:57.463 [JavaFX Application Thread] INFO  c.s.d.p.n.MusicPlayDetailContainer - 加载专辑封面: https://music-dl.sayqz.com/api/?source=kuwo&id=41293622&type=pic
14:11:57.464 [JavaFX Application Thread] INFO  c.s.d.p.n.MusicPlayDetailContainer - 当前旋转角度: 暂停--95.0
14:11:57.682 [Thread-13] INFO  c.s.d.p.n.MusicPlayDetailContainer - 实际专辑封面URL: http://img1.kwcdn.kuwo.cn/star/albumcover/500/s4s10/56/3090337606.jpg
14:11:57.791 [JavaFX Application Thread] INFO  c.s.d.p.n.MusicPlayDetailContainer - 图片加载进度: 18%
14:11:57.814 [JavaFX Application Thread] INFO  c.s.d.p.n.MusicPlayDetailContainer - 图片加载进度: 35%
14:11:57.814 [JavaFX Application Thread] INFO  c.s.d.p.n.MusicPlayDetailContainer - 图片加载进度: 53%
14:11:57.815 [JavaFX Application Thread] INFO  c.s.d.p.n.MusicPlayDetailContainer - 图片加载进度: 71%
14:11:57.959 [JavaFX Application Thread] INFO  c.s.d.p.n.MusicPlayDetailContainer - 图片加载进度: 86%
14:11:57.960 [JavaFX Application Thread] INFO  c.s.d.p.n.MusicPlayDetailContainer - 图片加载进度: 100%
14:11:57.960 [JavaFX Application Thread] INFO  c.s.d.p.n.MusicPlayDetailContainer - 图片加载完成，加入缓存
14:15:41.027 [JavaFX Application Thread] INFO  c.s.d.p.n.MusicPlayDetailContainer - 暂停旋转
14:15:41.028 [JavaFX Application Thread] INFO  c.s.d.p.n.MusicPlayDetailContainer - 当前播放状态: PAUSED
14:15:41.029 [JavaFX Application Thread] INFO  c.s.d.p.n.MusicPlayDetailContainer - 当前旋转角度: 播放--95.0
14:35:13.237 [JavaFX Application Thread] INFO  com.stickpoint.ddmusic.App - === 应用启动调试信息 ===
14:35:13.240 [JavaFX Application Thread] INFO  com.stickpoint.ddmusic.App - Java 版本: 21.0.8
14:35:13.240 [JavaFX Application Thread] INFO  com.stickpoint.ddmusic.App - JavaFX 版本: 21.0.7
14:35:13.241 [JavaFX Application Thread] INFO  com.stickpoint.ddmusic.App - 工作目录: E:\codeData\javaProject\javafx-ddmusic\ddmuisc2
14:35:13.241 [JavaFX Application Thread] INFO  com.stickpoint.ddmusic.App - 1. 开始创建 HomePage
14:35:14.307 [JavaFX Application Thread] INFO  c.s.d.p.n.MusicPlayDetailContainer - 旋转角度: 60.0
14:35:14.487 [JavaFX Application Thread] INFO  com.stickpoint.ddmusic.App - 2. HomePage 创建成功
14:35:14.487 [JavaFX Application Thread] INFO  com.stickpoint.ddmusic.App - 3. 开始创建场景
14:35:14.535 [JavaFX Application Thread] INFO  com.stickpoint.ddmusic.App - 4. 场景创建成功
14:35:14.535 [JavaFX Application Thread] INFO  com.stickpoint.ddmusic.App - 5. 设置舞台属性
14:35:14.536 [JavaFX Application Thread] INFO  com.stickpoint.ddmusic.App - 6. 舞台属性设置完成
14:35:14.537 [JavaFX Application Thread] INFO  com.stickpoint.ddmusic.App - 7. 加载图标
14:35:14.538 [JavaFX Application Thread] INFO  com.stickpoint.ddmusic.App - 图标URL: file:/E:/codeData/javaProject/javafx-ddmusic/ddmuisc2/target/classes/img/logo.svg
14:35:14.541 [JavaFX Application Thread] INFO  com.stickpoint.ddmusic.App - 8. 图标加载成功
14:35:14.541 [JavaFX Application Thread] INFO  com.stickpoint.ddmusic.App - 9. 显示舞台
14:35:14.936 [JavaFX Application Thread] INFO  com.stickpoint.ddmusic.App - 10. 添加窗口缩放支持
14:35:14.939 [JavaFX Application Thread] INFO  com.stickpoint.ddmusic.App - 11. 居中显示
14:35:14.940 [JavaFX Application Thread] INFO  com.stickpoint.ddmusic.App - 12. 应用启动完成
14:37:16.521 [Thread-9] INFO  c.s.d.p.node.SearchResultContainer - 开始搜索关键词: 我的名字
14:37:16.526 [Thread-9] INFO  c.s.d.common.utils.TuneHubApiUtils - 聚合搜索歌曲: 关键词=我的名字
14:37:23.002 [Thread-9] INFO  c.s.d.p.node.SearchResultContainer - 搜索结果JSON: {"code":200,"message":"success","data":{"keyword":"我的名字","limit":10,"page":1,"platforms":["netease","qq","kuwo"],"platformStats":{"netease":{"success":false,"count":0,"duration":22,"error":"搜索失败"},"qq":{"success":false,"count":0,"duration":6197,"error":"搜索 \"我的名字\" 失败: connect ECONNREFUSED 38.175.197.155:8888"},"kuwo":{"success":true,"count":10,"duration":253,"error":null}},"total":10,"results":[{"id":"41293622","name":"我的名字","artist":"焦迈奇","album":"我的名字","platform":"kuwo","url":"https://music-dl.sayqz.com/api/?source=kuwo&id=41293622&type=url","pic":"https://music-dl.sayqz.com/api/?source=kuwo&id=41293622&type=pic","lrc":"https://music-dl.sayqz.com/api/?source=kuwo&id=41293622&type=lrc"},{"id":"489299839","name":"我的名字 (Live)","artist":"马嘉祺、丁程鑫","album":"「加冠礼」演唱会-「冠军」大连站LIVE音频","platform":"kuwo","url":"https://music-dl.sayqz.com/api/?source=kuwo&id=489299839&type=url","pic":"https://music-dl.sayqz.com/api/?source=kuwo&id=489299839&type=pic","lrc":"https://music-dl.sayqz.com/api/?source=kuwo&id=489299839&type=lrc"},{"id":"386598853","name":"我的名字 (Live)","artist":"梁咏琪、陈立农","album":"天赐的声音第五季 第9期","platform":"kuwo","url":"https://music-dl.sayqz.com/api/?source=kuwo&id=386598853&type=url","pic":"https://music-dl.sayqz.com/api/?source=kuwo&id=386598853&type=pic","lrc":"https://music-dl.sayqz.com/api/?source=kuwo&id=386598853&type=lrc"},{"id":"75906399","name":"我的名字 (Live)","artist":"斯丹曼簇","album":"2019中国好声音 第7期","platform":"kuwo","url":"https://music-dl.sayqz.com/api/?source=kuwo&id=75906399&type=url","pic":"https://music-dl.sayqz.com/api/?source=kuwo&id=75906399&type=pic","lrc":"https://music-dl.sayqz.com/api/?source=kuwo&id=75906399&type=lrc"},{"id":"513898960","name":"我的名字叫郝有才","artist":"天舒很硬-天舒班","album":"","platform":"kuwo","url":"https://music-dl.sayqz.com/api/?source=kuwo&id=513898960&type=url","pic":"https://music-dl.sayqz.com/api/?source=kuwo&id=513898960&type=pic","lrc":"https://music-dl.sayqz.com/api/?source=kuwo&id=513898960&type=lrc"},{"id":"141023925","name":"我的名字","artist":"旺仔小乔","album":"我的名字","platform":"kuwo","url":"https://music-dl.sayqz.com/api/?source=kuwo&id=141023925&type=url","pic":"https://music-dl.sayqz.com/api/?source=kuwo&id=141023925&type=pic","lrc":"https://music-dl.sayqz.com/api/?source=kuwo&id=141023925&type=lrc"},{"id":"514797087","name":"我的名字叫郝有才","artist":"郝有才","album":"我的名字叫郝有才","platform":"kuwo","url":"https://music-dl.sayqz.com/api/?source=kuwo&id=514797087&type=url","pic":"https://music-dl.sayqz.com/api/?source=kuwo&id=514797087&type=pic","lrc":"https://music-dl.sayqz.com/api/?source=kuwo&id=514797087&type=lrc"},{"id":"514509080","name":"我的名字叫郝有才（是个没人管的小孩）","artist":"郝有才","album":"没人管的小孩（我的名字叫郝有才）","platform":"kuwo","url":"https://music-dl.sayqz.com/api/?source=kuwo&id=514509080&type=url","pic":"https://music-dl.sayqz.com/api/?source=kuwo&id=514509080&type=pic","lrc":"https://music-dl.sayqz.com/api/?source=kuwo&id=514509080&type=lrc"},{"id":"76269","name":"我的名字","artist":"伍佰 、 China Blue","album":"顺流逆流电影原声带","platform":"kuwo","url":"https://music-dl.sayqz.com/api/?source=kuwo&id=76269&type=url","pic":"https://music-dl.sayqz.com/api/?source=kuwo&id=76269&type=pic","lrc":"https://music-dl.sayqz.com/api/?source=kuwo&id=76269&type=lrc"},{"id":"514439961","name":"没人管的小孩（我的名字叫郝有才）","artist":"郝有才","album":"没人管的小孩（我的名字叫郝有才）","platform":"kuwo","url":"https://music-dl.sayqz.com/api/?source=kuwo&id=514439961&type=url","pic":"https://music-dl.sayqz.com/api/?source=kuwo&id=514439961&type=pic","lrc":"https://music-dl.sayqz.com/api/?source=kuwo&id=514439961&type=lrc"}]},"timestamp":"2026-01-23T14:37:21.682+08:00"}
14:37:23.010 [Thread-9] INFO  c.s.d.p.node.SearchResultContainer - 搜索结果数量: 10
14:37:30.100 [JavaFX Application Thread] INFO  c.s.d.p.node.SearchResultContainer - 播放歌曲: 焦迈奇 - 我的名字
14:37:30.390 [JavaFX Application Thread] INFO  c.s.d.p.n.MusicPlayDetailContainer - 加载专辑封面: https://music-dl.sayqz.com/api/?source=kuwo&id=41293622&type=pic
14:37:30.391 [JavaFX Application Thread] INFO  c.s.d.p.n.MusicPlayDetailContainer - 当前旋转角度: 暂停--95.0
14:37:30.893 [Thread-12] INFO  c.s.d.p.n.MusicPlayDetailContainer - 实际专辑封面URL: http://img1.kwcdn.kuwo.cn/star/albumcover/500/s4s10/56/3090337606.jpg
14:37:30.971 [JavaFX Application Thread] INFO  c.s.d.p.n.MusicPlayDetailContainer - 图片加载进度: 18%
14:37:30.972 [JavaFX Application Thread] INFO  c.s.d.p.n.MusicPlayDetailContainer - 图片加载进度: 35%
14:37:30.972 [JavaFX Application Thread] INFO  c.s.d.p.n.MusicPlayDetailContainer - 图片加载进度: 53%
14:37:30.973 [JavaFX Application Thread] INFO  c.s.d.p.n.MusicPlayDetailContainer - 图片加载进度: 71%
14:37:30.973 [JavaFX Application Thread] INFO  c.s.d.p.n.MusicPlayDetailContainer - 图片加载进度: 87%
14:37:31.136 [JavaFX Application Thread] INFO  c.s.d.p.n.MusicPlayDetailContainer - 图片加载进度: 100%
14:37:31.136 [JavaFX Application Thread] INFO  c.s.d.p.n.MusicPlayDetailContainer - 图片加载完成，加入缓存
14:37:56.642 [Thread-5367] INFO  c.s.d.p.node.SearchResultContainer - 开始搜索关键词: hereb4
14:37:56.643 [Thread-5367] INFO  c.s.d.common.utils.TuneHubApiUtils - 聚合搜索歌曲: 关键词=hereb4
14:38:03.042 [Thread-5367] INFO  c.s.d.p.node.SearchResultContainer - 搜索结果JSON: {"code":200,"message":"success","data":{"keyword":"hereb4","limit":10,"page":1,"platforms":["netease","qq","kuwo"],"platformStats":{"netease":{"success":false,"count":0,"duration":27,"error":"搜索失败"},"qq":{"success":false,"count":0,"duration":6209,"error":"搜索 \"hereb4\" 失败: connect ECONNREFUSED 38.175.197.155:8888"},"kuwo":{"success":true,"count":10,"duration":283,"error":null}},"total":10,"results":[{"id":"71500403","name":"Here B4","artist":"JNR Williams","album":"Here B4","platform":"kuwo","url":"https://music-dl.sayqz.com/api/?source=kuwo&id=71500403&type=url","pic":"https://music-dl.sayqz.com/api/?source=kuwo&id=71500403&type=pic","lrc":"https://music-dl.sayqz.com/api/?source=kuwo&id=71500403&type=lrc"},{"id":"413078557","name":"Here B4","artist":"Conker1600","album":"Here B4","platform":"kuwo","url":"https://music-dl.sayqz.com/api/?source=kuwo&id=413078557&type=url","pic":"https://music-dl.sayqz.com/api/?source=kuwo&id=413078557&type=pic","lrc":"https://music-dl.sayqz.com/api/?source=kuwo&id=413078557&type=lrc"},{"id":"481283223","name":"here b4 (feat. merrick)","artist":"tigo、Merrick","album":"bananas","platform":"kuwo","url":"https://music-dl.sayqz.com/api/?source=kuwo&id=481283223&type=url","pic":"https://music-dl.sayqz.com/api/?source=kuwo&id=481283223&type=pic","lrc":"https://music-dl.sayqz.com/api/?source=kuwo&id=481283223&type=lrc"},{"id":"415853397","name":"Here B4","artist":"Sisi Viral","album":"Better Alone","platform":"kuwo","url":"https://music-dl.sayqz.com/api/?source=kuwo&id=415853397&type=url","pic":"https://music-dl.sayqz.com/api/?source=kuwo&id=415853397&type=pic","lrc":"https://music-dl.sayqz.com/api/?source=kuwo&id=415853397&type=lrc"},{"id":"470231567","name":"Here B4 (Explicit)","artist":"Sad YE","album":"Here B4 (Explicit)","platform":"kuwo","url":"https://music-dl.sayqz.com/api/?source=kuwo&id=470231567&type=url","pic":"https://music-dl.sayqz.com/api/?source=kuwo&id=470231567&type=pic","lrc":"https://music-dl.sayqz.com/api/?source=kuwo&id=470231567&type=lrc"},{"id":"527603657","name":"HERE 4 (feat. Obasi Jackson & Turbeazy) (Explicit)","artist":"Phyre、Obasi Jackson、Turbeazy","album":"Up All Night Till The Early Morning (Explicit)","platform":"kuwo","url":"https://music-dl.sayqz.com/api/?source=kuwo&id=527603657&type=url","pic":"https://music-dl.sayqz.com/api/?source=kuwo&id=527603657&type=pic","lrc":"https://music-dl.sayqz.com/api/?source=kuwo&id=527603657&type=lrc"},{"id":"419626317","name":"Here 4","artist":"Adorable_Anarchy","album":"It's Never The Same","platform":"kuwo","url":"https://music-dl.sayqz.com/api/?source=kuwo&id=419626317&type=url","pic":"https://music-dl.sayqz.com/api/?source=kuwo&id=419626317&type=pic","lrc":"https://music-dl.sayqz.com/api/?source=kuwo&id=419626317&type=lrc"},{"id":"511051314","name":"Here 4 (Explicit)","artist":"Don Sean","album":"2 Face (Explicit)","platform":"kuwo","url":"https://music-dl.sayqz.com/api/?source=kuwo&id=511051314&type=url","pic":"https://music-dl.sayqz.com/api/?source=kuwo&id=511051314&type=pic","lrc":"https://music-dl.sayqz.com/api/?source=kuwo&id=511051314&type=lrc"},{"id":"259193983","name":"HERE 4 (Explicit)","artist":"Kaimani、Vema、Kyrona","album":"THE FINAL ACT! (Explicit)","platform":"kuwo","url":"https://music-dl.sayqz.com/api/?source=kuwo&id=259193983&type=url","pic":"https://music-dl.sayqz.com/api/?source=kuwo&id=259193983&type=pic","lrc":"https://music-dl.sayqz.com/api/?source=kuwo&id=259193983&type=lrc"},{"id":"257942187","name":"HERE 4 (Explicit)","artist":"Kaimani","album":"Old Song 4 (Explicit)","platform":"kuwo","url":"https://music-dl.sayqz.com/api/?source=kuwo&id=257942187&type=url","pic":"https://music-dl.sayqz.com/api/?source=kuwo&id=257942187&type=pic","lrc":"https://music-dl.sayqz.com/api/?source=kuwo&id=257942187&type=lrc"}]},"timestamp":"2026-01-23T14:38:01.720+08:00"}
14:38:03.043 [Thread-5367] INFO  c.s.d.p.node.SearchResultContainer - 搜索结果数量: 10
14:38:05.628 [JavaFX Application Thread] INFO  c.s.d.p.node.SearchResultContainer - 播放歌曲: JNR Williams - Here B4
14:38:05.898 [JavaFX Application Thread] INFO  c.s.d.p.n.MusicPlayDetailContainer - 加载专辑封面: https://music-dl.sayqz.com/api/?source=kuwo&id=71500403&type=pic
14:38:05.899 [JavaFX Application Thread] INFO  c.s.d.p.n.MusicPlayDetailContainer - 暂停旋转
14:38:05.900 [JavaFX Application Thread] INFO  c.s.d.p.n.MusicPlayDetailContainer - 当前播放状态: STOPPED
14:38:05.905 [JavaFX Application Thread] INFO  c.s.d.p.n.MusicPlayDetailContainer - 当前旋转角度: 播放--95.0
14:38:06.073 [JavaFX Application Thread] INFO  c.s.d.p.n.MusicPlayDetailContainer - 当前旋转角度: 暂停--95.0
14:38:06.114 [Thread-5373] INFO  c.s.d.p.n.MusicPlayDetailContainer - 实际专辑封面URL: http://img1.kwcdn.kuwo.cn/star/albumcover/500/36/0/2450457237.jpg
14:38:06.250 [JavaFX Application Thread] INFO  c.s.d.p.n.MusicPlayDetailContainer - 图片加载进度: 10%
14:38:06.282 [JavaFX Application Thread] INFO  c.s.d.p.n.MusicPlayDetailContainer - 图片加载进度: 24%
14:38:06.286 [JavaFX Application Thread] INFO  c.s.d.p.n.MusicPlayDetailContainer - 图片加载进度: 39%
14:38:06.296 [JavaFX Application Thread] INFO  c.s.d.p.n.MusicPlayDetailContainer - 图片加载进度: 50%
14:38:06.297 [JavaFX Application Thread] INFO  c.s.d.p.n.MusicPlayDetailContainer - 图片加载进度: 60%
14:38:06.353 [JavaFX Application Thread] INFO  c.s.d.p.n.MusicPlayDetailContainer - 图片加载进度: 79%
14:38:06.354 [JavaFX Application Thread] INFO  c.s.d.p.n.MusicPlayDetailContainer - 图片加载进度: 89%
14:38:06.355 [JavaFX Application Thread] INFO  c.s.d.p.n.MusicPlayDetailContainer - 图片加载进度: 100%
14:38:06.355 [JavaFX Application Thread] INFO  c.s.d.p.n.MusicPlayDetailContainer - 图片加载完成，加入缓存
14:38:32.804 [Thread-10735] INFO  c.s.d.p.node.SearchResultContainer - 开始搜索关键词: Deep Green
14:38:32.804 [Thread-10735] INFO  c.s.d.common.utils.TuneHubApiUtils - 聚合搜索歌曲: 关键词=Deep Green
14:38:39.182 [Thread-10735] INFO  c.s.d.p.node.SearchResultContainer - 搜索结果JSON: {"code":200,"message":"success","data":{"keyword":"Deep Green","limit":10,"page":1,"platforms":["netease","qq","kuwo"],"platformStats":{"netease":{"success":false,"count":0,"duration":27,"error":"搜索失败"},"qq":{"success":false,"count":0,"duration":6203,"error":"搜索 \"Deep Green\" 失败: connect ECONNREFUSED 38.175.197.155:8888"},"kuwo":{"success":true,"count":10,"duration":204,"error":null}},"total":10,"results":[{"id":"235730543","name":"Deep Green","artist":"Christian Kuria","album":"Deep Green","platform":"kuwo","url":"https://music-dl.sayqz.com/api/?source=kuwo&id=235730543&type=url","pic":"https://music-dl.sayqz.com/api/?source=kuwo&id=235730543&type=pic","lrc":"https://music-dl.sayqz.com/api/?source=kuwo&id=235730543&type=lrc"},{"id":"246833781","name":"Deep Green (Explicit)","artist":"Christian Kuria","album":"Suspension of Disbelief (Explicit)","platform":"kuwo","url":"https://music-dl.sayqz.com/api/?source=kuwo&id=246833781&type=url","pic":"https://music-dl.sayqz.com/api/?source=kuwo&id=246833781&type=pic","lrc":"https://music-dl.sayqz.com/api/?source=kuwo&id=246833781&type=lrc"},{"id":"490456997","name":"Deep Green (Sped Up)","artist":"뎁트","album":"Deep Green","platform":"kuwo","url":"https://music-dl.sayqz.com/api/?source=kuwo&id=490456997&type=url","pic":"https://music-dl.sayqz.com/api/?source=kuwo&id=490456997&type=pic","lrc":"https://music-dl.sayqz.com/api/?source=kuwo&id=490456997&type=lrc"},{"id":"394113071","name":"Deep Green (Vocals Normalkeine Strings)","artist":"Various Artists","album":"Pop Masters: Ain't No Big Thing","platform":"kuwo","url":"https://music-dl.sayqz.com/api/?source=kuwo&id=394113071&type=url","pic":"https://music-dl.sayqz.com/api/?source=kuwo&id=394113071&type=pic","lrc":"https://music-dl.sayqz.com/api/?source=kuwo&id=394113071&type=lrc"},{"id":"446281620","name":"Deep Green（宝藏曲目）","artist":"我期待的不是你","album":"Don't love me","platform":"kuwo","url":"https://music-dl.sayqz.com/api/?source=kuwo&id=446281620&type=url","pic":"https://music-dl.sayqz.com/api/?source=kuwo&id=446281620&type=pic","lrc":"https://music-dl.sayqz.com/api/?source=kuwo&id=446281620&type=lrc"},{"id":"490457013","name":"Deep Green","artist":"뎁트","album":"Deep Green","platform":"kuwo","url":"https://music-dl.sayqz.com/api/?source=kuwo&id=490457013&type=url","pic":"https://music-dl.sayqz.com/api/?source=kuwo&id=490457013&type=pic","lrc":"https://music-dl.sayqz.com/api/?source=kuwo&id=490457013&type=lrc"},{"id":"496865859","name":"Deep Green（形影不离架子鼓）","artist":"疗愈助眠","album":"强肾曲（加长增效笛子版）","platform":"kuwo","url":"https://music-dl.sayqz.com/api/?source=kuwo&id=496865859&type=url","pic":"https://music-dl.sayqz.com/api/?source=kuwo&id=496865859&type=pic","lrc":"https://music-dl.sayqz.com/api/?source=kuwo&id=496865859&type=lrc"},{"id":"490457012","name":"Deep Green (Acapella|Slowed)","artist":"뎁트","album":"Deep Green","platform":"kuwo","url":"https://music-dl.sayqz.com/api/?source=kuwo&id=490457012&type=url","pic":"https://music-dl.sayqz.com/api/?source=kuwo&id=490457012&type=pic","lrc":"https://music-dl.sayqz.com/api/?source=kuwo&id=490457012&type=lrc"},{"id":"490457006","name":"Deep Green (Acapella)","artist":"뎁트","album":"Deep Green","platform":"kuwo","url":"https://music-dl.sayqz.com/api/?source=kuwo&id=490457006&type=url","pic":"https://music-dl.sayqz.com/api/?source=kuwo&id=490457006&type=pic","lrc":"https://music-dl.sayqz.com/api/?source=kuwo&id=490457006&type=lrc"},{"id":"490456986","name":"Deep Green (Acapella|Sped Up)","artist":"뎁트","album":"Deep Green","platform":"kuwo","url":"https://music-dl.sayqz.com/api/?source=kuwo&id=490456986&type=url","pic":"https://music-dl.sayqz.com/api/?source=kuwo&id=490456986&type=pic","lrc":"https://music-dl.sayqz.com/api/?source=kuwo&id=490456986&type=lrc"}]},"timestamp":"2026-01-23T14:38:37.866+08:00"}
14:38:39.183 [Thread-10735] INFO  c.s.d.p.node.SearchResultContainer - 搜索结果数量: 10
14:38:52.443 [JavaFX Application Thread] INFO  c.s.d.p.node.SearchResultContainer - 播放歌曲: Christian Kuria - Deep Green
14:38:52.997 [JavaFX Application Thread] INFO  c.s.d.p.n.MusicPlayDetailContainer - 加载专辑封面: https://music-dl.sayqz.com/api/?source=kuwo&id=235730543&type=pic
14:38:53.203 [Thread-10742] INFO  c.s.d.p.n.MusicPlayDetailContainer - 实际专辑封面URL: http://img1.kwcdn.kuwo.cn/star/albumcover/500/s4s83/0/1454598700.jpg
14:38:53.247 [JavaFX Application Thread] INFO  c.s.d.p.n.MusicPlayDetailContainer - 图片加载进度: 24%
14:38:53.249 [JavaFX Application Thread] INFO  c.s.d.p.n.MusicPlayDetailContainer - 图片加载进度: 48%
14:38:53.250 [JavaFX Application Thread] INFO  c.s.d.p.n.MusicPlayDetailContainer - 图片加载进度: 72%
14:38:53.251 [JavaFX Application Thread] INFO  c.s.d.p.n.MusicPlayDetailContainer - 图片加载进度: 96%
14:38:53.252 [JavaFX Application Thread] INFO  c.s.d.p.n.MusicPlayDetailContainer - 图片加载进度: 100%
14:38:53.252 [JavaFX Application Thread] INFO  c.s.d.p.n.MusicPlayDetailContainer - 图片加载完成，加入缓存
14:39:22.620 [Thread-15517] INFO  c.s.d.p.node.SearchResultContainer - 开始搜索关键词: 我不对
14:39:22.620 [Thread-15517] INFO  c.s.d.common.utils.TuneHubApiUtils - 聚合搜索歌曲: 关键词=我不对
14:39:29.308 [Thread-15517] INFO  c.s.d.p.node.SearchResultContainer - 搜索结果JSON: {"code":200,"message":"success","data":{"keyword":"我不对","limit":10,"page":1,"platforms":["netease","qq","kuwo"],"platformStats":{"netease":{"success":false,"count":0,"duration":37,"error":"搜索失败"},"qq":{"success":false,"count":0,"duration":6208,"error":"搜索 \"我不对\" 失败: connect ECONNREFUSED 38.175.197.155:8888"},"kuwo":{"success":true,"count":10,"duration":233,"error":null}},"total":10,"results":[{"id":"9558428","name":"我不对","artist":"高进","album":"我不对","platform":"kuwo","url":"https://music-dl.sayqz.com/api/?source=kuwo&id=9558428&type=url","pic":"https://music-dl.sayqz.com/api/?source=kuwo&id=9558428&type=pic","lrc":"https://music-dl.sayqz.com/api/?source=kuwo&id=9558428&type=lrc"},{"id":"56300583","name":"勇敢勇敢+林中鸟+江湖大道+ 混在北京+我不对+1981 (Live)","artist":"高进","album":"高进“我的好兄弟”巡回演唱会2017北京站","platform":"kuwo","url":"https://music-dl.sayqz.com/api/?source=kuwo&id=56300583&type=url","pic":"https://music-dl.sayqz.com/api/?source=kuwo&id=56300583&type=pic","lrc":"https://music-dl.sayqz.com/api/?source=kuwo&id=56300583&type=lrc"},{"id":"153100198","name":"我不对 (cover: 高进)","artist":"烟嗓林娅","album":"","platform":"kuwo","url":"https://music-dl.sayqz.com/api/?source=kuwo&id=153100198&type=url","pic":"https://music-dl.sayqz.com/api/?source=kuwo&id=153100198&type=pic","lrc":"https://music-dl.sayqz.com/api/?source=kuwo&id=153100198&type=lrc"},{"id":"493852448","name":"般配 (聊天的开场是我不对)","artist":"野燃","album":"般配 (聊天的开场是我不对)","platform":"kuwo","url":"https://music-dl.sayqz.com/api/?source=kuwo&id=493852448&type=url","pic":"https://music-dl.sayqz.com/api/?source=kuwo&id=493852448&type=pic","lrc":"https://music-dl.sayqz.com/api/?source=kuwo&id=493852448&type=lrc"},{"id":"3355757","name":"我不对","artist":"宇然","album":"彩虹收音机","platform":"kuwo","url":"https://music-dl.sayqz.com/api/?source=kuwo&id=3355757&type=url","pic":"https://music-dl.sayqz.com/api/?source=kuwo&id=3355757&type=pic","lrc":"https://music-dl.sayqz.com/api/?source=kuwo&id=3355757&type=lrc"},{"id":"345140522","name":"我不对","artist":"金玮晟","album":"我不对","platform":"kuwo","url":"https://music-dl.sayqz.com/api/?source=kuwo&id=345140522&type=url","pic":"https://music-dl.sayqz.com/api/?source=kuwo&id=345140522&type=pic","lrc":"https://music-dl.sayqz.com/api/?source=kuwo&id=345140522&type=lrc"},{"id":"215584990","name":"我不对 (cover: 高进)","artist":"雷一鸣","album":"忧伤的旋律","platform":"kuwo","url":"https://music-dl.sayqz.com/api/?source=kuwo&id=215584990&type=url","pic":"https://music-dl.sayqz.com/api/?source=kuwo&id=215584990&type=pic","lrc":"https://music-dl.sayqz.com/api/?source=kuwo&id=215584990&type=lrc"},{"id":"147706682","name":"我不对 (cover: 高进)","artist":"梁晓龙","album":"","platform":"kuwo","url":"https://music-dl.sayqz.com/api/?source=kuwo&id=147706682&type=url","pic":"https://music-dl.sayqz.com/api/?source=kuwo&id=147706682&type=pic","lrc":"https://music-dl.sayqz.com/api/?source=kuwo&id=147706682&type=lrc"},{"id":"190506875","name":"我不对 (cover: 高进)","artist":"九宝贝","album":"九宝贝最走心","platform":"kuwo","url":"https://music-dl.sayqz.com/api/?source=kuwo&id=190506875&type=url","pic":"https://music-dl.sayqz.com/api/?source=kuwo&id=190506875&type=pic","lrc":"https://music-dl.sayqz.com/api/?source=kuwo&id=190506875&type=lrc"},{"id":"477295874","name":"我不对","artist":"述的说","album":"说说","platform":"kuwo","url":"https://music-dl.sayqz.com/api/?source=kuwo&id=477295874&type=url","pic":"https://music-dl.sayqz.com/api/?source=kuwo&id=477295874&type=pic","lrc":"https://music-dl.sayqz.com/api/?source=kuwo&id=477295874&type=lrc"}]},"timestamp":"2026-01-23T14:39:27.981+08:00"}
14:39:29.309 [Thread-15517] INFO  c.s.d.p.node.SearchResultContainer - 搜索结果数量: 10
14:39:42.602 [JavaFX Application Thread] INFO  c.s.d.p.node.SearchResultContainer - 播放歌曲: 高进 - 我不对
14:39:42.871 [JavaFX Application Thread] INFO  c.s.d.p.n.MusicPlayDetailContainer - 加载专辑封面: https://music-dl.sayqz.com/api/?source=kuwo&id=9558428&type=pic
14:39:42.871 [JavaFX Application Thread] INFO  c.s.d.p.n.MusicPlayDetailContainer - 暂停旋转
14:39:42.872 [JavaFX Application Thread] INFO  c.s.d.p.n.MusicPlayDetailContainer - 当前播放状态: STOPPED
14:39:42.876 [JavaFX Application Thread] INFO  c.s.d.p.n.MusicPlayDetailContainer - 当前旋转角度: 播放--95.0
14:39:43.074 [Thread-15525] INFO  c.s.d.p.n.MusicPlayDetailContainer - 实际专辑封面URL: http://img1.kwcdn.kuwo.cn/star/albumcover/500/61/42/3127313707.jpg
14:39:43.108 [JavaFX Application Thread] INFO  c.s.d.p.n.MusicPlayDetailContainer - 图片加载进度: 11%
14:39:43.108 [JavaFX Application Thread] INFO  c.s.d.p.n.MusicPlayDetailContainer - 图片加载进度: 23%
14:39:43.110 [JavaFX Application Thread] INFO  c.s.d.p.n.MusicPlayDetailContainer - 图片加载进度: 45%
14:39:43.110 [JavaFX Application Thread] INFO  c.s.d.p.n.MusicPlayDetailContainer - 图片加载进度: 56%
14:39:43.111 [JavaFX Application Thread] INFO  c.s.d.p.n.MusicPlayDetailContainer - 图片加载进度: 78%
14:39:43.111 [JavaFX Application Thread] INFO  c.s.d.p.n.MusicPlayDetailContainer - 图片加载进度: 90%
14:39:43.113 [JavaFX Application Thread] INFO  c.s.d.p.n.MusicPlayDetailContainer - 图片加载进度: 100%
14:39:43.113 [JavaFX Application Thread] INFO  c.s.d.p.n.MusicPlayDetailContainer - 图片加载完成，加入缓存
14:39:43.264 [JavaFX Application Thread] INFO  c.s.d.p.n.MusicPlayDetailContainer - 当前旋转角度: 暂停--95.0
14:46:25.083 [JavaFX Application Thread] INFO  com.stickpoint.ddmusic.App - === 应用启动调试信息 ===
14:46:25.088 [JavaFX Application Thread] INFO  com.stickpoint.ddmusic.App - Java 版本: 21.0.8
14:46:25.088 [JavaFX Application Thread] INFO  com.stickpoint.ddmusic.App - JavaFX 版本: 21.0.7
14:46:25.089 [JavaFX Application Thread] INFO  com.stickpoint.ddmusic.App - 工作目录: E:\codeData\javaProject\javafx-ddmusic\ddmuisc2
14:46:25.090 [JavaFX Application Thread] INFO  com.stickpoint.ddmusic.App - 1. 开始创建 HomePage
14:46:26.262 [JavaFX Application Thread] INFO  c.s.d.p.n.MusicPlayDetailContainer - 旋转角度: 60.0
14:46:26.428 [JavaFX Application Thread] INFO  com.stickpoint.ddmusic.App - 2. HomePage 创建成功
14:46:26.428 [JavaFX Application Thread] INFO  com.stickpoint.ddmusic.App - 3. 开始创建场景
14:46:26.482 [JavaFX Application Thread] INFO  com.stickpoint.ddmusic.App - 4. 场景创建成功
14:46:26.482 [JavaFX Application Thread] INFO  com.stickpoint.ddmusic.App - 5. 设置舞台属性
14:46:26.483 [JavaFX Application Thread] INFO  com.stickpoint.ddmusic.App - 6. 舞台属性设置完成
14:46:26.483 [JavaFX Application Thread] INFO  com.stickpoint.ddmusic.App - 7. 加载图标
14:46:26.485 [JavaFX Application Thread] INFO  com.stickpoint.ddmusic.App - 图标URL: file:/E:/codeData/javaProject/javafx-ddmusic/ddmuisc2/target/classes/img/logo.svg
14:46:26.486 [JavaFX Application Thread] INFO  com.stickpoint.ddmusic.App - 8. 图标加载成功
14:46:26.487 [JavaFX Application Thread] INFO  com.stickpoint.ddmusic.App - 9. 显示舞台
14:46:26.881 [JavaFX Application Thread] INFO  com.stickpoint.ddmusic.App - 10. 添加窗口缩放支持
14:46:26.883 [JavaFX Application Thread] INFO  com.stickpoint.ddmusic.App - 11. 居中显示
14:46:26.884 [JavaFX Application Thread] INFO  com.stickpoint.ddmusic.App - 12. 应用启动完成
14:46:32.304 [Thread-10] INFO  c.s.d.p.node.SearchResultContainer - 开始搜索关键词: 我不对
14:46:32.308 [Thread-10] INFO  c.s.d.common.utils.TuneHubApiUtils - 聚合搜索歌曲: 关键词=我不对
14:46:38.758 [Thread-10] INFO  c.s.d.p.node.SearchResultContainer - 搜索结果JSON: {"code":200,"message":"success","data":{"keyword":"我不对","limit":10,"page":1,"platforms":["netease","qq","kuwo"],"platformStats":{"netease":{"success":false,"count":0,"duration":26,"error":"搜索失败"},"qq":{"success":false,"count":0,"duration":6204,"error":"搜索 \"我不对\" 失败: connect ECONNREFUSED 38.175.197.155:8888"},"kuwo":{"success":true,"count":10,"duration":37,"error":null}},"total":10,"results":[{"id":"9558428","name":"我不对","artist":"高进","album":"我不对","platform":"kuwo","url":"https://music-dl.sayqz.com/api/?source=kuwo&id=9558428&type=url","pic":"https://music-dl.sayqz.com/api/?source=kuwo&id=9558428&type=pic","lrc":"https://music-dl.sayqz.com/api/?source=kuwo&id=9558428&type=lrc"},{"id":"56300583","name":"勇敢勇敢+林中鸟+江湖大道+ 混在北京+我不对+1981 (Live)","artist":"高进","album":"高进“我的好兄弟”巡回演唱会2017北京站","platform":"kuwo","url":"https://music-dl.sayqz.com/api/?source=kuwo&id=56300583&type=url","pic":"https://music-dl.sayqz.com/api/?source=kuwo&id=56300583&type=pic","lrc":"https://music-dl.sayqz.com/api/?source=kuwo&id=56300583&type=lrc"},{"id":"153100198","name":"我不对 (cover: 高进)","artist":"烟嗓林娅","album":"","platform":"kuwo","url":"https://music-dl.sayqz.com/api/?source=kuwo&id=153100198&type=url","pic":"https://music-dl.sayqz.com/api/?source=kuwo&id=153100198&type=pic","lrc":"https://music-dl.sayqz.com/api/?source=kuwo&id=153100198&type=lrc"},{"id":"493852448","name":"般配 (聊天的开场是我不对)","artist":"野燃","album":"般配 (聊天的开场是我不对)","platform":"kuwo","url":"https://music-dl.sayqz.com/api/?source=kuwo&id=493852448&type=url","pic":"https://music-dl.sayqz.com/api/?source=kuwo&id=493852448&type=pic","lrc":"https://music-dl.sayqz.com/api/?source=kuwo&id=493852448&type=lrc"},{"id":"3355757","name":"我不对","artist":"宇然","album":"彩虹收音机","platform":"kuwo","url":"https://music-dl.sayqz.com/api/?source=kuwo&id=3355757&type=url","pic":"https://music-dl.sayqz.com/api/?source=kuwo&id=3355757&type=pic","lrc":"https://music-dl.sayqz.com/api/?source=kuwo&id=3355757&type=lrc"},{"id":"345140522","name":"我不对","artist":"金玮晟","album":"我不对","platform":"kuwo","url":"https://music-dl.sayqz.com/api/?source=kuwo&id=345140522&type=url","pic":"https://music-dl.sayqz.com/api/?source=kuwo&id=345140522&type=pic","lrc":"https://music-dl.sayqz.com/api/?source=kuwo&id=345140522&type=lrc"},{"id":"215584990","name":"我不对 (cover: 高进)","artist":"雷一鸣","album":"忧伤的旋律","platform":"kuwo","url":"https://music-dl.sayqz.com/api/?source=kuwo&id=215584990&type=url","pic":"https://music-dl.sayqz.com/api/?source=kuwo&id=215584990&type=pic","lrc":"https://music-dl.sayqz.com/api/?source=kuwo&id=215584990&type=lrc"},{"id":"147706682","name":"我不对 (cover: 高进)","artist":"梁晓龙","album":"","platform":"kuwo","url":"https://music-dl.sayqz.com/api/?source=kuwo&id=147706682&type=url","pic":"https://music-dl.sayqz.com/api/?source=kuwo&id=147706682&type=pic","lrc":"https://music-dl.sayqz.com/api/?source=kuwo&id=147706682&type=lrc"},{"id":"190506875","name":"我不对 (cover: 高进)","artist":"九宝贝","album":"九宝贝最走心","platform":"kuwo","url":"https://music-dl.sayqz.com/api/?source=kuwo&id=190506875&type=url","pic":"https://music-dl.sayqz.com/api/?source=kuwo&id=190506875&type=pic","lrc":"https://music-dl.sayqz.com/api/?source=kuwo&id=190506875&type=lrc"},{"id":"477295874","name":"我不对","artist":"述的说","album":"说说","platform":"kuwo","url":"https://music-dl.sayqz.com/api/?source=kuwo&id=477295874&type=url","pic":"https://music-dl.sayqz.com/api/?source=kuwo&id=477295874&type=pic","lrc":"https://music-dl.sayqz.com/api/?source=kuwo&id=477295874&type=lrc"}]},"timestamp":"2026-01-23T14:46:37.433+08:00"}
14:46:38.766 [Thread-10] INFO  c.s.d.p.node.SearchResultContainer - 搜索结果数量: 10
14:46:43.082 [JavaFX Application Thread] INFO  c.s.d.p.node.SearchResultContainer - 播放歌曲: 高进 - 我不对
14:46:43.256 [JavaFX Application Thread] INFO  c.s.d.p.n.MusicPlayDetailContainer - 加载专辑封面: https://music-dl.sayqz.com/api/?source=kuwo&id=9558428&type=pic
14:46:43.258 [JavaFX Application Thread] INFO  c.s.d.p.n.MusicPlayDetailContainer - 当前旋转角度: 暂停--95.0
14:46:43.469 [Thread-13] INFO  c.s.d.p.n.MusicPlayDetailContainer - 实际专辑封面URL: http://img1.kwcdn.kuwo.cn/star/albumcover/500/61/42/3127313707.jpg
14:46:43.603 [JavaFX Application Thread] INFO  c.s.d.p.n.MusicPlayDetailContainer - 图片加载进度: 11%
14:46:43.604 [JavaFX Application Thread] INFO  c.s.d.p.n.MusicPlayDetailContainer - 图片加载进度: 23%
14:46:43.605 [JavaFX Application Thread] INFO  c.s.d.p.n.MusicPlayDetailContainer - 图片加载进度: 35%
14:46:43.605 [JavaFX Application Thread] INFO  c.s.d.p.n.MusicPlayDetailContainer - 图片加载进度: 47%
14:46:43.605 [JavaFX Application Thread] INFO  c.s.d.p.n.MusicPlayDetailContainer - 图片加载进度: 59%
14:46:43.605 [JavaFX Application Thread] INFO  c.s.d.p.n.MusicPlayDetailContainer - 图片加载进度: 71%
14:46:43.605 [JavaFX Application Thread] INFO  c.s.d.p.n.MusicPlayDetailContainer - 图片加载进度: 82%
14:46:43.606 [JavaFX Application Thread] INFO  c.s.d.p.n.MusicPlayDetailContainer - 图片加载进度: 95%
14:46:43.606 [JavaFX Application Thread] INFO  c.s.d.p.n.MusicPlayDetailContainer - 图片加载进度: 100%
14:46:43.607 [JavaFX Application Thread] INFO  c.s.d.p.n.MusicPlayDetailContainer - 图片加载完成，加入缓存
14:46:53.477 [Thread-4650] INFO  c.s.d.p.node.SearchResultContainer - 开始搜索关键词: 我的名字
14:46:53.477 [Thread-4650] INFO  c.s.d.common.utils.TuneHubApiUtils - 聚合搜索歌曲: 关键词=我的名字
14:46:59.867 [Thread-4650] INFO  c.s.d.p.node.SearchResultContainer - 搜索结果JSON: {"code":200,"message":"success","data":{"keyword":"我的名字","limit":10,"page":1,"platforms":["netease","qq","kuwo"],"platformStats":{"netease":{"success":false,"count":0,"duration":25,"error":"搜索失败"},"qq":{"success":false,"count":0,"duration":6205,"error":"搜索 \"我的名字\" 失败: connect ECONNREFUSED 38.175.197.155:8888"},"kuwo":{"success":true,"count":10,"duration":43,"error":null}},"total":10,"results":[{"id":"41293622","name":"我的名字","artist":"焦迈奇","album":"我的名字","platform":"kuwo","url":"https://music-dl.sayqz.com/api/?source=kuwo&id=41293622&type=url","pic":"https://music-dl.sayqz.com/api/?source=kuwo&id=41293622&type=pic","lrc":"https://music-dl.sayqz.com/api/?source=kuwo&id=41293622&type=lrc"},{"id":"489299839","name":"我的名字 (Live)","artist":"马嘉祺、丁程鑫","album":"「加冠礼」演唱会-「冠军」大连站LIVE音频","platform":"kuwo","url":"https://music-dl.sayqz.com/api/?source=kuwo&id=489299839&type=url","pic":"https://music-dl.sayqz.com/api/?source=kuwo&id=489299839&type=pic","lrc":"https://music-dl.sayqz.com/api/?source=kuwo&id=489299839&type=lrc"},{"id":"386598853","name":"我的名字 (Live)","artist":"梁咏琪、陈立农","album":"天赐的声音第五季 第9期","platform":"kuwo","url":"https://music-dl.sayqz.com/api/?source=kuwo&id=386598853&type=url","pic":"https://music-dl.sayqz.com/api/?source=kuwo&id=386598853&type=pic","lrc":"https://music-dl.sayqz.com/api/?source=kuwo&id=386598853&type=lrc"},{"id":"75906399","name":"我的名字 (Live)","artist":"斯丹曼簇","album":"2019中国好声音 第7期","platform":"kuwo","url":"https://music-dl.sayqz.com/api/?source=kuwo&id=75906399&type=url","pic":"https://music-dl.sayqz.com/api/?source=kuwo&id=75906399&type=pic","lrc":"https://music-dl.sayqz.com/api/?source=kuwo&id=75906399&type=lrc"},{"id":"513898960","name":"我的名字叫郝有才","artist":"天舒很硬-天舒班","album":"","platform":"kuwo","url":"https://music-dl.sayqz.com/api/?source=kuwo&id=513898960&type=url","pic":"https://music-dl.sayqz.com/api/?source=kuwo&id=513898960&type=pic","lrc":"https://music-dl.sayqz.com/api/?source=kuwo&id=513898960&type=lrc"},{"id":"141023925","name":"我的名字","artist":"旺仔小乔","album":"我的名字","platform":"kuwo","url":"https://music-dl.sayqz.com/api/?source=kuwo&id=141023925&type=url","pic":"https://music-dl.sayqz.com/api/?source=kuwo&id=141023925&type=pic","lrc":"https://music-dl.sayqz.com/api/?source=kuwo&id=141023925&type=lrc"},{"id":"514797087","name":"我的名字叫郝有才","artist":"郝有才","album":"我的名字叫郝有才","platform":"kuwo","url":"https://music-dl.sayqz.com/api/?source=kuwo&id=514797087&type=url","pic":"https://music-dl.sayqz.com/api/?source=kuwo&id=514797087&type=pic","lrc":"https://music-dl.sayqz.com/api/?source=kuwo&id=514797087&type=lrc"},{"id":"514509080","name":"我的名字叫郝有才（是个没人管的小孩）","artist":"郝有才","album":"没人管的小孩（我的名字叫郝有才）","platform":"kuwo","url":"https://music-dl.sayqz.com/api/?source=kuwo&id=514509080&type=url","pic":"https://music-dl.sayqz.com/api/?source=kuwo&id=514509080&type=pic","lrc":"https://music-dl.sayqz.com/api/?source=kuwo&id=514509080&type=lrc"},{"id":"76269","name":"我的名字","artist":"伍佰 、 China Blue","album":"顺流逆流电影原声带","platform":"kuwo","url":"https://music-dl.sayqz.com/api/?source=kuwo&id=76269&type=url","pic":"https://music-dl.sayqz.com/api/?source=kuwo&id=76269&type=pic","lrc":"https://music-dl.sayqz.com/api/?source=kuwo&id=76269&type=lrc"},{"id":"514439961","name":"没人管的小孩（我的名字叫郝有才）","artist":"郝有才","album":"没人管的小孩（我的名字叫郝有才）","platform":"kuwo","url":"https://music-dl.sayqz.com/api/?source=kuwo&id=514439961&type=url","pic":"https://music-dl.sayqz.com/api/?source=kuwo&id=514439961&type=pic","lrc":"https://music-dl.sayqz.com/api/?source=kuwo&id=514439961&type=lrc"}]},"timestamp":"2026-01-23T14:46:58.541+08:00"}
14:46:59.869 [Thread-4650] INFO  c.s.d.p.node.SearchResultContainer - 搜索结果数量: 10
14:47:04.139 [JavaFX Application Thread] INFO  c.s.d.p.node.SearchResultContainer - 播放歌曲: 焦迈奇 - 我的名字
14:47:04.412 [JavaFX Application Thread] INFO  c.s.d.p.n.MusicPlayDetailContainer - 加载专辑封面: https://music-dl.sayqz.com/api/?source=kuwo&id=41293622&type=pic
14:47:04.413 [JavaFX Application Thread] INFO  c.s.d.p.n.MusicPlayDetailContainer - 暂停旋转
14:47:04.414 [JavaFX Application Thread] INFO  c.s.d.p.n.MusicPlayDetailContainer - 当前播放状态: STOPPED
14:47:04.420 [JavaFX Application Thread] INFO  c.s.d.p.n.MusicPlayDetailContainer - 当前旋转角度: 播放--95.0
14:47:04.528 [JavaFX Application Thread] INFO  c.s.d.p.n.MusicPlayDetailContainer - 当前旋转角度: 暂停--95.0
14:47:04.664 [Thread-4656] INFO  c.s.d.p.n.MusicPlayDetailContainer - 实际专辑封面URL: http://img1.kwcdn.kuwo.cn/star/albumcover/500/s4s10/56/3090337606.jpg
14:47:04.741 [JavaFX Application Thread] INFO  c.s.d.p.n.MusicPlayDetailContainer - 图片加载进度: 12%
14:47:04.742 [JavaFX Application Thread] INFO  c.s.d.p.n.MusicPlayDetailContainer - 图片加载进度: 25%
14:47:04.745 [JavaFX Application Thread] INFO  c.s.d.p.n.MusicPlayDetailContainer - 图片加载进度: 44%
14:47:04.745 [JavaFX Application Thread] INFO  c.s.d.p.n.MusicPlayDetailContainer - 图片加载进度: 58%
14:47:04.746 [JavaFX Application Thread] INFO  c.s.d.p.n.MusicPlayDetailContainer - 图片加载进度: 76%
14:47:04.747 [JavaFX Application Thread] INFO  c.s.d.p.n.MusicPlayDetailContainer - 图片加载进度: 94%
14:47:04.747 [JavaFX Application Thread] INFO  c.s.d.p.n.MusicPlayDetailContainer - 图片加载进度: 100%
14:47:04.747 [JavaFX Application Thread] INFO  c.s.d.p.n.MusicPlayDetailContainer - 图片加载完成，加入缓存
14:47:27.227 [Thread-10609] INFO  c.s.d.p.node.SearchResultContainer - 开始搜索关键词: 我们都一样
14:47:27.228 [Thread-10609] INFO  c.s.d.common.utils.TuneHubApiUtils - 聚合搜索歌曲: 关键词=我们都一样
14:47:33.610 [Thread-10609] INFO  c.s.d.p.node.SearchResultContainer - 搜索结果JSON: {"code":200,"message":"success","data":{"keyword":"我们都一样","limit":10,"page":1,"platforms":["netease","qq","kuwo"],"platformStats":{"netease":{"success":false,"count":0,"duration":25,"error":"搜索失败"},"qq":{"success":false,"count":0,"duration":6208,"error":"搜索 \"我们都一样\" 失败: connect ECONNREFUSED 38.175.197.155:8888"},"kuwo":{"success":true,"count":10,"duration":245,"error":null}},"total":10,"results":[{"id":"6651175","name":"我们都一样 (Live)","artist":"张杰","album":"中国新声代第三季 第13期","platform":"kuwo","url":"https://music-dl.sayqz.com/api/?source=kuwo&id=6651175&type=url","pic":"https://music-dl.sayqz.com/api/?source=kuwo&id=6651175&type=pic","lrc":"https://music-dl.sayqz.com/api/?source=kuwo&id=6651175&type=lrc"},{"id":"284744","name":"和你一样","artist":"李宇春","album":"N+1 Evolution","platform":"kuwo","url":"https://music-dl.sayqz.com/api/?source=kuwo&id=284744&type=url","pic":"https://music-dl.sayqz.com/api/?source=kuwo&id=284744&type=pic","lrc":"https://music-dl.sayqz.com/api/?source=kuwo&id=284744&type=lrc"},{"id":"255891629","name":"我们都一样 (回忆版)","artist":"张杰","album":"我们都一样 (回忆版)","platform":"kuwo","url":"https://music-dl.sayqz.com/api/?source=kuwo&id=255891629&type=url","pic":"https://music-dl.sayqz.com/api/?source=kuwo&id=255891629&type=pic","lrc":"https://music-dl.sayqz.com/api/?source=kuwo&id=255891629&type=lrc"},{"id":"62798353","name":"我们都一样 (Live)","artist":"张杰","album":"2018未·LIVE巡回演唱会鸟巢站LIVE专辑","platform":"kuwo","url":"https://music-dl.sayqz.com/api/?source=kuwo&id=62798353&type=url","pic":"https://music-dl.sayqz.com/api/?source=kuwo&id=62798353&type=pic","lrc":"https://music-dl.sayqz.com/api/?source=kuwo&id=62798353&type=lrc"},{"id":"492163770","name":"我们都一样 (你知道我的痛)","artist":"许婉君","album":"我们都一样","platform":"kuwo","url":"https://music-dl.sayqz.com/api/?source=kuwo&id=492163770&type=url","pic":"https://music-dl.sayqz.com/api/?source=kuwo&id=492163770&type=pic","lrc":"https://music-dl.sayqz.com/api/?source=kuwo&id=492163770&type=lrc"},{"id":"449389139","name":"我们都一样 (2024未·你好吗跨年演唱会三亚站)","artist":"张杰","album":"","platform":"kuwo","url":"https://music-dl.sayqz.com/api/?source=kuwo&id=449389139&type=url","pic":"https://music-dl.sayqz.com/api/?source=kuwo&id=449389139&type=pic","lrc":"https://music-dl.sayqz.com/api/?source=kuwo&id=449389139&type=lrc"},{"id":"24720751","name":"我们不一样","artist":"大壮","album":"我们不一样","platform":"kuwo","url":"https://music-dl.sayqz.com/api/?source=kuwo&id=24720751&type=url","pic":"https://music-dl.sayqz.com/api/?source=kuwo&id=24720751&type=pic","lrc":"https://music-dl.sayqz.com/api/?source=kuwo&id=24720751&type=lrc"},{"id":"20275774","name":"我们都一样","artist":"曲婉婷","album":"","platform":"kuwo","url":"https://music-dl.sayqz.com/api/?source=kuwo&id=20275774&type=url","pic":"https://music-dl.sayqz.com/api/?source=kuwo&id=20275774&type=pic","lrc":"https://music-dl.sayqz.com/api/?source=kuwo&id=20275774&type=lrc"},{"id":"708579","name":"我们都一样(DJ版)","artist":"舞曲","album":"","platform":"kuwo","url":"https://music-dl.sayqz.com/api/?source=kuwo&id=708579&type=url","pic":"https://music-dl.sayqz.com/api/?source=kuwo&id=708579&type=pic","lrc":"https://music-dl.sayqz.com/api/?source=kuwo&id=708579&type=lrc"},{"id":"146523709","name":"我们都一样 (“听！我们的歌”夏日星空 线上直播 治愈音乐会)","artist":"张杰","album":"","platform":"kuwo","url":"https://music-dl.sayqz.com/api/?source=kuwo&id=146523709&type=url","pic":"https://music-dl.sayqz.com/api/?source=kuwo&id=146523709&type=pic","lrc":"https://music-dl.sayqz.com/api/?source=kuwo&id=146523709&type=lrc"}]},"timestamp":"2026-01-23T14:47:32.282+08:00"}
14:47:33.611 [Thread-10609] INFO  c.s.d.p.node.SearchResultContainer - 搜索结果数量: 10
14:47:35.716 [JavaFX Application Thread] INFO  c.s.d.p.node.SearchResultContainer - 播放歌曲: 张杰 - 我们都一样 (Live)
14:47:35.986 [JavaFX Application Thread] INFO  c.s.d.p.n.MusicPlayDetailContainer - 加载专辑封面: https://music-dl.sayqz.com/api/?source=kuwo&id=6651175&type=pic
14:47:36.200 [Thread-10616] INFO  c.s.d.p.n.MusicPlayDetailContainer - 实际专辑封面URL: http://img1.kwcdn.kuwo.cn/star/albumcover/500/24/38/3876175398.jpg
14:47:36.246 [JavaFX Application Thread] INFO  c.s.d.p.n.MusicPlayDetailContainer - 图片加载进度: 10%
14:47:36.246 [JavaFX Application Thread] INFO  c.s.d.p.n.MusicPlayDetailContainer - 图片加载进度: 21%
14:47:36.277 [JavaFX Application Thread] INFO  c.s.d.p.n.MusicPlayDetailContainer - 图片加载进度: 40%
14:47:36.278 [JavaFX Application Thread] INFO  c.s.d.p.n.MusicPlayDetailContainer - 图片加载进度: 51%
14:47:36.278 [JavaFX Application Thread] INFO  c.s.d.p.n.MusicPlayDetailContainer - 图片加载进度: 62%
14:47:36.411 [JavaFX Application Thread] INFO  c.s.d.p.n.MusicPlayDetailContainer - 图片加载进度: 74%
14:47:36.412 [JavaFX Application Thread] INFO  c.s.d.p.n.MusicPlayDetailContainer - 图片加载进度: 85%
14:47:36.412 [JavaFX Application Thread] INFO  c.s.d.p.n.MusicPlayDetailContainer - 图片加载进度: 96%
14:47:36.412 [JavaFX Application Thread] INFO  c.s.d.p.n.MusicPlayDetailContainer - 图片加载进度: 100%
14:47:36.412 [JavaFX Application Thread] INFO  c.s.d.p.n.MusicPlayDetailContainer - 图片加载完成，加入缓存
14:48:29.977 [Thread-17577] INFO  c.s.d.p.node.SearchResultContainer - 开始搜索关键词: 平凡之路
14:48:29.977 [Thread-17577] INFO  c.s.d.common.utils.TuneHubApiUtils - 聚合搜索歌曲: 关键词=平凡之路
14:48:37.379 [Thread-17577] INFO  c.s.d.p.node.SearchResultContainer - 搜索结果JSON: {"code":200,"message":"success","data":{"keyword":"平凡之路","limit":10,"page":1,"platforms":["netease","qq","kuwo"],"platformStats":{"netease":{"success":false,"count":0,"duration":25,"error":"搜索失败"},"qq":{"success":false,"count":0,"duration":6208,"error":"搜索 \"平凡之路\" 失败: connect ECONNREFUSED 38.175.197.155:8888"},"kuwo":{"success":true,"count":10,"duration":38,"error":null}},"total":10,"results":[{"id":"5960811","name":"平凡之路","artist":"朴树","album":"猎户星座","platform":"kuwo","url":"https://music-dl.sayqz.com/api/?source=kuwo&id=5960811&type=url","pic":"https://music-dl.sayqz.com/api/?source=kuwo&id=5960811&type=pic","lrc":"https://music-dl.sayqz.com/api/?source=kuwo&id=5960811&type=lrc"},{"id":"300458968","name":"平凡之路 (3D环绕版)","artist":"朴树","album":"","platform":"kuwo","url":"https://music-dl.sayqz.com/api/?source=kuwo&id=300458968&type=url","pic":"https://music-dl.sayqz.com/api/?source=kuwo&id=300458968&type=pic","lrc":"https://music-dl.sayqz.com/api/?source=kuwo&id=300458968&type=lrc"},{"id":"63286820","name":"平凡之路","artist":"沈腾","album":"平凡之路","platform":"kuwo","url":"https://music-dl.sayqz.com/api/?source=kuwo&id=63286820&type=url","pic":"https://music-dl.sayqz.com/api/?source=kuwo&id=63286820&type=pic","lrc":"https://music-dl.sayqz.com/api/?source=kuwo&id=63286820&type=lrc"},{"id":"299982158","name":"平凡之路 (Live)","artist":"Westlife","album":"","platform":"kuwo","url":"https://music-dl.sayqz.com/api/?source=kuwo&id=299982158&type=url","pic":"https://music-dl.sayqz.com/api/?source=kuwo&id=299982158&type=pic","lrc":"https://music-dl.sayqz.com/api/?source=kuwo&id=299982158&type=lrc"},{"id":"40916404","name":"平凡之路 (Live)","artist":"华晨宇","album":"歌手第二季 第11期","platform":"kuwo","url":"https://music-dl.sayqz.com/api/?source=kuwo&id=40916404&type=url","pic":"https://music-dl.sayqz.com/api/?source=kuwo&id=40916404&type=pic","lrc":"https://music-dl.sayqz.com/api/?source=kuwo&id=40916404&type=lrc"},{"id":"13713131","name":"平凡之路","artist":"周深","album":"平凡之路","platform":"kuwo","url":"https://music-dl.sayqz.com/api/?source=kuwo&id=13713131&type=url","pic":"https://music-dl.sayqz.com/api/?source=kuwo&id=13713131&type=pic","lrc":"https://music-dl.sayqz.com/api/?source=kuwo&id=13713131&type=lrc"},{"id":"526779486","name":"平凡之路 (2025声生不息·华流季第5期现场)","artist":"A-Lin、李佳薇、汪苏泷、Eric周兴哲、黄霄雲、张远","album":"","platform":"kuwo","url":"https://music-dl.sayqz.com/api/?source=kuwo&id=526779486&type=url","pic":"https://music-dl.sayqz.com/api/?source=kuwo&id=526779486&type=pic","lrc":"https://music-dl.sayqz.com/api/?source=kuwo&id=526779486&type=lrc"},{"id":"97041203","name":"平凡之路","artist":"谢霆锋、王俊凯、萧敬腾","album":"乐队无限公司 第7期","platform":"kuwo","url":"https://music-dl.sayqz.com/api/?source=kuwo&id=97041203&type=url","pic":"https://music-dl.sayqz.com/api/?source=kuwo&id=97041203&type=pic","lrc":"https://music-dl.sayqz.com/api/?source=kuwo&id=97041203&type=lrc"},{"id":"521517438","name":"平凡之路 (烟嗓摇滚版)","artist":"大头针 Official","album":"平凡之路（烟嗓摇滚版）","platform":"kuwo","url":"https://music-dl.sayqz.com/api/?source=kuwo&id=521517438&type=url","pic":"https://music-dl.sayqz.com/api/?source=kuwo&id=521517438&type=pic","lrc":"https://music-dl.sayqz.com/api/?source=kuwo&id=521517438&type=lrc"},{"id":"152935313","name":"平凡之路 (DJ版)","artist":"朴树","album":"","platform":"kuwo","url":"https://music-dl.sayqz.com/api/?source=kuwo&id=152935313&type=url","pic":"https://music-dl.sayqz.com/api/?source=kuwo&id=152935313&type=pic","lrc":"https://music-dl.sayqz.com/api/?source=kuwo&id=152935313&type=lrc"}]},"timestamp":"2026-01-23T14:48:36.050+08:00"}
14:48:37.380 [Thread-17577] INFO  c.s.d.p.node.SearchResultContainer - 搜索结果数量: 10
14:48:42.964 [JavaFX Application Thread] INFO  c.s.d.p.node.SearchResultContainer - 播放歌曲: 朴树 - 平凡之路
14:48:43.245 [JavaFX Application Thread] INFO  c.s.d.p.n.MusicPlayDetailContainer - 加载专辑封面: https://music-dl.sayqz.com/api/?source=kuwo&id=5960811&type=pic
14:48:43.450 [Thread-17585] INFO  c.s.d.p.n.MusicPlayDetailContainer - 实际专辑封面URL: http://img1.kwcdn.kuwo.cn/star/albumcover/500/75/9/3640622973.jpg
14:48:43.541 [JavaFX Application Thread] INFO  c.s.d.p.n.MusicPlayDetailContainer - 图片加载进度: 13%
14:48:43.541 [JavaFX Application Thread] INFO  c.s.d.p.n.MusicPlayDetailContainer - 图片加载进度: 25%
14:48:43.561 [JavaFX Application Thread] INFO  c.s.d.p.n.MusicPlayDetailContainer - 图片加载进度: 36%
14:48:43.561 [JavaFX Application Thread] INFO  c.s.d.p.n.MusicPlayDetailContainer - 图片加载进度: 49%
14:48:43.562 [JavaFX Application Thread] INFO  c.s.d.p.n.MusicPlayDetailContainer - 图片加载进度: 61%
14:48:43.563 [JavaFX Application Thread] INFO  c.s.d.p.n.MusicPlayDetailContainer - 图片加载进度: 74%
14:48:43.576 [JavaFX Application Thread] INFO  c.s.d.p.n.MusicPlayDetailContainer - 图片加载进度: 84%
14:48:43.607 [JavaFX Application Thread] INFO  c.s.d.p.n.MusicPlayDetailContainer - 图片加载进度: 95%
14:48:43.608 [JavaFX Application Thread] INFO  c.s.d.p.n.MusicPlayDetailContainer - 图片加载进度: 100%
14:48:43.608 [JavaFX Application Thread] INFO  c.s.d.p.n.MusicPlayDetailContainer - 图片加载完成，加入缓存
14:49:20.510 [Thread-24685] INFO  c.s.d.p.node.SearchResultContainer - 开始搜索关键词: 需要浪漫
14:49:20.511 [Thread-24685] INFO  c.s.d.common.utils.TuneHubApiUtils - 聚合搜索歌曲: 关键词=需要浪漫
14:49:26.900 [Thread-24685] INFO  c.s.d.p.node.SearchResultContainer - 搜索结果JSON: {"code":200,"message":"success","data":{"keyword":"需要浪漫","limit":10,"page":1,"platforms":["netease","qq","kuwo"],"platformStats":{"netease":{"success":false,"count":0,"duration":23,"error":"搜索失败"},"qq":{"success":false,"count":0,"duration":6208,"error":"搜索 \"需要浪漫\" 失败: connect ECONNREFUSED 38.175.197.155:8888"},"kuwo":{"success":true,"count":10,"duration":164,"error":null}},"total":10,"results":[{"id":"26224309","name":"Don't Cry (Instrumental)","artist":"이효리","album":"로맨스가 필요해 3 OST - Part.1","platform":"kuwo","url":"https://music-dl.sayqz.com/api/?source=kuwo&id=26224309&type=url","pic":"https://music-dl.sayqz.com/api/?source=kuwo&id=26224309&type=pic","lrc":"https://music-dl.sayqz.com/api/?source=kuwo&id=26224309&type=lrc"},{"id":"29788750","name":"Let's  Go!","artist":"韩国群星","album":"로맨스가 필요해 2012 OST","platform":"kuwo","url":"https://music-dl.sayqz.com/api/?source=kuwo&id=29788750&type=url","pic":"https://music-dl.sayqz.com/api/?source=kuwo&id=29788750&type=pic","lrc":"https://music-dl.sayqz.com/api/?source=kuwo&id=29788750&type=lrc"},{"id":"26030029","name":"You","artist":"지오","album":"로맨스가 필요해 3 OST - Part.3","platform":"kuwo","url":"https://music-dl.sayqz.com/api/?source=kuwo&id=26030029&type=url","pic":"https://music-dl.sayqz.com/api/?source=kuwo&id=26030029&type=pic","lrc":"https://music-dl.sayqz.com/api/?source=kuwo&id=26030029&type=lrc"},{"id":"23650422","name":"나무토막","artist":"유미","album":"로맨스가 필요해 (tvN 월화드라마) - Part.3","platform":"kuwo","url":"https://music-dl.sayqz.com/api/?source=kuwo&id=23650422&type=url","pic":"https://music-dl.sayqz.com/api/?source=kuwo&id=23650422&type=pic","lrc":"https://music-dl.sayqz.com/api/?source=kuwo&id=23650422&type=lrc"},{"id":"39343464","name":"로맨스 데이 (Romance Day)","artist":"Choi,SungJun","album":"로맨스가 필요해 (tvN 월화드라마) - Part.2","platform":"kuwo","url":"https://music-dl.sayqz.com/api/?source=kuwo&id=39343464&type=url","pic":"https://music-dl.sayqz.com/api/?source=kuwo&id=39343464&type=pic","lrc":"https://music-dl.sayqz.com/api/?source=kuwo&id=39343464&type=lrc"},{"id":"6074422","name":"후애","artist":"김정훈","album":"로맨스가 필요해 (tvN 월화드라마) - Part.4","platform":"kuwo","url":"https://music-dl.sayqz.com/api/?source=kuwo&id=6074422&type=url","pic":"https://music-dl.sayqz.com/api/?source=kuwo&id=6074422&type=pic","lrc":"https://music-dl.sayqz.com/api/?source=kuwo&id=6074422&type=lrc"},{"id":"26224384","name":"You (Instrumental)","artist":"지오","album":"로맨스가 필요해 3 OST - Part.3","platform":"kuwo","url":"https://music-dl.sayqz.com/api/?source=kuwo&id=26224384&type=url","pic":"https://music-dl.sayqz.com/api/?source=kuwo&id=26224384&type=pic","lrc":"https://music-dl.sayqz.com/api/?source=kuwo&id=26224384&type=lrc"},{"id":"26033404","name":"쁘아쁘 (Instrumental)","artist":"Peppermoon","album":"로맨스가 필요해 3 OST - Part.2","platform":"kuwo","url":"https://music-dl.sayqz.com/api/?source=kuwo&id=26033404&type=url","pic":"https://music-dl.sayqz.com/api/?source=kuwo&id=26033404&type=pic","lrc":"https://music-dl.sayqz.com/api/?source=kuwo&id=26033404&type=lrc"},{"id":"45822452","name":"쁘아쁘","artist":"Peppermoon","album":"로맨스가 필요해 3 OST - Part.2","platform":"kuwo","url":"https://music-dl.sayqz.com/api/?source=kuwo&id=45822452&type=url","pic":"https://music-dl.sayqz.com/api/?source=kuwo&id=45822452&type=pic","lrc":"https://music-dl.sayqz.com/api/?source=kuwo&id=45822452&type=lrc"},{"id":"26032252","name":"Don't Cry","artist":"이효리","album":"로맨스가 필요해 3 OST - Part.1","platform":"kuwo","url":"https://music-dl.sayqz.com/api/?source=kuwo&id=26032252&type=url","pic":"https://music-dl.sayqz.com/api/?source=kuwo&id=26032252&type=pic","lrc":"https://music-dl.sayqz.com/api/?source=kuwo&id=26032252&type=lrc"}]},"timestamp":"2026-01-23T14:49:25.571+08:00"}
14:49:26.900 [Thread-24685] INFO  c.s.d.p.node.SearchResultContainer - 搜索结果数量: 10
14:57:55.637 [JavaFX Application Thread] INFO  c.s.d.p.n.MusicPlayDetailContainer - 加载专辑封面: https://qnm.hunliji.com/o_1j4004gdbik71aj219fb1ahrqk4j.jpg
14:57:55.678 [Thread-24705] INFO  c.s.d.p.n.MusicPlayDetailContainer - 实际专辑封面URL: https://qnm.hunliji.com/o_1j4004gdbik71aj219fb1ahrqk4j.jpg
14:57:55.870 [JavaFX Application Thread] INFO  c.s.d.p.n.MusicPlayDetailContainer - 图片加载进度: 11%
14:57:55.915 [JavaFX Application Thread] INFO  c.s.d.p.n.MusicPlayDetailContainer - 图片加载进度: 22%
14:57:56.020 [JavaFX Application Thread] INFO  c.s.d.p.n.MusicPlayDetailContainer - 图片加载进度: 33%
14:57:56.076 [JavaFX Application Thread] INFO  c.s.d.p.n.MusicPlayDetailContainer - 图片加载进度: 43%
14:57:56.133 [JavaFX Application Thread] INFO  c.s.d.p.n.MusicPlayDetailContainer - 图片加载进度: 54%
14:57:56.158 [JavaFX Application Thread] INFO  c.s.d.p.n.MusicPlayDetailContainer - 图片加载进度: 65%
14:57:56.192 [JavaFX Application Thread] INFO  c.s.d.p.n.MusicPlayDetailContainer - 图片加载进度: 76%
14:57:56.204 [JavaFX Application Thread] INFO  c.s.d.p.n.MusicPlayDetailContainer - 图片加载进度: 86%
14:57:56.242 [JavaFX Application Thread] INFO  c.s.d.p.n.MusicPlayDetailContainer - 图片加载进度: 97%
14:57:56.242 [JavaFX Application Thread] INFO  c.s.d.p.n.MusicPlayDetailContainer - 图片加载进度: 100%
14:57:56.243 [JavaFX Application Thread] INFO  c.s.d.p.n.MusicPlayDetailContainer - 图片加载完成，加入缓存
15:01:53.580 [JavaFX Application Thread] INFO  com.stickpoint.ddmusic.App - === 应用启动调试信息 ===
15:01:53.581 [JavaFX Application Thread] INFO  com.stickpoint.ddmusic.App - Java 版本: 21.0.8
15:01:53.582 [JavaFX Application Thread] INFO  com.stickpoint.ddmusic.App - JavaFX 版本: 21.0.7
15:01:53.582 [JavaFX Application Thread] INFO  com.stickpoint.ddmusic.App - 工作目录: E:\codeData\javaProject\javafx-ddmusic\ddmuisc2
15:01:53.582 [JavaFX Application Thread] INFO  com.stickpoint.ddmusic.App - 1. 开始创建 HomePage
15:01:54.606 [JavaFX Application Thread] INFO  c.s.d.p.n.MusicPlayDetailContainer - 旋转角度: 60.0
15:01:54.810 [JavaFX Application Thread] INFO  com.stickpoint.ddmusic.App - 2. HomePage 创建成功
15:01:54.810 [JavaFX Application Thread] INFO  com.stickpoint.ddmusic.App - 3. 开始创建场景
15:01:54.882 [JavaFX Application Thread] INFO  com.stickpoint.ddmusic.App - 4. 场景创建成功
15:01:54.887 [JavaFX Application Thread] INFO  com.stickpoint.ddmusic.App - 5. 设置舞台属性
15:01:54.891 [JavaFX Application Thread] INFO  com.stickpoint.ddmusic.App - 6. 舞台属性设置完成
15:01:54.895 [JavaFX Application Thread] INFO  com.stickpoint.ddmusic.App - 7. 加载图标
15:01:54.896 [JavaFX Application Thread] INFO  com.stickpoint.ddmusic.App - 图标URL: file:/E:/codeData/javaProject/javafx-ddmusic/ddmuisc2/target/classes/img/logo.svg
15:01:54.898 [JavaFX Application Thread] INFO  com.stickpoint.ddmusic.App - 8. 图标加载成功
15:01:54.900 [JavaFX Application Thread] INFO  com.stickpoint.ddmusic.App - 9. 显示舞台
15:01:55.499 [JavaFX Application Thread] INFO  com.stickpoint.ddmusic.App - 10. 添加窗口缩放支持
15:01:55.503 [JavaFX Application Thread] INFO  com.stickpoint.ddmusic.App - 11. 居中显示
15:01:55.503 [JavaFX Application Thread] INFO  com.stickpoint.ddmusic.App - 12. 应用启动完成
15:01:59.611 [JavaFX Application Thread] INFO  c.s.d.p.node.HomePageMenuItemPanel - === ToggleGroup 监听器被触发 ===
15:01:59.611 [JavaFX Application Thread] INFO  c.s.d.p.node.HomePageMenuItemPanel - oldToggle: null
15:01:59.612 [JavaFX Application Thread] INFO  c.s.d.p.node.HomePageMenuItemPanel - newToggle: myMusic
15:01:59.612 [JavaFX Application Thread] INFO  c.s.d.p.node.HomePageMenuItemPanel - 当前选中的菜单项：myMusic
15:01:59.613 [JavaFX Application Thread] INFO  c.s.d.p.node.HomePageMenuItemPanel - ================================
15:02:10.982 [JavaFX Application Thread] INFO  com.stickpoint.ddmusic.App - === 应用启动调试信息 ===
15:02:10.985 [JavaFX Application Thread] INFO  com.stickpoint.ddmusic.App - Java 版本: 21.0.8
15:02:10.985 [JavaFX Application Thread] INFO  com.stickpoint.ddmusic.App - JavaFX 版本: 21.0.7
15:02:10.986 [JavaFX Application Thread] INFO  com.stickpoint.ddmusic.App - 工作目录: E:\codeData\javaProject\javafx-ddmusic\ddmuisc2
15:02:10.986 [JavaFX Application Thread] INFO  com.stickpoint.ddmusic.App - 1. 开始创建 HomePage
15:02:12.043 [JavaFX Application Thread] INFO  c.s.d.p.n.MusicPlayDetailContainer - 旋转角度: 60.0
15:02:12.208 [JavaFX Application Thread] INFO  com.stickpoint.ddmusic.App - 2. HomePage 创建成功
15:02:12.209 [JavaFX Application Thread] INFO  com.stickpoint.ddmusic.App - 3. 开始创建场景
15:02:12.273 [JavaFX Application Thread] INFO  com.stickpoint.ddmusic.App - 4. 场景创建成功
15:02:12.274 [JavaFX Application Thread] INFO  com.stickpoint.ddmusic.App - 5. 设置舞台属性
15:02:12.275 [JavaFX Application Thread] INFO  com.stickpoint.ddmusic.App - 6. 舞台属性设置完成
15:02:12.275 [JavaFX Application Thread] INFO  com.stickpoint.ddmusic.App - 7. 加载图标
15:02:12.276 [JavaFX Application Thread] INFO  com.stickpoint.ddmusic.App - 图标URL: file:/E:/codeData/javaProject/javafx-ddmusic/ddmuisc2/target/classes/img/logo.svg
15:02:12.278 [JavaFX Application Thread] INFO  com.stickpoint.ddmusic.App - 8. 图标加载成功
15:02:12.279 [JavaFX Application Thread] INFO  com.stickpoint.ddmusic.App - 9. 显示舞台
15:02:12.749 [JavaFX Application Thread] INFO  com.stickpoint.ddmusic.App - 10. 添加窗口缩放支持
15:02:12.751 [JavaFX Application Thread] INFO  com.stickpoint.ddmusic.App - 11. 居中显示
15:02:12.752 [JavaFX Application Thread] INFO  com.stickpoint.ddmusic.App - 12. 应用启动完成
15:02:32.972 [JavaFX Application Thread] INFO  c.s.d.p.node.HomePageMenuItemPanel - === ToggleGroup 监听器被触发 ===
15:02:32.972 [JavaFX Application Thread] INFO  c.s.d.p.node.HomePageMenuItemPanel - oldToggle: myMusic
15:02:32.974 [JavaFX Application Thread] INFO  c.s.d.p.node.HomePageMenuItemPanel - newToggle: recent
15:02:32.974 [JavaFX Application Thread] INFO  c.s.d.p.node.HomePageMenuItemPanel - 当前选中的菜单项：recent
15:02:32.975 [JavaFX Application Thread] INFO  c.s.d.p.node.HomePageMenuItemPanel - 上一个被选中的菜单项：myMusic
15:02:32.975 [JavaFX Application Thread] INFO  c.s.d.p.node.HomePageMenuItemPanel - ================================
15:02:33.300 [JavaFX Application Thread] INFO  c.s.d.p.node.HomePageMenuItemPanel - === ToggleGroup 监听器被触发 ===
15:02:33.301 [JavaFX Application Thread] INFO  c.s.d.p.node.HomePageMenuItemPanel - oldToggle: recent
15:02:33.302 [JavaFX Application Thread] INFO  c.s.d.p.node.HomePageMenuItemPanel - newToggle: myMusic
15:02:33.302 [JavaFX Application Thread] INFO  c.s.d.p.node.HomePageMenuItemPanel - 当前选中的菜单项：myMusic
15:02:33.302 [JavaFX Application Thread] INFO  c.s.d.p.node.HomePageMenuItemPanel - 上一个被选中的菜单项：recent
15:02:33.303 [JavaFX Application Thread] INFO  c.s.d.p.node.HomePageMenuItemPanel - ================================
15:07:30.416 [JavaFX Application Thread] INFO  com.stickpoint.ddmusic.App - === 应用启动调试信息 ===
15:07:30.421 [JavaFX Application Thread] INFO  com.stickpoint.ddmusic.App - Java 版本: 21.0.8
15:07:30.422 [JavaFX Application Thread] INFO  com.stickpoint.ddmusic.App - JavaFX 版本: 21.0.7
15:07:30.422 [JavaFX Application Thread] INFO  com.stickpoint.ddmusic.App - 工作目录: E:\codeData\javaProject\javafx-ddmusic\ddmuisc2
15:07:30.423 [JavaFX Application Thread] INFO  com.stickpoint.ddmusic.App - 1. 开始创建 HomePage
15:07:31.952 [JavaFX Application Thread] INFO  c.s.d.p.n.MusicPlayDetailContainer - 旋转角度: 60.0
15:07:32.170 [JavaFX Application Thread] INFO  com.stickpoint.ddmusic.App - 2. HomePage 创建成功
15:07:32.170 [JavaFX Application Thread] INFO  com.stickpoint.ddmusic.App - 3. 开始创建场景
15:07:32.255 [JavaFX Application Thread] INFO  com.stickpoint.ddmusic.App - 4. 场景创建成功
15:07:32.255 [JavaFX Application Thread] INFO  com.stickpoint.ddmusic.App - 5. 设置舞台属性
15:07:32.258 [JavaFX Application Thread] INFO  com.stickpoint.ddmusic.App - 6. 舞台属性设置完成
15:07:32.258 [JavaFX Application Thread] INFO  com.stickpoint.ddmusic.App - 7. 加载图标
15:07:32.259 [JavaFX Application Thread] INFO  com.stickpoint.ddmusic.App - 图标URL: file:/E:/codeData/javaProject/javafx-ddmusic/ddmuisc2/target/classes/img/logo.svg
15:07:32.272 [JavaFX Application Thread] INFO  com.stickpoint.ddmusic.App - 8. 图标加载成功
15:07:32.273 [JavaFX Application Thread] INFO  com.stickpoint.ddmusic.App - 9. 显示舞台
15:07:32.918 [JavaFX Application Thread] INFO  com.stickpoint.ddmusic.App - 10. 添加窗口缩放支持
15:07:32.921 [JavaFX Application Thread] INFO  com.stickpoint.ddmusic.App - 11. 居中显示
15:07:32.922 [JavaFX Application Thread] INFO  com.stickpoint.ddmusic.App - 12. 应用启动完成
15:07:45.891 [JavaFX Application Thread] INFO  c.s.d.p.node.HomePageMenuItemPanel - === ToggleGroup 监听器被触发 ===
15:07:45.892 [JavaFX Application Thread] INFO  c.s.d.p.node.HomePageMenuItemPanel - oldToggle: null
15:07:45.893 [JavaFX Application Thread] INFO  c.s.d.p.node.HomePageMenuItemPanel - newToggle: myMusic
15:07:45.893 [JavaFX Application Thread] INFO  c.s.d.p.node.HomePageMenuItemPanel - 当前选中的菜单项：myMusic
15:07:45.893 [JavaFX Application Thread] INFO  c.s.d.p.node.HomePageMenuItemPanel - ================================
15:10:30.414 [JavaFX Application Thread] INFO  com.stickpoint.ddmusic.App - === 应用启动调试信息 ===
15:10:30.416 [JavaFX Application Thread] INFO  com.stickpoint.ddmusic.App - Java 版本: 21.0.8
15:10:30.417 [JavaFX Application Thread] INFO  com.stickpoint.ddmusic.App - JavaFX 版本: 21.0.7
15:10:30.419 [JavaFX Application Thread] INFO  com.stickpoint.ddmusic.App - 工作目录: E:\codeData\javaProject\javafx-ddmusic\ddmuisc2
15:10:30.419 [JavaFX Application Thread] INFO  com.stickpoint.ddmusic.App - 1. 开始创建 HomePage
15:10:31.630 [JavaFX Application Thread] INFO  c.s.d.p.n.MusicPlayDetailContainer - 旋转角度: 60.0
15:10:31.786 [JavaFX Application Thread] INFO  com.stickpoint.ddmusic.App - 2. HomePage 创建成功
15:10:31.788 [JavaFX Application Thread] INFO  com.stickpoint.ddmusic.App - 3. 开始创建场景
15:10:31.852 [JavaFX Application Thread] INFO  com.stickpoint.ddmusic.App - 4. 场景创建成功
15:10:31.853 [JavaFX Application Thread] INFO  com.stickpoint.ddmusic.App - 5. 设置舞台属性
15:10:31.855 [JavaFX Application Thread] INFO  com.stickpoint.ddmusic.App - 6. 舞台属性设置完成
15:10:31.856 [JavaFX Application Thread] INFO  com.stickpoint.ddmusic.App - 7. 加载图标
15:10:31.857 [JavaFX Application Thread] INFO  com.stickpoint.ddmusic.App - 图标URL: file:/E:/codeData/javaProject/javafx-ddmusic/ddmuisc2/target/classes/img/logo.svg
15:10:31.876 [JavaFX Application Thread] INFO  com.stickpoint.ddmusic.App - 8. 图标加载成功
15:10:31.876 [JavaFX Application Thread] INFO  com.stickpoint.ddmusic.App - 9. 显示舞台
15:10:32.260 [JavaFX Application Thread] INFO  com.stickpoint.ddmusic.App - 10. 添加窗口缩放支持
15:10:32.261 [JavaFX Application Thread] INFO  com.stickpoint.ddmusic.App - 11. 居中显示
15:10:32.262 [JavaFX Application Thread] INFO  com.stickpoint.ddmusic.App - 12. 应用启动完成
15:11:13.223 [JavaFX Application Thread] INFO  c.s.d.p.node.HomePageMenuItemPanel - === ToggleGroup 监听器被触发 ===
15:11:13.224 [JavaFX Application Thread] INFO  c.s.d.p.node.HomePageMenuItemPanel - oldToggle: null
15:11:13.225 [JavaFX Application Thread] INFO  c.s.d.p.node.HomePageMenuItemPanel - newToggle: roam
15:11:13.225 [JavaFX Application Thread] INFO  c.s.d.p.node.HomePageMenuItemPanel - 当前选中的菜单项：roam
15:11:13.225 [JavaFX Application Thread] INFO  c.s.d.p.node.HomePageMenuItemPanel - ================================
15:11:13.482 [JavaFX Application Thread] INFO  c.s.d.p.node.HomePageMenuItemPanel - === ToggleGroup 监听器被触发 ===
15:11:13.482 [JavaFX Application Thread] INFO  c.s.d.p.node.HomePageMenuItemPanel - oldToggle: roam
15:11:13.483 [JavaFX Application Thread] INFO  c.s.d.p.node.HomePageMenuItemPanel - newToggle: myMusic
15:11:13.483 [JavaFX Application Thread] INFO  c.s.d.p.node.HomePageMenuItemPanel - 当前选中的菜单项：myMusic
15:11:13.484 [JavaFX Application Thread] INFO  c.s.d.p.node.HomePageMenuItemPanel - 上一个被选中的菜单项：roam
15:11:13.484 [JavaFX Application Thread] INFO  c.s.d.p.node.HomePageMenuItemPanel - ================================
15:12:18.080 [JavaFX Application Thread] INFO  com.stickpoint.ddmusic.App - === 应用启动调试信息 ===
15:12:18.082 [JavaFX Application Thread] INFO  com.stickpoint.ddmusic.App - Java 版本: 21.0.8
15:12:18.083 [JavaFX Application Thread] INFO  com.stickpoint.ddmusic.App - JavaFX 版本: 21.0.7
15:12:18.083 [JavaFX Application Thread] INFO  com.stickpoint.ddmusic.App - 工作目录: E:\codeData\javaProject\javafx-ddmusic\ddmuisc2
15:12:18.083 [JavaFX Application Thread] INFO  com.stickpoint.ddmusic.App - 1. 开始创建 HomePage
15:12:19.329 [JavaFX Application Thread] INFO  c.s.d.p.n.MusicPlayDetailContainer - 旋转角度: 60.0
15:12:19.526 [JavaFX Application Thread] INFO  com.stickpoint.ddmusic.App - 2. HomePage 创建成功
15:12:19.526 [JavaFX Application Thread] INFO  com.stickpoint.ddmusic.App - 3. 开始创建场景
15:12:19.580 [JavaFX Application Thread] INFO  com.stickpoint.ddmusic.App - 4. 场景创建成功
15:12:19.581 [JavaFX Application Thread] INFO  com.stickpoint.ddmusic.App - 5. 设置舞台属性
15:12:19.582 [JavaFX Application Thread] INFO  com.stickpoint.ddmusic.App - 6. 舞台属性设置完成
15:12:19.582 [JavaFX Application Thread] INFO  com.stickpoint.ddmusic.App - 7. 加载图标
15:12:19.583 [JavaFX Application Thread] INFO  com.stickpoint.ddmusic.App - 图标URL: file:/E:/codeData/javaProject/javafx-ddmusic/ddmuisc2/target/classes/img/logo.svg
15:12:19.587 [JavaFX Application Thread] INFO  com.stickpoint.ddmusic.App - 8. 图标加载成功
15:12:19.588 [JavaFX Application Thread] INFO  com.stickpoint.ddmusic.App - 9. 显示舞台
15:12:19.980 [JavaFX Application Thread] INFO  com.stickpoint.ddmusic.App - 10. 添加窗口缩放支持
15:12:19.982 [JavaFX Application Thread] INFO  com.stickpoint.ddmusic.App - 11. 居中显示
15:12:19.982 [JavaFX Application Thread] INFO  com.stickpoint.ddmusic.App - 12. 应用启动完成
15:12:25.811 [JavaFX Application Thread] INFO  c.s.d.p.node.HomePageMenuItemPanel - === ToggleGroup 监听器被触发 ===
15:12:25.811 [JavaFX Application Thread] INFO  c.s.d.p.node.HomePageMenuItemPanel - oldToggle: null
15:12:25.812 [JavaFX Application Thread] INFO  c.s.d.p.node.HomePageMenuItemPanel - newToggle: myMusic
15:12:25.812 [JavaFX Application Thread] INFO  c.s.d.p.node.HomePageMenuItemPanel - 当前选中的菜单项：myMusic
15:12:25.812 [JavaFX Application Thread] INFO  c.s.d.p.node.HomePageMenuItemPanel - ================================
15:13:32.608 [JavaFX Application Thread] INFO  com.stickpoint.ddmusic.App - === 应用启动调试信息 ===
15:13:32.609 [JavaFX Application Thread] INFO  com.stickpoint.ddmusic.App - Java 版本: 21.0.8
15:13:32.610 [JavaFX Application Thread] INFO  com.stickpoint.ddmusic.App - JavaFX 版本: 21.0.7
15:13:32.610 [JavaFX Application Thread] INFO  com.stickpoint.ddmusic.App - 工作目录: E:\codeData\javaProject\javafx-ddmusic\ddmuisc2
15:13:32.610 [JavaFX Application Thread] INFO  com.stickpoint.ddmusic.App - 1. 开始创建 HomePage
15:13:33.949 [JavaFX Application Thread] INFO  c.s.d.p.n.MusicPlayDetailContainer - 旋转角度: 60.0
15:13:34.187 [JavaFX Application Thread] INFO  com.stickpoint.ddmusic.App - 2. HomePage 创建成功
15:13:34.188 [JavaFX Application Thread] INFO  com.stickpoint.ddmusic.App - 3. 开始创建场景
15:13:34.246 [JavaFX Application Thread] INFO  com.stickpoint.ddmusic.App - 4. 场景创建成功
15:13:34.247 [JavaFX Application Thread] INFO  com.stickpoint.ddmusic.App - 5. 设置舞台属性
15:13:34.248 [JavaFX Application Thread] INFO  com.stickpoint.ddmusic.App - 6. 舞台属性设置完成
15:13:34.249 [JavaFX Application Thread] INFO  com.stickpoint.ddmusic.App - 7. 加载图标
15:13:34.253 [JavaFX Application Thread] INFO  com.stickpoint.ddmusic.App - 图标URL: file:/E:/codeData/javaProject/javafx-ddmusic/ddmuisc2/target/classes/img/logo.svg
15:13:34.254 [JavaFX Application Thread] INFO  com.stickpoint.ddmusic.App - 8. 图标加载成功
15:13:34.256 [JavaFX Application Thread] INFO  com.stickpoint.ddmusic.App - 9. 显示舞台
15:13:34.686 [JavaFX Application Thread] INFO  com.stickpoint.ddmusic.App - 10. 添加窗口缩放支持
15:13:34.688 [JavaFX Application Thread] INFO  com.stickpoint.ddmusic.App - 11. 居中显示
15:13:34.689 [JavaFX Application Thread] INFO  com.stickpoint.ddmusic.App - 12. 应用启动完成
15:13:38.455 [JavaFX Application Thread] INFO  c.s.d.p.node.HomePageMenuItemPanel - === ToggleGroup 监听器被触发 ===
15:13:38.456 [JavaFX Application Thread] INFO  c.s.d.p.node.HomePageMenuItemPanel - oldToggle: null
15:13:38.456 [JavaFX Application Thread] INFO  c.s.d.p.node.HomePageMenuItemPanel - newToggle: myMusic
15:13:38.456 [JavaFX Application Thread] INFO  c.s.d.p.node.HomePageMenuItemPanel - 当前选中的菜单项：myMusic
15:13:38.456 [JavaFX Application Thread] INFO  c.s.d.p.node.HomePageMenuItemPanel - ================================
15:24:34.030 [JavaFX Application Thread] INFO  com.stickpoint.ddmusic.App - === 应用启动调试信息 ===
15:24:34.033 [JavaFX Application Thread] INFO  com.stickpoint.ddmusic.App - Java 版本: 21.0.8
15:24:34.034 [JavaFX Application Thread] INFO  com.stickpoint.ddmusic.App - JavaFX 版本: 21.0.7
15:24:34.035 [JavaFX Application Thread] INFO  com.stickpoint.ddmusic.App - 工作目录: E:\codeData\javaProject\javafx-ddmusic\ddmuisc2
15:24:34.036 [JavaFX Application Thread] INFO  com.stickpoint.ddmusic.App - 1. 开始创建 HomePage
15:24:35.139 [JavaFX Application Thread] INFO  c.s.d.p.n.MusicPlayDetailContainer - 旋转角度: 60.0
15:24:35.279 [JavaFX Application Thread] INFO  com.stickpoint.ddmusic.App - 2. HomePage 创建成功
15:24:35.280 [JavaFX Application Thread] INFO  com.stickpoint.ddmusic.App - 3. 开始创建场景
15:24:35.359 [JavaFX Application Thread] INFO  com.stickpoint.ddmusic.App - 4. 场景创建成功
15:24:35.359 [JavaFX Application Thread] INFO  com.stickpoint.ddmusic.App - 5. 设置舞台属性
15:24:35.360 [JavaFX Application Thread] INFO  com.stickpoint.ddmusic.App - 6. 舞台属性设置完成
15:24:35.361 [JavaFX Application Thread] INFO  com.stickpoint.ddmusic.App - 7. 加载图标
15:24:35.362 [JavaFX Application Thread] INFO  com.stickpoint.ddmusic.App - 图标URL: file:/E:/codeData/javaProject/javafx-ddmusic/ddmuisc2/target/classes/img/logo.svg
15:24:35.363 [JavaFX Application Thread] INFO  com.stickpoint.ddmusic.App - 8. 图标加载成功
15:24:35.364 [JavaFX Application Thread] INFO  com.stickpoint.ddmusic.App - 9. 显示舞台
15:24:35.753 [JavaFX Application Thread] INFO  com.stickpoint.ddmusic.App - 10. 添加窗口缩放支持
15:24:35.756 [JavaFX Application Thread] INFO  com.stickpoint.ddmusic.App - 11. 居中显示
15:24:35.757 [JavaFX Application Thread] INFO  com.stickpoint.ddmusic.App - 12. 应用启动完成
15:24:55.395 [JavaFX Application Thread] INFO  c.s.d.p.node.HomePageMenuItemPanel - === ToggleGroup 监听器被触发 ===
15:24:55.396 [JavaFX Application Thread] INFO  c.s.d.p.node.HomePageMenuItemPanel - oldToggle: null
15:24:55.396 [JavaFX Application Thread] INFO  c.s.d.p.node.HomePageMenuItemPanel - newToggle: myMusic
15:24:55.396 [JavaFX Application Thread] INFO  c.s.d.p.node.HomePageMenuItemPanel - 当前选中的菜单项：myMusic
15:24:55.396 [JavaFX Application Thread] INFO  c.s.d.p.node.HomePageMenuItemPanel - ================================
15:29:13.210 [JavaFX Application Thread] INFO  com.stickpoint.ddmusic.App - === 应用启动调试信息 ===
15:29:13.212 [JavaFX Application Thread] INFO  com.stickpoint.ddmusic.App - Java 版本: 21.0.8
15:29:13.213 [JavaFX Application Thread] INFO  com.stickpoint.ddmusic.App - JavaFX 版本: 21.0.7
15:29:13.213 [JavaFX Application Thread] INFO  com.stickpoint.ddmusic.App - 工作目录: E:\codeData\javaProject\javafx-ddmusic\ddmuisc2
15:29:13.213 [JavaFX Application Thread] INFO  com.stickpoint.ddmusic.App - 1. 开始创建 HomePage
15:29:14.316 [JavaFX Application Thread] INFO  c.s.d.p.n.MusicPlayDetailContainer - 旋转角度: 60.0
15:29:14.460 [JavaFX Application Thread] INFO  com.stickpoint.ddmusic.App - 2. HomePage 创建成功
15:29:14.460 [JavaFX Application Thread] INFO  com.stickpoint.ddmusic.App - 3. 开始创建场景
15:29:14.518 [JavaFX Application Thread] INFO  com.stickpoint.ddmusic.App - 4. 场景创建成功
15:29:14.519 [JavaFX Application Thread] INFO  com.stickpoint.ddmusic.App - 5. 设置舞台属性
15:29:14.520 [JavaFX Application Thread] INFO  com.stickpoint.ddmusic.App - 6. 舞台属性设置完成
15:29:14.521 [JavaFX Application Thread] INFO  com.stickpoint.ddmusic.App - 7. 加载图标
15:29:14.522 [JavaFX Application Thread] INFO  com.stickpoint.ddmusic.App - 图标URL: file:/E:/codeData/javaProject/javafx-ddmusic/ddmuisc2/target/classes/img/logo.svg
15:29:14.524 [JavaFX Application Thread] INFO  com.stickpoint.ddmusic.App - 8. 图标加载成功
15:29:14.524 [JavaFX Application Thread] INFO  com.stickpoint.ddmusic.App - 9. 显示舞台
15:29:14.884 [JavaFX Application Thread] INFO  com.stickpoint.ddmusic.App - 10. 添加窗口缩放支持
15:29:14.886 [JavaFX Application Thread] INFO  com.stickpoint.ddmusic.App - 11. 居中显示
15:29:14.886 [JavaFX Application Thread] INFO  com.stickpoint.ddmusic.App - 12. 应用启动完成
15:29:28.598 [JavaFX Application Thread] INFO  c.s.d.p.node.HomePageMenuItemPanel - === ToggleGroup 监听器被触发 ===
15:29:28.598 [JavaFX Application Thread] INFO  c.s.d.p.node.HomePageMenuItemPanel - oldToggle: null
15:29:28.598 [JavaFX Application Thread] INFO  c.s.d.p.node.HomePageMenuItemPanel - newToggle: myMusic
15:29:28.599 [JavaFX Application Thread] INFO  c.s.d.p.node.HomePageMenuItemPanel - 当前选中的菜单项：myMusic
15:29:28.599 [JavaFX Application Thread] INFO  c.s.d.p.node.HomePageMenuItemPanel - ================================
15:29:43.618 [JavaFX Application Thread] INFO  c.s.d.p.n.MusicPlayDetailContainer - 加载专辑封面: https://qnm.hunliji.com/o_1j4afpm441o4vceo1eilush18pj9.jpeg
15:29:43.643 [JavaFX Application Thread] INFO  c.s.d.p.n.MusicPlayDetailContainer - 当前旋转角度: 暂停--95.0
15:29:43.802 [Thread-28] INFO  c.s.d.p.n.MusicPlayDetailContainer - 实际专辑封面URL: https://qnm.hunliji.com/o_1j4afpm441o4vceo1eilush18pj9.jpeg
15:29:43.856 [JavaFX Application Thread] INFO  c.s.d.p.n.MusicPlayDetailContainer - 图片加载进度: 10%
15:29:43.859 [JavaFX Application Thread] INFO  c.s.d.p.n.MusicPlayDetailContainer - 图片加载进度: 20%
15:29:43.860 [JavaFX Application Thread] INFO  c.s.d.p.n.MusicPlayDetailContainer - 图片加载进度: 30%
15:29:43.863 [JavaFX Application Thread] INFO  c.s.d.p.n.MusicPlayDetailContainer - 图片加载进度: 47%
15:29:43.863 [JavaFX Application Thread] INFO  c.s.d.p.n.MusicPlayDetailContainer - 图片加载进度: 57%
15:29:43.864 [JavaFX Application Thread] INFO  c.s.d.p.n.MusicPlayDetailContainer - 图片加载进度: 68%
15:29:43.864 [JavaFX Application Thread] INFO  c.s.d.p.n.MusicPlayDetailContainer - 图片加载进度: 87%
15:29:43.864 [JavaFX Application Thread] INFO  c.s.d.p.n.MusicPlayDetailContainer - 图片加载进度: 98%
15:29:43.865 [JavaFX Application Thread] INFO  c.s.d.p.n.MusicPlayDetailContainer - 图片加载进度: 100%
15:29:43.865 [JavaFX Application Thread] INFO  c.s.d.p.n.MusicPlayDetailContainer - 图片加载完成，加入缓存
15:30:43.734 [JavaFX Application Thread] INFO  c.s.d.p.node.HomePageMenuItemPanel - === ToggleGroup 监听器被触发 ===
15:30:43.734 [JavaFX Application Thread] INFO  c.s.d.p.node.HomePageMenuItemPanel - oldToggle: myMusic
15:30:43.735 [JavaFX Application Thread] INFO  c.s.d.p.node.HomePageMenuItemPanel - newToggle: roam
15:30:43.735 [JavaFX Application Thread] INFO  c.s.d.p.node.HomePageMenuItemPanel - 当前选中的菜单项：roam
15:30:43.735 [JavaFX Application Thread] INFO  c.s.d.p.node.HomePageMenuItemPanel - 上一个被选中的菜单项：myMusic
15:30:43.735 [JavaFX Application Thread] INFO  c.s.d.p.node.HomePageMenuItemPanel - ================================
15:30:44.429 [JavaFX Application Thread] INFO  c.s.d.p.node.HomePageMenuItemPanel - === ToggleGroup 监听器被触发 ===
15:30:44.429 [JavaFX Application Thread] INFO  c.s.d.p.node.HomePageMenuItemPanel - oldToggle: roam
15:30:44.429 [JavaFX Application Thread] INFO  c.s.d.p.node.HomePageMenuItemPanel - newToggle: myMusic
15:30:44.429 [JavaFX Application Thread] INFO  c.s.d.p.node.HomePageMenuItemPanel - 当前选中的菜单项：myMusic
15:30:44.430 [JavaFX Application Thread] INFO  c.s.d.p.node.HomePageMenuItemPanel - 上一个被选中的菜单项：roam
15:30:44.430 [JavaFX Application Thread] INFO  c.s.d.p.node.HomePageMenuItemPanel - ================================
15:30:55.793 [JavaFX Application Thread] INFO  c.s.d.p.n.MusicPlayDetailContainer - 加载专辑封面: https://qnm.hunliji.com/o_1j4afpm441o4vceo1eilush18pj9.jpeg
15:30:55.794 [JavaFX Application Thread] INFO  c.s.d.p.n.MusicPlayDetailContainer - 使用缓存的专辑封面
15:30:55.794 [JavaFX Application Thread] INFO  c.s.d.p.n.MusicPlayDetailContainer - 暂停旋转
15:30:55.794 [JavaFX Application Thread] INFO  c.s.d.p.n.MusicPlayDetailContainer - 当前播放状态: STOPPED
15:30:55.796 [JavaFX Application Thread] INFO  c.s.d.p.n.MusicPlayDetailContainer - 当前旋转角度: 播放--95.0
15:31:02.283 [JavaFX Application Thread] INFO  c.s.d.p.n.MusicPlayDetailContainer - 加载专辑封面: https://qnm.hunliji.com/o_1j4004gdbik71aj219fb1ahrqk4j.jpg
15:31:02.284 [JavaFX Application Thread] INFO  c.s.d.p.n.MusicPlayDetailContainer - 当前旋转角度: 暂停--95.0
15:31:02.323 [Thread-89] INFO  c.s.d.p.n.MusicPlayDetailContainer - 实际专辑封面URL: https://qnm.hunliji.com/o_1j4004gdbik71aj219fb1ahrqk4j.jpg
15:31:02.446 [JavaFX Application Thread] INFO  c.s.d.p.n.MusicPlayDetailContainer - 图片加载进度: 10%
15:31:02.453 [JavaFX Application Thread] INFO  c.s.d.p.n.MusicPlayDetailContainer - 图片加载进度: 21%
15:31:02.484 [JavaFX Application Thread] INFO  c.s.d.p.n.MusicPlayDetailContainer - 图片加载进度: 32%
15:31:02.511 [JavaFX Application Thread] INFO  c.s.d.p.n.MusicPlayDetailContainer - 图片加载进度: 43%
15:31:02.569 [JavaFX Application Thread] INFO  c.s.d.p.n.MusicPlayDetailContainer - 图片加载进度: 53%
15:31:02.571 [JavaFX Application Thread] INFO  c.s.d.p.n.MusicPlayDetailContainer - 图片加载进度: 64%
15:31:02.586 [JavaFX Application Thread] INFO  c.s.d.p.n.MusicPlayDetailContainer - 图片加载进度: 75%
15:31:02.595 [JavaFX Application Thread] INFO  c.s.d.p.n.MusicPlayDetailContainer - 图片加载进度: 86%
15:31:02.613 [JavaFX Application Thread] INFO  c.s.d.p.n.MusicPlayDetailContainer - 图片加载进度: 97%
15:31:02.613 [JavaFX Application Thread] INFO  c.s.d.p.n.MusicPlayDetailContainer - 图片加载进度: 100%
15:31:02.614 [JavaFX Application Thread] INFO  c.s.d.p.n.MusicPlayDetailContainer - 图片加载完成，加入缓存
15:31:03.783 [JavaFX Application Thread] INFO  c.s.d.p.n.MusicPlayDetailContainer - 暂停旋转
15:31:03.784 [JavaFX Application Thread] INFO  c.s.d.p.n.MusicPlayDetailContainer - 当前播放状态: PAUSED
15:31:03.784 [JavaFX Application Thread] INFO  c.s.d.p.n.MusicPlayDetailContainer - 当前旋转角度: 播放--95.0
15:31:09.430 [JavaFX Application Thread] INFO  c.s.d.p.node.HomePageMenuItemPanel - === ToggleGroup 监听器被触发 ===
15:31:09.430 [JavaFX Application Thread] INFO  c.s.d.p.node.HomePageMenuItemPanel - oldToggle: myMusic
15:31:09.430 [JavaFX Application Thread] INFO  c.s.d.p.node.HomePageMenuItemPanel - newToggle: roam
15:31:09.430 [JavaFX Application Thread] INFO  c.s.d.p.node.HomePageMenuItemPanel - 当前选中的菜单项：roam
15:31:09.430 [JavaFX Application Thread] INFO  c.s.d.p.node.HomePageMenuItemPanel - 上一个被选中的菜单项：myMusic
15:31:09.430 [JavaFX Application Thread] INFO  c.s.d.p.node.HomePageMenuItemPanel - ================================
15:31:09.867 [JavaFX Application Thread] INFO  c.s.d.p.node.HomePageMenuItemPanel - === ToggleGroup 监听器被触发 ===
15:31:09.868 [JavaFX Application Thread] INFO  c.s.d.p.node.HomePageMenuItemPanel - oldToggle: roam
15:31:09.868 [JavaFX Application Thread] INFO  c.s.d.p.node.HomePageMenuItemPanel - newToggle: myMusic
15:31:09.868 [JavaFX Application Thread] INFO  c.s.d.p.node.HomePageMenuItemPanel - 当前选中的菜单项：myMusic
15:31:09.868 [JavaFX Application Thread] INFO  c.s.d.p.node.HomePageMenuItemPanel - 上一个被选中的菜单项：roam
15:31:09.868 [JavaFX Application Thread] INFO  c.s.d.p.node.HomePageMenuItemPanel - ================================
15:31:13.309 [JavaFX Application Thread] INFO  c.s.d.p.n.MusicPlayDetailContainer - 加载专辑封面: https://qnm.hunliji.com/o_1j4afpm441o4vceo1eilush18pj9.jpeg
15:31:13.309 [JavaFX Application Thread] INFO  c.s.d.p.n.MusicPlayDetailContainer - 使用缓存的专辑封面
15:31:13.310 [JavaFX Application Thread] INFO  c.s.d.p.n.MusicPlayDetailContainer - 当前旋转角度: 暂停--95.0
15:31:16.493 [JavaFX Application Thread] INFO  c.s.d.p.n.MusicPlayDetailContainer - 加载专辑封面: https://qnm.hunliji.com/o_1j4afpm441o4vceo1eilush18pj9.jpeg
15:31:16.494 [JavaFX Application Thread] INFO  c.s.d.p.n.MusicPlayDetailContainer - 使用缓存的专辑封面
15:31:16.495 [JavaFX Application Thread] INFO  c.s.d.p.n.MusicPlayDetailContainer - 暂停旋转
15:31:16.495 [JavaFX Application Thread] INFO  c.s.d.p.n.MusicPlayDetailContainer - 当前播放状态: STOPPED
15:31:16.500 [JavaFX Application Thread] INFO  c.s.d.p.n.MusicPlayDetailContainer - 当前旋转角度: 播放--95.0
15:31:16.561 [JavaFX Application Thread] INFO  c.s.d.p.n.MusicPlayDetailContainer - 当前旋转角度: 暂停--95.0
15:32:02.657 [JavaFX Application Thread] INFO  c.s.d.p.n.MusicPlayDetailContainer - 加载专辑封面: https://qnm.hunliji.com/o_1j4afpm441o4vceo1eilush18pj9.jpeg
15:32:02.657 [JavaFX Application Thread] INFO  c.s.d.p.n.MusicPlayDetailContainer - 使用缓存的专辑封面
15:32:02.657 [JavaFX Application Thread] INFO  c.s.d.p.n.MusicPlayDetailContainer - 暂停旋转
15:32:02.658 [JavaFX Application Thread] INFO  c.s.d.p.n.MusicPlayDetailContainer - 当前播放状态: STOPPED
15:32:02.659 [JavaFX Application Thread] INFO  c.s.d.p.n.MusicPlayDetailContainer - 当前旋转角度: 播放--95.0
15:32:07.312 [JavaFX Application Thread] INFO  c.s.d.p.n.MusicPlayDetailContainer - 加载专辑封面: https://qnm.hunliji.com/o_1j4afpm441o4vceo1eilush18pj9.jpeg
15:32:07.313 [JavaFX Application Thread] INFO  c.s.d.p.n.MusicPlayDetailContainer - 使用缓存的专辑封面
15:32:07.313 [JavaFX Application Thread] INFO  c.s.d.p.n.MusicPlayDetailContainer - 当前旋转角度: 暂停--95.0
15:32:11.285 [JavaFX Application Thread] INFO  c.s.d.p.n.MusicPlayDetailContainer - 加载专辑封面: https://qnm.hunliji.com/o_1j4004gdbik71aj219fb1ahrqk4j.jpg
15:32:11.285 [JavaFX Application Thread] INFO  c.s.d.p.n.MusicPlayDetailContainer - 使用缓存的专辑封面
15:32:11.629 [JavaFX Application Thread] INFO  c.s.d.p.n.MusicPlayDetailContainer - 暂停旋转
15:32:11.629 [JavaFX Application Thread] INFO  c.s.d.p.n.MusicPlayDetailContainer - 当前播放状态: PAUSED
15:32:11.630 [JavaFX Application Thread] INFO  c.s.d.p.n.MusicPlayDetailContainer - 当前旋转角度: 播放--95.0
15:32:13.631 [JavaFX Application Thread] INFO  c.s.d.p.n.MusicPlayDetailContainer - 加载专辑封面: https://qnm.hunliji.com/o_1j4afpm441o4vceo1eilush18pj9.jpeg
15:32:13.632 [JavaFX Application Thread] INFO  c.s.d.p.n.MusicPlayDetailContainer - 使用缓存的专辑封面
15:32:13.633 [JavaFX Application Thread] INFO  c.s.d.p.n.MusicPlayDetailContainer - 当前旋转角度: 暂停--95.0
15:32:16.888 [JavaFX Application Thread] INFO  c.s.d.p.n.MusicPlayDetailContainer - 加载专辑封面: https://qnm.hunliji.com/o_1j4afpm441o4vceo1eilush18pj9.jpeg
15:32:16.888 [JavaFX Application Thread] INFO  c.s.d.p.n.MusicPlayDetailContainer - 使用缓存的专辑封面
15:32:18.465 [JavaFX Application Thread] INFO  c.s.d.p.n.MusicPlayDetailContainer - 加载专辑封面: https://qnm.hunliji.com/o_1j4afpm441o4vceo1eilush18pj9.jpeg
15:32:18.465 [JavaFX Application Thread] INFO  c.s.d.p.n.MusicPlayDetailContainer - 使用缓存的专辑封面
15:32:19.595 [JavaFX Application Thread] INFO  c.s.d.p.n.MusicPlayDetailContainer - 加载专辑封面: https://qnm.hunliji.com/o_1j4afpm441o4vceo1eilush18pj9.jpeg
15:32:19.595 [JavaFX Application Thread] INFO  c.s.d.p.n.MusicPlayDetailContainer - 使用缓存的专辑封面
15:32:22.268 [JavaFX Application Thread] INFO  c.s.d.p.n.MusicPlayDetailContainer - 加载专辑封面: https://qnm.hunliji.com/o_1j4004gdbik71aj219fb1ahrqk4j.jpg
15:32:22.268 [JavaFX Application Thread] INFO  c.s.d.p.n.MusicPlayDetailContainer - 使用缓存的专辑封面
15:32:23.404 [JavaFX Application Thread] INFO  c.s.d.p.n.MusicPlayDetailContainer - 暂停旋转
15:32:23.404 [JavaFX Application Thread] INFO  c.s.d.p.n.MusicPlayDetailContainer - 当前播放状态: PAUSED
15:32:23.404 [JavaFX Application Thread] INFO  c.s.d.p.n.MusicPlayDetailContainer - 当前旋转角度: 播放--95.0
15:32:24.684 [JavaFX Application Thread] INFO  c.s.d.p.n.MusicPlayDetailContainer - 加载专辑封面: https://qnm.hunliji.com/o_1j4afpm441o4vceo1eilush18pj9.jpeg
15:32:24.684 [JavaFX Application Thread] INFO  c.s.d.p.n.MusicPlayDetailContainer - 使用缓存的专辑封面
15:32:24.684 [JavaFX Application Thread] INFO  c.s.d.p.n.MusicPlayDetailContainer - 当前旋转角度: 暂停--95.0
15:32:29.811 [JavaFX Application Thread] INFO  c.s.d.p.n.MusicPlayDetailContainer - 加载专辑封面: https://qnm.hunliji.com/o_1j4afpm441o4vceo1eilush18pj9.jpeg
15:32:29.811 [JavaFX Application Thread] INFO  c.s.d.p.n.MusicPlayDetailContainer - 使用缓存的专辑封面
15:32:29.811 [JavaFX Application Thread] INFO  c.s.d.p.n.MusicPlayDetailContainer - 暂停旋转
15:32:29.812 [JavaFX Application Thread] INFO  c.s.d.p.n.MusicPlayDetailContainer - 当前播放状态: STOPPED
15:32:29.816 [JavaFX Application Thread] INFO  c.s.d.p.n.MusicPlayDetailContainer - 当前旋转角度: 播放--95.0
15:32:29.884 [JavaFX Application Thread] INFO  c.s.d.p.n.MusicPlayDetailContainer - 当前旋转角度: 暂停--95.0
15:36:39.912 [JavaFX Application Thread] INFO  com.stickpoint.ddmusic.App - === 应用启动调试信息 ===
15:36:39.914 [JavaFX Application Thread] INFO  com.stickpoint.ddmusic.App - Java 版本: 21.0.8
15:36:39.915 [JavaFX Application Thread] INFO  com.stickpoint.ddmusic.App - JavaFX 版本: 21.0.7
15:36:39.915 [JavaFX Application Thread] INFO  com.stickpoint.ddmusic.App - 工作目录: E:\codeData\javaProject\javafx-ddmusic\ddmuisc2
15:36:39.915 [JavaFX Application Thread] INFO  com.stickpoint.ddmusic.App - 1. 开始创建 HomePage
15:36:41.332 [JavaFX Application Thread] INFO  c.s.d.p.n.MusicPlayDetailContainer - 旋转角度: 60.0
15:36:41.533 [JavaFX Application Thread] INFO  com.stickpoint.ddmusic.App - 2. HomePage 创建成功
15:36:41.533 [JavaFX Application Thread] INFO  com.stickpoint.ddmusic.App - 3. 开始创建场景
15:36:41.623 [JavaFX Application Thread] INFO  com.stickpoint.ddmusic.App - 4. 场景创建成功
15:36:41.624 [JavaFX Application Thread] INFO  com.stickpoint.ddmusic.App - 5. 设置舞台属性
15:36:41.625 [JavaFX Application Thread] INFO  com.stickpoint.ddmusic.App - 6. 舞台属性设置完成
15:36:41.626 [JavaFX Application Thread] INFO  com.stickpoint.ddmusic.App - 7. 加载图标
15:36:41.627 [JavaFX Application Thread] INFO  com.stickpoint.ddmusic.App - 图标URL: file:/E:/codeData/javaProject/javafx-ddmusic/ddmuisc2/target/classes/img/logo.svg
15:36:41.628 [JavaFX Application Thread] INFO  com.stickpoint.ddmusic.App - 8. 图标加载成功
15:36:41.629 [JavaFX Application Thread] INFO  com.stickpoint.ddmusic.App - 9. 显示舞台
15:36:42.086 [JavaFX Application Thread] INFO  com.stickpoint.ddmusic.App - 10. 添加窗口缩放支持
15:36:42.090 [JavaFX Application Thread] INFO  com.stickpoint.ddmusic.App - 11. 居中显示
15:36:42.091 [JavaFX Application Thread] INFO  com.stickpoint.ddmusic.App - 12. 应用启动完成
15:36:59.092 [JavaFX Application Thread] INFO  c.s.d.p.node.HomePageMenuItemPanel - === ToggleGroup 监听器被触发 ===
15:36:59.093 [JavaFX Application Thread] INFO  c.s.d.p.node.HomePageMenuItemPanel - oldToggle: null
15:36:59.093 [JavaFX Application Thread] INFO  c.s.d.p.node.HomePageMenuItemPanel - newToggle: myMusic
15:36:59.093 [JavaFX Application Thread] INFO  c.s.d.p.node.HomePageMenuItemPanel - 当前选中的菜单项：myMusic
15:36:59.093 [JavaFX Application Thread] INFO  c.s.d.p.node.HomePageMenuItemPanel - ================================
15:38:40.939 [JavaFX Application Thread] INFO  c.s.d.p.n.MusicPlayDetailContainer - 加载专辑封面: https://qnm.hunliji.com/o_1j4afpm441o4vceo1eilush18pj9.jpeg
15:38:40.944 [JavaFX Application Thread] INFO  c.s.d.p.n.MusicPlayDetailContainer - 当前旋转角度: 暂停--95.0
15:38:41.004 [Thread-9] INFO  c.s.d.p.n.MusicPlayDetailContainer - 实际专辑封面URL: https://qnm.hunliji.com/o_1j4afpm441o4vceo1eilush18pj9.jpeg
15:38:41.069 [JavaFX Application Thread] INFO  c.s.d.p.n.MusicPlayDetailContainer - 图片加载进度: 10%
15:38:41.074 [JavaFX Application Thread] INFO  c.s.d.p.n.MusicPlayDetailContainer - 图片加载进度: 20%
15:38:41.076 [JavaFX Application Thread] INFO  c.s.d.p.n.MusicPlayDetailContainer - 图片加载进度: 30%
15:38:41.080 [JavaFX Application Thread] INFO  c.s.d.p.n.MusicPlayDetailContainer - 图片加载进度: 47%
15:38:41.082 [JavaFX Application Thread] INFO  c.s.d.p.n.MusicPlayDetailContainer - 图片加载进度: 57%
15:38:41.085 [JavaFX Application Thread] INFO  c.s.d.p.n.MusicPlayDetailContainer - 图片加载进度: 68%
15:38:41.087 [JavaFX Application Thread] INFO  c.s.d.p.n.MusicPlayDetailContainer - 图片加载进度: 87%
15:38:41.088 [JavaFX Application Thread] INFO  c.s.d.p.n.MusicPlayDetailContainer - 图片加载进度: 98%
15:38:41.089 [JavaFX Application Thread] INFO  c.s.d.p.n.MusicPlayDetailContainer - 图片加载进度: 100%
15:38:41.089 [JavaFX Application Thread] INFO  c.s.d.p.n.MusicPlayDetailContainer - 图片加载完成，加入缓存
15:38:42.366 [JavaFX Application Thread] INFO  c.s.d.p.n.MusicPlayDetailContainer - 加载专辑封面: https://qnm.hunliji.com/o_1j4afpm441o4vceo1eilush18pj9.jpeg
15:38:42.367 [JavaFX Application Thread] INFO  c.s.d.p.n.MusicPlayDetailContainer - 使用缓存的专辑封面
15:38:49.915 [JavaFX Application Thread] INFO  c.s.d.p.n.MusicPlayDetailContainer - 加载专辑封面: https://qnm.hunliji.com/o_1j4afpm441o4vceo1eilush18pj9.jpeg
15:38:49.915 [JavaFX Application Thread] INFO  c.s.d.p.n.MusicPlayDetailContainer - 使用缓存的专辑封面
15:38:58.508 [JavaFX Application Thread] INFO  c.s.d.p.n.MusicPlayDetailContainer - 加载专辑封面: https://qnm.hunliji.com/o_1j4afpm441o4vceo1eilush18pj9.jpeg
15:38:58.508 [JavaFX Application Thread] INFO  c.s.d.p.n.MusicPlayDetailContainer - 使用缓存的专辑封面
15:38:58.508 [JavaFX Application Thread] INFO  c.s.d.p.n.MusicPlayDetailContainer - 暂停旋转
15:38:58.509 [JavaFX Application Thread] INFO  c.s.d.p.n.MusicPlayDetailContainer - 当前播放状态: STOPPED
15:38:58.512 [JavaFX Application Thread] INFO  c.s.d.p.n.MusicPlayDetailContainer - 当前旋转角度: 播放--95.0
15:38:58.563 [JavaFX Application Thread] INFO  c.s.d.p.n.MusicPlayDetailContainer - 当前旋转角度: 暂停--95.0
15:39:01.719 [JavaFX Application Thread] INFO  c.s.d.p.n.MusicPlayDetailContainer - 加载专辑封面: https://qnm.hunliji.com/o_1j4afpm441o4vceo1eilush18pj9.jpeg
15:39:01.719 [JavaFX Application Thread] INFO  c.s.d.p.n.MusicPlayDetailContainer - 使用缓存的专辑封面
15:39:01.719 [JavaFX Application Thread] INFO  c.s.d.p.n.MusicPlayDetailContainer - 暂停旋转
15:39:01.719 [JavaFX Application Thread] INFO  c.s.d.p.n.MusicPlayDetailContainer - 当前播放状态: STOPPED
15:39:01.725 [JavaFX Application Thread] INFO  c.s.d.p.n.MusicPlayDetailContainer - 当前旋转角度: 播放--95.0
15:39:01.792 [JavaFX Application Thread] INFO  c.s.d.p.n.MusicPlayDetailContainer - 当前旋转角度: 暂停--95.0
15:40:09.188 [JavaFX Application Thread] INFO  c.s.d.p.node.HomePageMenuItemPanel - === ToggleGroup 监听器被触发 ===
15:40:09.188 [JavaFX Application Thread] INFO  c.s.d.p.node.HomePageMenuItemPanel - oldToggle: myMusic
15:40:09.189 [JavaFX Application Thread] INFO  c.s.d.p.node.HomePageMenuItemPanel - newToggle: recent
15:40:09.189 [JavaFX Application Thread] INFO  c.s.d.p.node.HomePageMenuItemPanel - 当前选中的菜单项：recent
15:40:09.189 [JavaFX Application Thread] INFO  c.s.d.p.node.HomePageMenuItemPanel - 上一个被选中的菜单项：myMusic
15:40:09.189 [JavaFX Application Thread] INFO  c.s.d.p.node.HomePageMenuItemPanel - ================================
15:40:09.700 [JavaFX Application Thread] INFO  c.s.d.p.node.HomePageMenuItemPanel - === ToggleGroup 监听器被触发 ===
15:40:09.700 [JavaFX Application Thread] INFO  c.s.d.p.node.HomePageMenuItemPanel - oldToggle: recent
15:40:09.700 [JavaFX Application Thread] INFO  c.s.d.p.node.HomePageMenuItemPanel - newToggle: myMusic
15:40:09.700 [JavaFX Application Thread] INFO  c.s.d.p.node.HomePageMenuItemPanel - 当前选中的菜单项：myMusic
15:40:09.700 [JavaFX Application Thread] INFO  c.s.d.p.node.HomePageMenuItemPanel - 上一个被选中的菜单项：recent
15:40:09.701 [JavaFX Application Thread] INFO  c.s.d.p.node.HomePageMenuItemPanel - ================================
15:40:45.748 [JavaFX Application Thread] INFO  c.s.d.p.n.MusicPlayDetailContainer - 加载专辑封面: https://qnm.hunliji.com/o_1j4afpm441o4vceo1eilush18pj9.jpeg
15:40:45.749 [JavaFX Application Thread] INFO  c.s.d.p.n.MusicPlayDetailContainer - 使用缓存的专辑封面
15:40:45.749 [JavaFX Application Thread] INFO  c.s.d.p.n.MusicPlayDetailContainer - 暂停旋转
15:40:45.749 [JavaFX Application Thread] INFO  c.s.d.p.n.MusicPlayDetailContainer - 当前播放状态: STOPPED
15:40:45.752 [JavaFX Application Thread] INFO  c.s.d.p.n.MusicPlayDetailContainer - 当前旋转角度: 播放--95.0
15:40:45.814 [JavaFX Application Thread] INFO  c.s.d.p.n.MusicPlayDetailContainer - 当前旋转角度: 暂停--95.0
15:42:40.460 [JavaFX Application Thread] INFO  c.s.d.p.n.MusicPlayDetailContainer - 暂停旋转
15:42:40.461 [JavaFX Application Thread] INFO  c.s.d.p.n.MusicPlayDetailContainer - 当前播放状态: PAUSED
15:42:40.462 [JavaFX Application Thread] INFO  c.s.d.p.n.MusicPlayDetailContainer - 当前旋转角度: 播放--95.0
15:42:40.940 [JavaFX Application Thread] INFO  c.s.d.p.n.MusicPlayDetailContainer - 当前旋转角度: 暂停--95.0
15:42:54.903 [JavaFX Application Thread] INFO  c.s.d.p.n.MusicPlayDetailContainer - 加载专辑封面: https://qnm.hunliji.com/o_1j4afpm441o4vceo1eilush18pj9.jpeg
15:42:54.903 [JavaFX Application Thread] INFO  c.s.d.p.n.MusicPlayDetailContainer - 使用缓存的专辑封面
15:42:54.903 [JavaFX Application Thread] INFO  c.s.d.p.n.MusicPlayDetailContainer - 暂停旋转
15:42:54.903 [JavaFX Application Thread] INFO  c.s.d.p.n.MusicPlayDetailContainer - 当前播放状态: STOPPED
15:42:54.912 [JavaFX Application Thread] INFO  c.s.d.p.n.MusicPlayDetailContainer - 当前旋转角度: 播放--95.0
15:42:54.958 [JavaFX Application Thread] INFO  c.s.d.p.n.MusicPlayDetailContainer - 当前旋转角度: 暂停--95.0
15:45:42.733 [JavaFX Application Thread] INFO  c.s.d.p.node.HomePageMenuItemPanel - === ToggleGroup 监听器被触发 ===
15:45:42.733 [JavaFX Application Thread] INFO  c.s.d.p.node.HomePageMenuItemPanel - oldToggle: myMusic
15:45:42.733 [JavaFX Application Thread] INFO  c.s.d.p.node.HomePageMenuItemPanel - newToggle: roam
15:45:42.733 [JavaFX Application Thread] INFO  c.s.d.p.node.HomePageMenuItemPanel - 当前选中的菜单项：roam
15:45:42.734 [JavaFX Application Thread] INFO  c.s.d.p.node.HomePageMenuItemPanel - 上一个被选中的菜单项：myMusic
15:45:42.734 [JavaFX Application Thread] INFO  c.s.d.p.node.HomePageMenuItemPanel - ================================
15:45:43.316 [JavaFX Application Thread] INFO  c.s.d.p.node.HomePageMenuItemPanel - === ToggleGroup 监听器被触发 ===
15:45:43.317 [JavaFX Application Thread] INFO  c.s.d.p.node.HomePageMenuItemPanel - oldToggle: roam
15:45:43.317 [JavaFX Application Thread] INFO  c.s.d.p.node.HomePageMenuItemPanel - newToggle: myMusic
15:45:43.317 [JavaFX Application Thread] INFO  c.s.d.p.node.HomePageMenuItemPanel - 当前选中的菜单项：myMusic
15:45:43.317 [JavaFX Application Thread] INFO  c.s.d.p.node.HomePageMenuItemPanel - 上一个被选中的菜单项：roam
15:45:43.317 [JavaFX Application Thread] INFO  c.s.d.p.node.HomePageMenuItemPanel - ================================
15:45:52.867 [JavaFX Application Thread] INFO  c.s.d.p.n.MusicPlayDetailContainer - 加载专辑封面: https://qnm.hunliji.com/o_1j4afpm441o4vceo1eilush18pj9.jpeg
15:45:52.867 [JavaFX Application Thread] INFO  c.s.d.p.n.MusicPlayDetailContainer - 使用缓存的专辑封面
15:45:52.868 [JavaFX Application Thread] INFO  c.s.d.p.n.MusicPlayDetailContainer - 暂停旋转
15:45:52.868 [JavaFX Application Thread] INFO  c.s.d.p.n.MusicPlayDetailContainer - 当前播放状态: STOPPED
15:45:52.869 [JavaFX Application Thread] INFO  c.s.d.p.n.MusicPlayDetailContainer - 当前旋转角度: 播放--95.0
15:45:52.929 [JavaFX Application Thread] INFO  c.s.d.p.n.MusicPlayDetailContainer - 当前旋转角度: 暂停--95.0
15:48:20.871 [JavaFX Application Thread] INFO  com.stickpoint.ddmusic.App - === 应用启动调试信息 ===
15:48:20.876 [JavaFX Application Thread] INFO  com.stickpoint.ddmusic.App - Java 版本: 21.0.8
15:48:20.876 [JavaFX Application Thread] INFO  com.stickpoint.ddmusic.App - JavaFX 版本: 21.0.7
15:48:20.877 [JavaFX Application Thread] INFO  com.stickpoint.ddmusic.App - 工作目录: E:\codeData\javaProject\javafx-ddmusic\ddmuisc2
15:48:20.877 [JavaFX Application Thread] INFO  com.stickpoint.ddmusic.App - 1. 开始创建 HomePage
15:48:23.802 [JavaFX Application Thread] INFO  c.s.d.p.n.MusicPlayDetailContainer - 旋转角度: 60.0
15:48:24.083 [JavaFX Application Thread] INFO  com.stickpoint.ddmusic.App - 2. HomePage 创建成功
15:48:24.084 [JavaFX Application Thread] INFO  com.stickpoint.ddmusic.App - 3. 开始创建场景
15:48:24.276 [JavaFX Application Thread] INFO  com.stickpoint.ddmusic.App - 4. 场景创建成功
15:48:24.278 [JavaFX Application Thread] INFO  com.stickpoint.ddmusic.App - 5. 设置舞台属性
15:48:24.280 [JavaFX Application Thread] INFO  com.stickpoint.ddmusic.App - 6. 舞台属性设置完成
15:48:24.281 [JavaFX Application Thread] INFO  com.stickpoint.ddmusic.App - 7. 加载图标
15:48:24.283 [JavaFX Application Thread] INFO  com.stickpoint.ddmusic.App - 图标URL: file:/E:/codeData/javaProject/javafx-ddmusic/ddmuisc2/target/classes/img/logo.svg
15:48:24.301 [JavaFX Application Thread] INFO  com.stickpoint.ddmusic.App - 8. 图标加载成功
15:48:24.302 [JavaFX Application Thread] INFO  com.stickpoint.ddmusic.App - 9. 显示舞台
15:48:25.123 [JavaFX Application Thread] INFO  com.stickpoint.ddmusic.App - 10. 添加窗口缩放支持
15:48:25.125 [JavaFX Application Thread] INFO  com.stickpoint.ddmusic.App - 11. 居中显示
15:48:25.126 [JavaFX Application Thread] INFO  com.stickpoint.ddmusic.App - 12. 应用启动完成
15:48:42.732 [JavaFX Application Thread] INFO  c.s.d.p.node.HomePageMenuItemPanel - === ToggleGroup 监听器被触发 ===
15:48:42.733 [JavaFX Application Thread] INFO  c.s.d.p.node.HomePageMenuItemPanel - oldToggle: null
15:48:42.734 [JavaFX Application Thread] INFO  c.s.d.p.node.HomePageMenuItemPanel - newToggle: myMusic
15:48:42.734 [JavaFX Application Thread] INFO  c.s.d.p.node.HomePageMenuItemPanel - 当前选中的菜单项：myMusic
15:48:42.735 [JavaFX Application Thread] INFO  c.s.d.p.node.HomePageMenuItemPanel - ================================
15:49:01.474 [JavaFX Application Thread] INFO  c.s.d.p.n.MusicPlayDetailContainer - 加载专辑封面: https://qnm.hunliji.com/o_1j4afpm441o4vceo1eilush18pj9.jpeg
15:49:01.480 [JavaFX Application Thread] INFO  c.s.d.p.n.MusicPlayDetailContainer - 当前旋转角度: 暂停--95.0
15:49:01.527 [Thread-14] INFO  c.s.d.p.n.MusicPlayDetailContainer - 实际专辑封面URL: https://qnm.hunliji.com/o_1j4afpm441o4vceo1eilush18pj9.jpeg
15:49:01.574 [JavaFX Application Thread] INFO  c.s.d.p.n.MusicPlayDetailContainer - 图片加载进度: 14%
15:49:01.574 [JavaFX Application Thread] INFO  c.s.d.p.n.MusicPlayDetailContainer - 图片加载进度: 24%
15:49:01.576 [JavaFX Application Thread] INFO  c.s.d.p.n.MusicPlayDetailContainer - 图片加载进度: 34%
15:49:01.577 [JavaFX Application Thread] INFO  c.s.d.p.n.MusicPlayDetailContainer - 图片加载进度: 44%
15:49:01.578 [JavaFX Application Thread] INFO  c.s.d.p.n.MusicPlayDetailContainer - 图片加载进度: 54%
15:49:01.578 [JavaFX Application Thread] INFO  c.s.d.p.n.MusicPlayDetailContainer - 图片加载进度: 64%
15:49:01.579 [JavaFX Application Thread] INFO  c.s.d.p.n.MusicPlayDetailContainer - 图片加载进度: 75%
15:49:01.579 [JavaFX Application Thread] INFO  c.s.d.p.n.MusicPlayDetailContainer - 图片加载进度: 85%
15:49:01.584 [JavaFX Application Thread] INFO  c.s.d.p.n.MusicPlayDetailContainer - 图片加载进度: 95%
15:49:01.584 [JavaFX Application Thread] INFO  c.s.d.p.n.MusicPlayDetailContainer - 图片加载进度: 100%
15:49:01.584 [JavaFX Application Thread] INFO  c.s.d.p.n.MusicPlayDetailContainer - 图片加载完成，加入缓存
15:52:47.479 [JavaFX Application Thread] INFO  c.s.d.p.n.MusicPlayDetailContainer - 暂停旋转
15:52:47.480 [JavaFX Application Thread] INFO  c.s.d.p.n.MusicPlayDetailContainer - 当前播放状态: STOPPED
15:52:47.485 [JavaFX Application Thread] INFO  c.s.d.p.n.MusicPlayDetailContainer - 当前旋转角度: 播放--95.0
15:58:11.301 [JavaFX Application Thread] INFO  com.stickpoint.ddmusic.App - === 应用启动调试信息 ===
15:58:11.304 [JavaFX Application Thread] INFO  com.stickpoint.ddmusic.App - Java 版本: 21.0.8
15:58:11.305 [JavaFX Application Thread] INFO  com.stickpoint.ddmusic.App - JavaFX 版本: 21.0.7
15:58:11.307 [JavaFX Application Thread] INFO  com.stickpoint.ddmusic.App - 工作目录: E:\codeData\javaProject\javafx-ddmusic\ddmuisc2
15:58:11.307 [JavaFX Application Thread] INFO  com.stickpoint.ddmusic.App - 1. 开始创建 HomePage
15:58:12.296 [JavaFX Application Thread] INFO  c.s.d.p.n.MusicPlayDetailContainer - 旋转角度: 60.0
15:58:12.444 [JavaFX Application Thread] INFO  com.stickpoint.ddmusic.App - 2. HomePage 创建成功
15:58:12.445 [JavaFX Application Thread] INFO  com.stickpoint.ddmusic.App - 3. 开始创建场景
15:58:12.487 [JavaFX Application Thread] INFO  com.stickpoint.ddmusic.App - 4. 场景创建成功
15:58:12.487 [JavaFX Application Thread] INFO  com.stickpoint.ddmusic.App - 5. 设置舞台属性
15:58:12.488 [JavaFX Application Thread] INFO  com.stickpoint.ddmusic.App - 6. 舞台属性设置完成
15:58:12.489 [JavaFX Application Thread] INFO  com.stickpoint.ddmusic.App - 7. 加载图标
15:58:12.490 [JavaFX Application Thread] INFO  com.stickpoint.ddmusic.App - 图标URL: file:/E:/codeData/javaProject/javafx-ddmusic/ddmuisc2/target/classes/img/logo.svg
15:58:12.491 [JavaFX Application Thread] INFO  com.stickpoint.ddmusic.App - 8. 图标加载成功
15:58:12.492 [JavaFX Application Thread] INFO  com.stickpoint.ddmusic.App - 9. 显示舞台
15:58:12.828 [JavaFX Application Thread] INFO  com.stickpoint.ddmusic.App - 10. 添加窗口缩放支持
15:58:12.831 [JavaFX Application Thread] INFO  com.stickpoint.ddmusic.App - 11. 居中显示
15:58:12.831 [JavaFX Application Thread] INFO  com.stickpoint.ddmusic.App - 12. 应用启动完成
16:52:39.251 [JavaFX Application Thread] INFO  com.stickpoint.ddmusic.App - === 应用启动调试信息 ===
16:52:39.253 [JavaFX Application Thread] INFO  com.stickpoint.ddmusic.App - Java 版本: 21.0.8
16:52:39.253 [JavaFX Application Thread] INFO  com.stickpoint.ddmusic.App - JavaFX 版本: 21.0.7
16:52:39.254 [JavaFX Application Thread] INFO  com.stickpoint.ddmusic.App - 工作目录: E:\codeData\javaProject\javafx-ddmusic\ddmuisc2
16:52:39.254 [JavaFX Application Thread] INFO  com.stickpoint.ddmusic.App - 1. 开始创建 HomePage
16:52:40.394 [JavaFX Application Thread] INFO  c.s.d.p.n.MusicPlayDetailContainer - 旋转角度: 60.0
16:52:40.492 [JavaFX Application Thread] INFO  com.stickpoint.ddmusic.App - 2. HomePage 创建成功
16:52:40.492 [JavaFX Application Thread] INFO  com.stickpoint.ddmusic.App - 3. 开始创建场景
16:52:40.522 [JavaFX Application Thread] INFO  com.stickpoint.ddmusic.App - 4. 场景创建成功
16:52:40.523 [JavaFX Application Thread] INFO  com.stickpoint.ddmusic.App - 5. 设置舞台属性
16:52:40.524 [JavaFX Application Thread] INFO  com.stickpoint.ddmusic.App - 6. 舞台属性设置完成
16:52:40.524 [JavaFX Application Thread] INFO  com.stickpoint.ddmusic.App - 7. 加载图标
16:52:40.525 [JavaFX Application Thread] INFO  com.stickpoint.ddmusic.App - 图标URL: file:/E:/codeData/javaProject/javafx-ddmusic/ddmuisc2/target/classes/img/logo.svg
16:52:40.526 [JavaFX Application Thread] INFO  com.stickpoint.ddmusic.App - 8. 图标加载成功
16:52:40.527 [JavaFX Application Thread] INFO  com.stickpoint.ddmusic.App - 9. 显示舞台
16:52:40.799 [JavaFX Application Thread] INFO  com.stickpoint.ddmusic.App - 10. 添加窗口缩放支持
16:52:40.801 [JavaFX Application Thread] INFO  com.stickpoint.ddmusic.App - 11. 居中显示
16:52:40.801 [JavaFX Application Thread] INFO  com.stickpoint.ddmusic.App - 12. 应用启动完成
16:52:43.205 [JavaFX Application Thread] INFO  c.s.d.p.node.HomePageMenuItemPanel - === ToggleGroup 监听器被触发 ===
16:52:43.206 [JavaFX Application Thread] INFO  c.s.d.p.node.HomePageMenuItemPanel - oldToggle: null
16:52:43.207 [JavaFX Application Thread] INFO  c.s.d.p.node.HomePageMenuItemPanel - newToggle: myMusic
16:52:43.208 [JavaFX Application Thread] INFO  c.s.d.p.node.HomePageMenuItemPanel - 当前选中的菜单项：myMusic
16:52:43.208 [JavaFX Application Thread] INFO  c.s.d.p.node.HomePageMenuItemPanel - ================================
16:52:56.785 [JavaFX Application Thread] INFO  c.s.d.p.n.MusicPlayDetailContainer - 加载专辑封面: https://qnm.hunliji.com/o_1j4afpm441o4vceo1eilush18pj9.jpeg
16:52:56.788 [JavaFX Application Thread] INFO  c.s.d.p.n.MusicPlayDetailContainer - 当前旋转角度: 暂停--95.0
16:52:56.831 [Thread-25] INFO  c.s.d.p.n.MusicPlayDetailContainer - 实际专辑封面URL: https://qnm.hunliji.com/o_1j4afpm441o4vceo1eilush18pj9.jpeg
16:52:56.888 [JavaFX Application Thread] INFO  c.s.d.p.n.MusicPlayDetailContainer - 图片加载进度: 14%
16:52:56.890 [JavaFX Application Thread] INFO  c.s.d.p.n.MusicPlayDetailContainer - 图片加载进度: 24%
16:52:56.895 [JavaFX Application Thread] INFO  c.s.d.p.n.MusicPlayDetailContainer - 图片加载进度: 34%
16:52:56.897 [JavaFX Application Thread] INFO  c.s.d.p.n.MusicPlayDetailContainer - 图片加载进度: 44%
16:52:56.898 [JavaFX Application Thread] INFO  c.s.d.p.n.MusicPlayDetailContainer - 图片加载进度: 54%
16:52:56.898 [JavaFX Application Thread] INFO  c.s.d.p.n.MusicPlayDetailContainer - 图片加载进度: 64%
16:52:56.899 [JavaFX Application Thread] INFO  c.s.d.p.n.MusicPlayDetailContainer - 图片加载进度: 75%
16:52:56.899 [JavaFX Application Thread] INFO  c.s.d.p.n.MusicPlayDetailContainer - 图片加载进度: 85%
16:52:56.901 [JavaFX Application Thread] INFO  c.s.d.p.n.MusicPlayDetailContainer - 图片加载进度: 95%
16:52:56.901 [JavaFX Application Thread] INFO  c.s.d.p.n.MusicPlayDetailContainer - 图片加载进度: 100%
16:52:56.902 [JavaFX Application Thread] INFO  c.s.d.p.n.MusicPlayDetailContainer - 图片加载完成，加入缓存
16:53:02.290 [JavaFX Application Thread] INFO  c.s.d.p.n.MusicPlayDetailContainer - 加载专辑封面: https://qnm.hunliji.com/o_1j4afpm441o4vceo1eilush18pj9.jpeg
16:53:02.291 [JavaFX Application Thread] INFO  c.s.d.p.n.MusicPlayDetailContainer - 使用缓存的专辑封面
16:53:05.284 [JavaFX Application Thread] INFO  c.s.d.p.n.MusicPlayDetailContainer - 加载专辑封面: https://qnm.hunliji.com/o_1j4afpm441o4vceo1eilush18pj9.jpeg
16:53:05.285 [JavaFX Application Thread] INFO  c.s.d.p.n.MusicPlayDetailContainer - 使用缓存的专辑封面
16:53:05.287 [JavaFX Application Thread] INFO  c.s.d.p.n.MusicPlayDetailContainer - 暂停旋转
16:53:05.287 [JavaFX Application Thread] INFO  c.s.d.p.n.MusicPlayDetailContainer - 当前播放状态: STOPPED
16:53:05.292 [JavaFX Application Thread] INFO  c.s.d.p.n.MusicPlayDetailContainer - 当前旋转角度: 播放--95.0
16:53:09.428 [JavaFX Application Thread] INFO  c.s.d.p.n.MusicPlayDetailContainer - 当前旋转角度: 暂停--95.0
16:53:11.319 [JavaFX Application Thread] INFO  c.s.d.p.n.MusicPlayDetailContainer - 加载专辑封面: https://qnm.hunliji.com/o_1j4afpm441o4vceo1eilush18pj9.jpeg
16:53:11.321 [JavaFX Application Thread] INFO  c.s.d.p.n.MusicPlayDetailContainer - 使用缓存的专辑封面
16:53:13.491 [JavaFX Application Thread] INFO  c.s.d.p.n.MusicPlayDetailContainer - 加载专辑封面: https://qnm.hunliji.com/o_1j4afpm441o4vceo1eilush18pj9.jpeg
16:53:13.492 [JavaFX Application Thread] INFO  c.s.d.p.n.MusicPlayDetailContainer - 使用缓存的专辑封面
16:53:13.494 [JavaFX Application Thread] INFO  c.s.d.p.n.MusicPlayDetailContainer - 暂停旋转
16:53:13.494 [JavaFX Application Thread] INFO  c.s.d.p.n.MusicPlayDetailContainer - 当前播放状态: STOPPED
16:53:13.497 [JavaFX Application Thread] INFO  c.s.d.p.n.MusicPlayDetailContainer - 当前旋转角度: 播放--95.0
16:53:14.632 [JavaFX Application Thread] INFO  c.s.d.p.n.MusicPlayDetailContainer - 加载专辑封面: https://qnm.hunliji.com/o_1j4afpm441o4vceo1eilush18pj9.jpeg
16:53:14.633 [JavaFX Application Thread] INFO  c.s.d.p.n.MusicPlayDetailContainer - 使用缓存的专辑封面
16:53:14.634 [JavaFX Application Thread] INFO  c.s.d.p.n.MusicPlayDetailContainer - 当前旋转角度: 暂停--95.0
16:53:23.915 [JavaFX Application Thread] INFO  c.s.d.p.node.HomePageMenuItemPanel - === ToggleGroup 监听器被触发 ===
16:53:23.916 [JavaFX Application Thread] INFO  c.s.d.p.node.HomePageMenuItemPanel - oldToggle: myMusic
16:53:23.916 [JavaFX Application Thread] INFO  c.s.d.p.node.HomePageMenuItemPanel - newToggle: recommend
16:53:23.917 [JavaFX Application Thread] INFO  c.s.d.p.node.HomePageMenuItemPanel - 当前选中的菜单项：recommend
16:53:23.917 [JavaFX Application Thread] INFO  c.s.d.p.node.HomePageMenuItemPanel - 上一个被选中的菜单项：myMusic
16:53:23.918 [JavaFX Application Thread] INFO  c.s.d.p.node.HomePageMenuItemPanel - ================================
16:53:25.500 [JavaFX Application Thread] INFO  c.s.d.p.node.HomePageMenuItemPanel - === ToggleGroup 监听器被触发 ===
16:53:25.500 [JavaFX Application Thread] INFO  c.s.d.p.node.HomePageMenuItemPanel - oldToggle: recommend
16:53:25.501 [JavaFX Application Thread] INFO  c.s.d.p.node.HomePageMenuItemPanel - newToggle: jingxuan
16:53:25.501 [JavaFX Application Thread] INFO  c.s.d.p.node.HomePageMenuItemPanel - 当前选中的菜单项：jingxuan
16:53:25.501 [JavaFX Application Thread] INFO  c.s.d.p.node.HomePageMenuItemPanel - 上一个被选中的菜单项：recommend
16:53:25.502 [JavaFX Application Thread] INFO  c.s.d.p.node.HomePageMenuItemPanel - ================================
16:55:13.563 [JavaFX Application Thread] INFO  c.s.d.p.n.MusicPlayDetailContainer - 暂停旋转
16:55:13.564 [JavaFX Application Thread] INFO  c.s.d.p.n.MusicPlayDetailContainer - 当前播放状态: PAUSED
16:55:13.564 [JavaFX Application Thread] INFO  c.s.d.p.n.MusicPlayDetailContainer - 当前旋转角度: 播放--95.0
16:57:31.470 [JavaFX Application Thread] INFO  com.stickpoint.ddmusic.App - === 应用启动调试信息 ===
16:57:31.473 [JavaFX Application Thread] INFO  com.stickpoint.ddmusic.App - Java 版本: 21.0.8
16:57:31.474 [JavaFX Application Thread] INFO  com.stickpoint.ddmusic.App - JavaFX 版本: 21.0.7
16:57:31.475 [JavaFX Application Thread] INFO  com.stickpoint.ddmusic.App - 工作目录: E:\codeData\javaProject\javafx-ddmusic\ddmuisc2
16:57:31.475 [JavaFX Application Thread] INFO  com.stickpoint.ddmusic.App - 1. 开始创建 HomePage
16:57:32.628 [JavaFX Application Thread] INFO  c.s.d.p.n.MusicPlayDetailContainer - 旋转角度: 60.0
16:57:32.772 [JavaFX Application Thread] INFO  com.stickpoint.ddmusic.App - 2. HomePage 创建成功
16:57:32.773 [JavaFX Application Thread] INFO  com.stickpoint.ddmusic.App - 3. 开始创建场景
16:57:32.848 [JavaFX Application Thread] INFO  com.stickpoint.ddmusic.App - 4. 场景创建成功
16:57:32.849 [JavaFX Application Thread] INFO  com.stickpoint.ddmusic.App - 5. 设置舞台属性
16:57:32.850 [JavaFX Application Thread] INFO  com.stickpoint.ddmusic.App - 6. 舞台属性设置完成
16:57:32.851 [JavaFX Application Thread] INFO  com.stickpoint.ddmusic.App - 7. 加载图标
16:57:32.851 [JavaFX Application Thread] INFO  com.stickpoint.ddmusic.App - 图标URL: file:/E:/codeData/javaProject/javafx-ddmusic/ddmuisc2/target/classes/img/logo.svg
16:57:32.855 [JavaFX Application Thread] INFO  com.stickpoint.ddmusic.App - 8. 图标加载成功
16:57:32.856 [JavaFX Application Thread] INFO  com.stickpoint.ddmusic.App - 9. 显示舞台
16:57:33.253 [JavaFX Application Thread] INFO  com.stickpoint.ddmusic.App - 10. 添加窗口缩放支持
16:57:33.257 [JavaFX Application Thread] INFO  com.stickpoint.ddmusic.App - 11. 居中显示
16:57:33.257 [JavaFX Application Thread] INFO  com.stickpoint.ddmusic.App - 12. 应用启动完成
17:06:09.645 [JavaFX Application Thread] INFO  c.s.d.p.node.HomePageMenuItemPanel - === ToggleGroup 监听器被触发 ===
17:06:09.645 [JavaFX Application Thread] INFO  c.s.d.p.node.HomePageMenuItemPanel - oldToggle: null
17:06:09.645 [JavaFX Application Thread] INFO  c.s.d.p.node.HomePageMenuItemPanel - newToggle: myMusic
17:06:09.645 [JavaFX Application Thread] INFO  c.s.d.p.node.HomePageMenuItemPanel - 当前选中的菜单项：myMusic
17:06:09.646 [JavaFX Application Thread] INFO  c.s.d.p.node.HomePageMenuItemPanel - ================================
17:06:10.940 [JavaFX Application Thread] INFO  c.s.d.p.n.MusicPlayDetailContainer - 加载专辑封面: https://qnm.hunliji.com/o_1j4004gdbik71aj219fb1ahrqk4j.jpg
17:06:10.943 [JavaFX Application Thread] INFO  c.s.d.p.n.MusicPlayDetailContainer - 当前旋转角度: 暂停--95.0
17:06:10.984 [Thread-13] INFO  c.s.d.p.n.MusicPlayDetailContainer - 实际专辑封面URL: https://qnm.hunliji.com/o_1j4004gdbik71aj219fb1ahrqk4j.jpg
17:06:11.094 [JavaFX Application Thread] INFO  c.s.d.p.n.MusicPlayDetailContainer - 图片加载进度: 10%
17:06:11.107 [JavaFX Application Thread] INFO  c.s.d.p.n.MusicPlayDetailContainer - 图片加载进度: 21%
17:06:11.131 [JavaFX Application Thread] INFO  c.s.d.p.n.MusicPlayDetailContainer - 图片加载进度: 32%
17:06:11.140 [JavaFX Application Thread] INFO  c.s.d.p.n.MusicPlayDetailContainer - 图片加载进度: 43%
17:06:11.144 [JavaFX Application Thread] INFO  c.s.d.p.n.MusicPlayDetailContainer - 图片加载进度: 53%
17:06:11.148 [JavaFX Application Thread] INFO  c.s.d.p.n.MusicPlayDetailContainer - 图片加载进度: 64%
17:06:11.157 [JavaFX Application Thread] INFO  c.s.d.p.n.MusicPlayDetailContainer - 图片加载进度: 75%
17:06:11.164 [JavaFX Application Thread] INFO  c.s.d.p.n.MusicPlayDetailContainer - 图片加载进度: 86%
17:06:11.169 [JavaFX Application Thread] INFO  c.s.d.p.n.MusicPlayDetailContainer - 图片加载进度: 97%
17:06:11.169 [JavaFX Application Thread] INFO  c.s.d.p.n.MusicPlayDetailContainer - 图片加载进度: 100%
17:06:11.169 [JavaFX Application Thread] INFO  c.s.d.p.n.MusicPlayDetailContainer - 图片加载完成，加入缓存
17:06:12.164 [JavaFX Application Thread] INFO  c.s.d.p.n.MusicPlayDetailContainer - 暂停旋转
17:06:12.164 [JavaFX Application Thread] INFO  c.s.d.p.n.MusicPlayDetailContainer - 当前播放状态: PAUSED
17:06:12.165 [JavaFX Application Thread] INFO  c.s.d.p.n.MusicPlayDetailContainer - 当前旋转角度: 播放--95.0
17:06:29.035 [JavaFX Application Thread] INFO  c.s.d.p.n.MusicPlayDetailContainer - 加载专辑封面: https://qnm.hunliji.com/o_1j4afpm441o4vceo1eilush18pj9.jpeg
17:06:29.036 [JavaFX Application Thread] INFO  c.s.d.p.n.MusicPlayDetailContainer - 当前旋转角度: 暂停--95.0
17:06:29.089 [Thread-1927] INFO  c.s.d.p.n.MusicPlayDetailContainer - 实际专辑封面URL: https://qnm.hunliji.com/o_1j4afpm441o4vceo1eilush18pj9.jpeg
17:06:29.142 [JavaFX Application Thread] INFO  c.s.d.p.n.MusicPlayDetailContainer - 图片加载进度: 10%
17:06:29.145 [JavaFX Application Thread] INFO  c.s.d.p.n.MusicPlayDetailContainer - 图片加载进度: 21%
17:06:29.146 [JavaFX Application Thread] INFO  c.s.d.p.n.MusicPlayDetailContainer - 图片加载进度: 31%
17:06:29.147 [JavaFX Application Thread] INFO  c.s.d.p.n.MusicPlayDetailContainer - 图片加载进度: 41%
17:06:29.148 [JavaFX Application Thread] INFO  c.s.d.p.n.MusicPlayDetailContainer - 图片加载进度: 51%
17:06:29.148 [JavaFX Application Thread] INFO  c.s.d.p.n.MusicPlayDetailContainer - 图片加载进度: 61%
17:06:29.149 [JavaFX Application Thread] INFO  c.s.d.p.n.MusicPlayDetailContainer - 图片加载进度: 71%
17:06:29.149 [JavaFX Application Thread] INFO  c.s.d.p.n.MusicPlayDetailContainer - 图片加载进度: 81%
17:06:29.150 [JavaFX Application Thread] INFO  c.s.d.p.n.MusicPlayDetailContainer - 图片加载进度: 91%
17:06:29.150 [JavaFX Application Thread] INFO  c.s.d.p.n.MusicPlayDetailContainer - 图片加载进度: 100%
17:06:29.151 [JavaFX Application Thread] INFO  c.s.d.p.n.MusicPlayDetailContainer - 图片加载完成，加入缓存
17:07:27.198 [JavaFX Application Thread] INFO  com.stickpoint.ddmusic.App - === 应用启动调试信息 ===
17:07:27.217 [JavaFX Application Thread] INFO  com.stickpoint.ddmusic.App - Java 版本: 21.0.8
17:07:27.218 [JavaFX Application Thread] INFO  com.stickpoint.ddmusic.App - JavaFX 版本: 21.0.7
17:07:27.219 [JavaFX Application Thread] INFO  com.stickpoint.ddmusic.App - 工作目录: E:\codeData\javaProject\javafx-ddmusic\ddmuisc2
17:07:27.221 [JavaFX Application Thread] INFO  com.stickpoint.ddmusic.App - 1. 开始创建 HomePage
17:07:28.927 [JavaFX Application Thread] INFO  c.s.d.p.n.MusicPlayDetailContainer - 旋转角度: 60.0
17:07:29.090 [JavaFX Application Thread] INFO  com.stickpoint.ddmusic.App - 2. HomePage 创建成功
17:07:29.091 [JavaFX Application Thread] INFO  com.stickpoint.ddmusic.App - 3. 开始创建场景
17:07:29.141 [JavaFX Application Thread] INFO  com.stickpoint.ddmusic.App - 4. 场景创建成功
17:07:29.142 [JavaFX Application Thread] INFO  com.stickpoint.ddmusic.App - 5. 设置舞台属性
17:07:29.144 [JavaFX Application Thread] INFO  com.stickpoint.ddmusic.App - 6. 舞台属性设置完成
17:07:29.145 [JavaFX Application Thread] INFO  com.stickpoint.ddmusic.App - 7. 加载图标
17:07:29.146 [JavaFX Application Thread] INFO  com.stickpoint.ddmusic.App - 图标URL: file:/E:/codeData/javaProject/javafx-ddmusic/ddmuisc2/target/classes/img/logo.svg
17:07:29.148 [JavaFX Application Thread] INFO  com.stickpoint.ddmusic.App - 8. 图标加载成功
17:07:29.148 [JavaFX Application Thread] INFO  com.stickpoint.ddmusic.App - 9. 显示舞台
17:07:29.548 [JavaFX Application Thread] INFO  com.stickpoint.ddmusic.App - 10. 添加窗口缩放支持
17:07:29.550 [JavaFX Application Thread] INFO  com.stickpoint.ddmusic.App - 11. 居中显示
17:07:29.551 [JavaFX Application Thread] INFO  com.stickpoint.ddmusic.App - 12. 应用启动完成
17:07:32.573 [JavaFX Application Thread] INFO  c.s.d.p.node.HomePageMenuItemPanel - === ToggleGroup 监听器被触发 ===
17:07:32.574 [JavaFX Application Thread] INFO  c.s.d.p.node.HomePageMenuItemPanel - oldToggle: null
17:07:32.575 [JavaFX Application Thread] INFO  c.s.d.p.node.HomePageMenuItemPanel - newToggle: recent
17:07:32.575 [JavaFX Application Thread] INFO  c.s.d.p.node.HomePageMenuItemPanel - 当前选中的菜单项：recent
17:07:32.575 [JavaFX Application Thread] INFO  c.s.d.p.node.HomePageMenuItemPanel - ================================
17:07:32.885 [JavaFX Application Thread] INFO  c.s.d.p.node.HomePageMenuItemPanel - === ToggleGroup 监听器被触发 ===
17:07:32.886 [JavaFX Application Thread] INFO  c.s.d.p.node.HomePageMenuItemPanel - oldToggle: recent
17:07:32.886 [JavaFX Application Thread] INFO  c.s.d.p.node.HomePageMenuItemPanel - newToggle: myMusic
17:07:32.887 [JavaFX Application Thread] INFO  c.s.d.p.node.HomePageMenuItemPanel - 当前选中的菜单项：myMusic
17:07:32.888 [JavaFX Application Thread] INFO  c.s.d.p.node.HomePageMenuItemPanel - 上一个被选中的菜单项：recent
17:07:32.888 [JavaFX Application Thread] INFO  c.s.d.p.node.HomePageMenuItemPanel - ================================
17:07:44.941 [JavaFX Application Thread] INFO  c.s.d.p.n.MusicPlayDetailContainer - 加载专辑封面: https://qnm.hunliji.com/o_1j4afpm441o4vceo1eilush18pj9.jpeg
17:07:44.944 [JavaFX Application Thread] INFO  c.s.d.p.n.MusicPlayDetailContainer - 当前旋转角度: 暂停--95.0
17:07:44.976 [Thread-20] INFO  c.s.d.p.n.MusicPlayDetailContainer - 实际专辑封面URL: https://qnm.hunliji.com/o_1j4afpm441o4vceo1eilush18pj9.jpeg
17:07:45.039 [JavaFX Application Thread] INFO  c.s.d.p.n.MusicPlayDetailContainer - 图片加载进度: 10%
17:07:45.040 [JavaFX Application Thread] INFO  c.s.d.p.n.MusicPlayDetailContainer - 图片加载进度: 25%
17:07:45.042 [JavaFX Application Thread] INFO  c.s.d.p.n.MusicPlayDetailContainer - 图片加载进度: 35%
17:07:45.044 [JavaFX Application Thread] INFO  c.s.d.p.n.MusicPlayDetailContainer - 图片加载进度: 45%
17:07:45.044 [JavaFX Application Thread] INFO  c.s.d.p.n.MusicPlayDetailContainer - 图片加载进度: 55%
17:07:45.045 [JavaFX Application Thread] INFO  c.s.d.p.n.MusicPlayDetailContainer - 图片加载进度: 65%
17:07:45.045 [JavaFX Application Thread] INFO  c.s.d.p.n.MusicPlayDetailContainer - 图片加载进度: 75%
17:07:45.046 [JavaFX Application Thread] INFO  c.s.d.p.n.MusicPlayDetailContainer - 图片加载进度: 85%
17:07:45.046 [JavaFX Application Thread] INFO  c.s.d.p.n.MusicPlayDetailContainer - 图片加载进度: 95%
17:07:45.048 [JavaFX Application Thread] INFO  c.s.d.p.n.MusicPlayDetailContainer - 图片加载进度: 100%
17:07:45.048 [JavaFX Application Thread] INFO  c.s.d.p.n.MusicPlayDetailContainer - 图片加载完成，加入缓存
17:11:45.856 [JavaFX Application Thread] INFO  com.stickpoint.ddmusic.App - === 应用启动调试信息 ===
17:11:45.861 [JavaFX Application Thread] INFO  com.stickpoint.ddmusic.App - Java 版本: 21.0.8
17:11:45.861 [JavaFX Application Thread] INFO  com.stickpoint.ddmusic.App - JavaFX 版本: 21.0.7
17:11:45.862 [JavaFX Application Thread] INFO  com.stickpoint.ddmusic.App - 工作目录: E:\codeData\javaProject\javafx-ddmusic\ddmuisc2
17:11:45.862 [JavaFX Application Thread] INFO  com.stickpoint.ddmusic.App - 1. 开始创建 HomePage
17:11:47.334 [JavaFX Application Thread] INFO  c.s.d.p.n.MusicPlayDetailContainer - 旋转角度: 60.0
17:11:47.494 [JavaFX Application Thread] INFO  com.stickpoint.ddmusic.App - 2. HomePage 创建成功
17:11:47.495 [JavaFX Application Thread] INFO  com.stickpoint.ddmusic.App - 3. 开始创建场景
17:11:47.543 [JavaFX Application Thread] INFO  com.stickpoint.ddmusic.App - 4. 场景创建成功
17:11:47.543 [JavaFX Application Thread] INFO  com.stickpoint.ddmusic.App - 5. 设置舞台属性
17:11:47.544 [JavaFX Application Thread] INFO  com.stickpoint.ddmusic.App - 6. 舞台属性设置完成
17:11:47.545 [JavaFX Application Thread] INFO  com.stickpoint.ddmusic.App - 7. 加载图标
17:11:47.546 [JavaFX Application Thread] INFO  com.stickpoint.ddmusic.App - 图标URL: file:/E:/codeData/javaProject/javafx-ddmusic/ddmuisc2/target/classes/img/logo.svg
17:11:47.548 [JavaFX Application Thread] INFO  com.stickpoint.ddmusic.App - 8. 图标加载成功
17:11:47.548 [JavaFX Application Thread] INFO  com.stickpoint.ddmusic.App - 9. 显示舞台
17:11:47.983 [JavaFX Application Thread] INFO  com.stickpoint.ddmusic.App - 10. 添加窗口缩放支持
17:11:47.986 [JavaFX Application Thread] INFO  com.stickpoint.ddmusic.App - 11. 居中显示
17:11:47.987 [JavaFX Application Thread] INFO  com.stickpoint.ddmusic.App - 12. 应用启动完成
17:11:53.647 [JavaFX Application Thread] INFO  c.s.d.p.n.MusicPlayDetailContainer - 加载专辑封面: https://qnm.hunliji.com/o_1j4004gdbik71aj219fb1ahrqk4j.jpg
17:11:53.649 [JavaFX Application Thread] INFO  c.s.d.p.n.MusicPlayDetailContainer - 当前旋转角度: 暂停--95.0
17:11:53.698 [Thread-13] INFO  c.s.d.p.n.MusicPlayDetailContainer - 实际专辑封面URL: https://qnm.hunliji.com/o_1j4004gdbik71aj219fb1ahrqk4j.jpg
17:11:53.777 [JavaFX Application Thread] INFO  c.s.d.p.n.MusicPlayDetailContainer - 图片加载进度: 11%
17:11:53.797 [JavaFX Application Thread] INFO  c.s.d.p.n.MusicPlayDetailContainer - 图片加载进度: 22%
17:11:53.843 [JavaFX Application Thread] INFO  c.s.d.p.n.MusicPlayDetailContainer - 图片加载进度: 33%
17:11:53.951 [JavaFX Application Thread] INFO  c.s.d.p.n.MusicPlayDetailContainer - 图片加载进度: 43%
17:11:53.953 [JavaFX Application Thread] INFO  c.s.d.p.n.MusicPlayDetailContainer - 图片加载进度: 54%
17:11:53.954 [JavaFX Application Thread] INFO  c.s.d.p.n.MusicPlayDetailContainer - 图片加载进度: 65%
17:11:54.007 [JavaFX Application Thread] INFO  c.s.d.p.n.MusicPlayDetailContainer - 图片加载进度: 76%
17:11:54.023 [JavaFX Application Thread] INFO  c.s.d.p.n.MusicPlayDetailContainer - 图片加载进度: 86%
17:11:54.052 [JavaFX Application Thread] INFO  c.s.d.p.n.MusicPlayDetailContainer - 图片加载进度: 97%
17:11:54.058 [JavaFX Application Thread] INFO  c.s.d.p.n.MusicPlayDetailContainer - 图片加载进度: 100%
17:11:54.058 [JavaFX Application Thread] INFO  c.s.d.p.n.MusicPlayDetailContainer - 图片加载完成，加入缓存
17:11:56.220 [JavaFX Application Thread] INFO  c.s.d.p.n.MusicPlayDetailContainer - 暂停旋转
17:11:56.221 [JavaFX Application Thread] INFO  c.s.d.p.n.MusicPlayDetailContainer - 当前播放状态: PAUSED
17:11:56.222 [JavaFX Application Thread] INFO  c.s.d.p.n.MusicPlayDetailContainer - 当前旋转角度: 播放--95.0
17:11:57.844 [JavaFX Application Thread] INFO  c.s.d.p.node.HomePageMenuItemPanel - === ToggleGroup 监听器被触发 ===
17:11:57.844 [JavaFX Application Thread] INFO  c.s.d.p.node.HomePageMenuItemPanel - oldToggle: null
17:11:57.844 [JavaFX Application Thread] INFO  c.s.d.p.node.HomePageMenuItemPanel - newToggle: myMusic
17:11:57.844 [JavaFX Application Thread] INFO  c.s.d.p.node.HomePageMenuItemPanel - 当前选中的菜单项：myMusic
17:11:57.845 [JavaFX Application Thread] INFO  c.s.d.p.node.HomePageMenuItemPanel - ================================
17:12:08.856 [JavaFX Application Thread] INFO  c.s.d.p.n.MusicPlayDetailContainer - 加载专辑封面: https://qnm.hunliji.com/o_1j4afpm441o4vceo1eilush18pj9.jpeg
17:12:08.857 [JavaFX Application Thread] INFO  c.s.d.p.n.MusicPlayDetailContainer - 当前旋转角度: 暂停--95.0
17:12:08.868 [Thread-1937] INFO  c.s.d.p.n.MusicPlayDetailContainer - 实际专辑封面URL: https://qnm.hunliji.com/o_1j4afpm441o4vceo1eilush18pj9.jpeg
17:12:08.911 [JavaFX Application Thread] INFO  c.s.d.p.n.MusicPlayDetailContainer - 图片加载进度: 10%
17:12:08.914 [JavaFX Application Thread] INFO  c.s.d.p.n.MusicPlayDetailContainer - 图片加载进度: 21%
17:12:08.915 [JavaFX Application Thread] INFO  c.s.d.p.n.MusicPlayDetailContainer - 图片加载进度: 31%
17:12:08.917 [JavaFX Application Thread] INFO  c.s.d.p.n.MusicPlayDetailContainer - 图片加载进度: 41%
17:12:08.919 [JavaFX Application Thread] INFO  c.s.d.p.n.MusicPlayDetailContainer - 图片加载进度: 51%
17:12:08.919 [JavaFX Application Thread] INFO  c.s.d.p.n.MusicPlayDetailContainer - 图片加载进度: 61%
17:12:08.920 [JavaFX Application Thread] INFO  c.s.d.p.n.MusicPlayDetailContainer - 图片加载进度: 71%
17:12:08.922 [JavaFX Application Thread] INFO  c.s.d.p.n.MusicPlayDetailContainer - 图片加载进度: 81%
17:12:08.922 [JavaFX Application Thread] INFO  c.s.d.p.n.MusicPlayDetailContainer - 图片加载进度: 91%
17:12:08.922 [JavaFX Application Thread] INFO  c.s.d.p.n.MusicPlayDetailContainer - 图片加载进度: 100%
17:12:08.924 [JavaFX Application Thread] INFO  c.s.d.p.n.MusicPlayDetailContainer - 图片加载完成，加入缓存
17:13:14.488 [JavaFX Application Thread] INFO  c.s.d.p.n.MusicPlayDetailContainer - 加载专辑封面: https://qnm.hunliji.com/o_1j4afpm441o4vceo1eilush18pj9.jpeg
17:13:14.488 [JavaFX Application Thread] INFO  c.s.d.p.n.MusicPlayDetailContainer - 使用缓存的专辑封面
17:13:14.489 [JavaFX Application Thread] INFO  c.s.d.p.n.MusicPlayDetailContainer - 暂停旋转
17:13:14.489 [JavaFX Application Thread] INFO  c.s.d.p.n.MusicPlayDetailContainer - 当前播放状态: STOPPED
17:13:14.562 [JavaFX Application Thread] INFO  c.s.d.p.n.MusicPlayDetailContainer - 当前旋转角度: 播放--95.0
17:13:14.569 [JavaFX Application Thread] INFO  c.s.d.p.n.MusicPlayDetailContainer - 当前旋转角度: 暂停--95.0
17:13:45.803 [JavaFX Application Thread] INFO  c.s.d.p.node.HomePageMenuItemPanel - === ToggleGroup 监听器被触发 ===
17:13:45.804 [JavaFX Application Thread] INFO  c.s.d.p.node.HomePageMenuItemPanel - oldToggle: myMusic
17:13:45.804 [JavaFX Application Thread] INFO  c.s.d.p.node.HomePageMenuItemPanel - newToggle: recent
17:13:45.804 [JavaFX Application Thread] INFO  c.s.d.p.node.HomePageMenuItemPanel - 当前选中的菜单项：recent
17:13:45.804 [JavaFX Application Thread] INFO  c.s.d.p.node.HomePageMenuItemPanel - 上一个被选中的菜单项：myMusic
17:13:45.805 [JavaFX Application Thread] INFO  c.s.d.p.node.HomePageMenuItemPanel - ================================
17:13:46.414 [JavaFX Application Thread] INFO  c.s.d.p.node.HomePageMenuItemPanel - === ToggleGroup 监听器被触发 ===
17:13:46.414 [JavaFX Application Thread] INFO  c.s.d.p.node.HomePageMenuItemPanel - oldToggle: recent
17:13:46.414 [JavaFX Application Thread] INFO  c.s.d.p.node.HomePageMenuItemPanel - newToggle: myPlaylist
17:13:46.414 [JavaFX Application Thread] INFO  c.s.d.p.node.HomePageMenuItemPanel - 当前选中的菜单项：myPlaylist
17:13:46.415 [JavaFX Application Thread] INFO  c.s.d.p.node.HomePageMenuItemPanel - 上一个被选中的菜单项：recent
17:13:46.415 [JavaFX Application Thread] INFO  c.s.d.p.node.HomePageMenuItemPanel - ================================
17:13:47.571 [JavaFX Application Thread] INFO  c.s.d.p.node.HomePageMenuItemPanel - === ToggleGroup 监听器被触发 ===
17:13:47.572 [JavaFX Application Thread] INFO  c.s.d.p.node.HomePageMenuItemPanel - oldToggle: myPlaylist
17:13:47.572 [JavaFX Application Thread] INFO  c.s.d.p.node.HomePageMenuItemPanel - newToggle: recommend
17:13:47.572 [JavaFX Application Thread] INFO  c.s.d.p.node.HomePageMenuItemPanel - 当前选中的菜单项：recommend
17:13:47.572 [JavaFX Application Thread] INFO  c.s.d.p.node.HomePageMenuItemPanel - 上一个被选中的菜单项：myPlaylist
17:13:47.573 [JavaFX Application Thread] INFO  c.s.d.p.node.HomePageMenuItemPanel - ================================
17:13:48.011 [JavaFX Application Thread] INFO  c.s.d.p.node.HomePageMenuItemPanel - === ToggleGroup 监听器被触发 ===
17:13:48.012 [JavaFX Application Thread] INFO  c.s.d.p.node.HomePageMenuItemPanel - oldToggle: recommend
17:13:48.012 [JavaFX Application Thread] INFO  c.s.d.p.node.HomePageMenuItemPanel - newToggle: jingxuan
17:13:48.012 [JavaFX Application Thread] INFO  c.s.d.p.node.HomePageMenuItemPanel - 当前选中的菜单项：jingxuan
17:13:48.012 [JavaFX Application Thread] INFO  c.s.d.p.node.HomePageMenuItemPanel - 上一个被选中的菜单项：recommend
17:13:48.012 [JavaFX Application Thread] INFO  c.s.d.p.node.HomePageMenuItemPanel - ================================
17:13:48.462 [JavaFX Application Thread] INFO  c.s.d.p.node.HomePageMenuItemPanel - === ToggleGroup 监听器被触发 ===
17:13:48.463 [JavaFX Application Thread] INFO  c.s.d.p.node.HomePageMenuItemPanel - oldToggle: jingxuan
17:13:48.463 [JavaFX Application Thread] INFO  c.s.d.p.node.HomePageMenuItemPanel - newToggle: podcast
17:13:48.463 [JavaFX Application Thread] INFO  c.s.d.p.node.HomePageMenuItemPanel - 当前选中的菜单项：podcast
17:13:48.463 [JavaFX Application Thread] INFO  c.s.d.p.node.HomePageMenuItemPanel - 上一个被选中的菜单项：jingxuan
17:13:48.463 [JavaFX Application Thread] INFO  c.s.d.p.node.HomePageMenuItemPanel - ================================
17:13:48.829 [JavaFX Application Thread] INFO  c.s.d.p.node.HomePageMenuItemPanel - === ToggleGroup 监听器被触发 ===
17:13:48.829 [JavaFX Application Thread] INFO  c.s.d.p.node.HomePageMenuItemPanel - oldToggle: podcast
17:13:48.829 [JavaFX Application Thread] INFO  c.s.d.p.node.HomePageMenuItemPanel - newToggle: roam
17:13:48.829 [JavaFX Application Thread] INFO  c.s.d.p.node.HomePageMenuItemPanel - 当前选中的菜单项：roam
17:13:48.829 [JavaFX Application Thread] INFO  c.s.d.p.node.HomePageMenuItemPanel - 上一个被选中的菜单项：podcast
17:13:48.830 [JavaFX Application Thread] INFO  c.s.d.p.node.HomePageMenuItemPanel - ================================
17:13:49.454 [JavaFX Application Thread] INFO  c.s.d.p.node.HomePageMenuItemPanel - === ToggleGroup 监听器被触发 ===
17:13:49.454 [JavaFX Application Thread] INFO  c.s.d.p.node.HomePageMenuItemPanel - oldToggle: roam
17:13:49.454 [JavaFX Application Thread] INFO  c.s.d.p.node.HomePageMenuItemPanel - newToggle: myMusic
17:13:49.454 [JavaFX Application Thread] INFO  c.s.d.p.node.HomePageMenuItemPanel - 当前选中的菜单项：myMusic
17:13:49.454 [JavaFX Application Thread] INFO  c.s.d.p.node.HomePageMenuItemPanel - 上一个被选中的菜单项：roam
17:13:49.454 [JavaFX Application Thread] INFO  c.s.d.p.node.HomePageMenuItemPanel - ================================
17:13:49.885 [JavaFX Application Thread] INFO  c.s.d.p.node.HomePageMenuItemPanel - === ToggleGroup 监听器被触发 ===
17:13:49.886 [JavaFX Application Thread] INFO  c.s.d.p.node.HomePageMenuItemPanel - oldToggle: myMusic
17:13:49.886 [JavaFX Application Thread] INFO  c.s.d.p.node.HomePageMenuItemPanel - newToggle: recent
17:13:49.886 [JavaFX Application Thread] INFO  c.s.d.p.node.HomePageMenuItemPanel - 当前选中的菜单项：recent
17:13:49.886 [JavaFX Application Thread] INFO  c.s.d.p.node.HomePageMenuItemPanel - 上一个被选中的菜单项：myMusic
17:13:49.887 [JavaFX Application Thread] INFO  c.s.d.p.node.HomePageMenuItemPanel - ================================
17:13:54.229 [JavaFX Application Thread] INFO  c.s.d.p.node.HomePageMenuItemPanel - === ToggleGroup 监听器被触发 ===
17:13:54.230 [JavaFX Application Thread] INFO  c.s.d.p.node.HomePageMenuItemPanel - oldToggle: recent
17:13:54.230 [JavaFX Application Thread] INFO  c.s.d.p.node.HomePageMenuItemPanel - newToggle: myMusic
17:13:54.230 [JavaFX Application Thread] INFO  c.s.d.p.node.HomePageMenuItemPanel - 当前选中的菜单项：myMusic
17:13:54.230 [JavaFX Application Thread] INFO  c.s.d.p.node.HomePageMenuItemPanel - 上一个被选中的菜单项：recent
17:13:54.230 [JavaFX Application Thread] INFO  c.s.d.p.node.HomePageMenuItemPanel - ================================
17:13:55.221 [JavaFX Application Thread] INFO  c.s.d.p.node.HomePageMenuItemPanel - === ToggleGroup 监听器被触发 ===
17:13:55.221 [JavaFX Application Thread] INFO  c.s.d.p.node.HomePageMenuItemPanel - oldToggle: myMusic
17:13:55.221 [JavaFX Application Thread] INFO  c.s.d.p.node.HomePageMenuItemPanel - newToggle: recommend
17:13:55.221 [JavaFX Application Thread] INFO  c.s.d.p.node.HomePageMenuItemPanel - 当前选中的菜单项：recommend
17:13:55.221 [JavaFX Application Thread] INFO  c.s.d.p.node.HomePageMenuItemPanel - 上一个被选中的菜单项：myMusic
17:13:55.221 [JavaFX Application Thread] INFO  c.s.d.p.node.HomePageMenuItemPanel - ================================
17:13:56.892 [JavaFX Application Thread] INFO  c.s.d.p.node.HomePageMenuItemPanel - === ToggleGroup 监听器被触发 ===
17:13:56.892 [JavaFX Application Thread] INFO  c.s.d.p.node.HomePageMenuItemPanel - oldToggle: recommend
17:13:56.893 [JavaFX Application Thread] INFO  c.s.d.p.node.HomePageMenuItemPanel - newToggle: jingxuan
17:13:56.893 [JavaFX Application Thread] INFO  c.s.d.p.node.HomePageMenuItemPanel - 当前选中的菜单项：jingxuan
17:13:56.893 [JavaFX Application Thread] INFO  c.s.d.p.node.HomePageMenuItemPanel - 上一个被选中的菜单项：recommend
17:13:56.893 [JavaFX Application Thread] INFO  c.s.d.p.node.HomePageMenuItemPanel - ================================
17:13:57.236 [JavaFX Application Thread] INFO  c.s.d.p.node.HomePageMenuItemPanel - === ToggleGroup 监听器被触发 ===
17:13:57.236 [JavaFX Application Thread] INFO  c.s.d.p.node.HomePageMenuItemPanel - oldToggle: jingxuan
17:13:57.237 [JavaFX Application Thread] INFO  c.s.d.p.node.HomePageMenuItemPanel - newToggle: roam
17:13:57.237 [JavaFX Application Thread] INFO  c.s.d.p.node.HomePageMenuItemPanel - 当前选中的菜单项：roam
17:13:57.237 [JavaFX Application Thread] INFO  c.s.d.p.node.HomePageMenuItemPanel - 上一个被选中的菜单项：jingxuan
17:13:57.237 [JavaFX Application Thread] INFO  c.s.d.p.node.HomePageMenuItemPanel - ================================
17:13:57.534 [JavaFX Application Thread] INFO  c.s.d.p.node.HomePageMenuItemPanel - === ToggleGroup 监听器被触发 ===
17:13:57.535 [JavaFX Application Thread] INFO  c.s.d.p.node.HomePageMenuItemPanel - oldToggle: roam
17:13:57.535 [JavaFX Application Thread] INFO  c.s.d.p.node.HomePageMenuItemPanel - newToggle: recent
17:13:57.535 [JavaFX Application Thread] INFO  c.s.d.p.node.HomePageMenuItemPanel - 当前选中的菜单项：recent
17:13:57.535 [JavaFX Application Thread] INFO  c.s.d.p.node.HomePageMenuItemPanel - 上一个被选中的菜单项：roam
17:13:57.535 [JavaFX Application Thread] INFO  c.s.d.p.node.HomePageMenuItemPanel - ================================
17:13:57.812 [JavaFX Application Thread] INFO  c.s.d.p.node.HomePageMenuItemPanel - === ToggleGroup 监听器被触发 ===
17:13:57.812 [JavaFX Application Thread] INFO  c.s.d.p.node.HomePageMenuItemPanel - oldToggle: recent
17:13:57.812 [JavaFX Application Thread] INFO  c.s.d.p.node.HomePageMenuItemPanel - newToggle: myPlaylist
17:13:57.812 [JavaFX Application Thread] INFO  c.s.d.p.node.HomePageMenuItemPanel - 当前选中的菜单项：myPlaylist
17:13:57.812 [JavaFX Application Thread] INFO  c.s.d.p.node.HomePageMenuItemPanel - 上一个被选中的菜单项：recent
17:13:57.812 [JavaFX Application Thread] INFO  c.s.d.p.node.HomePageMenuItemPanel - ================================
17:13:58.155 [JavaFX Application Thread] INFO  c.s.d.p.node.HomePageMenuItemPanel - === ToggleGroup 监听器被触发 ===
17:13:58.155 [JavaFX Application Thread] INFO  c.s.d.p.node.HomePageMenuItemPanel - oldToggle: myPlaylist
17:13:58.155 [JavaFX Application Thread] INFO  c.s.d.p.node.HomePageMenuItemPanel - newToggle: roam
17:13:58.156 [JavaFX Application Thread] INFO  c.s.d.p.node.HomePageMenuItemPanel - 当前选中的菜单项：roam
17:13:58.156 [JavaFX Application Thread] INFO  c.s.d.p.node.HomePageMenuItemPanel - 上一个被选中的菜单项：myPlaylist
17:13:58.156 [JavaFX Application Thread] INFO  c.s.d.p.node.HomePageMenuItemPanel - ================================
17:13:58.454 [JavaFX Application Thread] INFO  c.s.d.p.node.HomePageMenuItemPanel - === ToggleGroup 监听器被触发 ===
17:13:58.454 [JavaFX Application Thread] INFO  c.s.d.p.node.HomePageMenuItemPanel - oldToggle: roam
17:13:58.454 [JavaFX Application Thread] INFO  c.s.d.p.node.HomePageMenuItemPanel - newToggle: podcast
17:13:58.454 [JavaFX Application Thread] INFO  c.s.d.p.node.HomePageMenuItemPanel - 当前选中的菜单项：podcast
17:13:58.454 [JavaFX Application Thread] INFO  c.s.d.p.node.HomePageMenuItemPanel - 上一个被选中的菜单项：roam
17:13:58.454 [JavaFX Application Thread] INFO  c.s.d.p.node.HomePageMenuItemPanel - ================================
17:13:58.709 [JavaFX Application Thread] INFO  c.s.d.p.node.HomePageMenuItemPanel - === ToggleGroup 监听器被触发 ===
17:13:58.709 [JavaFX Application Thread] INFO  c.s.d.p.node.HomePageMenuItemPanel - oldToggle: podcast
17:13:58.709 [JavaFX Application Thread] INFO  c.s.d.p.node.HomePageMenuItemPanel - newToggle: jingxuan
17:13:58.709 [JavaFX Application Thread] INFO  c.s.d.p.node.HomePageMenuItemPanel - 当前选中的菜单项：jingxuan
17:13:58.710 [JavaFX Application Thread] INFO  c.s.d.p.node.HomePageMenuItemPanel - 上一个被选中的菜单项：podcast
17:13:58.710 [JavaFX Application Thread] INFO  c.s.d.p.node.HomePageMenuItemPanel - ================================
17:13:59.021 [JavaFX Application Thread] INFO  c.s.d.p.node.HomePageMenuItemPanel - === ToggleGroup 监听器被触发 ===
17:13:59.021 [JavaFX Application Thread] INFO  c.s.d.p.node.HomePageMenuItemPanel - oldToggle: jingxuan
17:13:59.021 [JavaFX Application Thread] INFO  c.s.d.p.node.HomePageMenuItemPanel - newToggle: roam
17:13:59.021 [JavaFX Application Thread] INFO  c.s.d.p.node.HomePageMenuItemPanel - 当前选中的菜单项：roam
17:13:59.021 [JavaFX Application Thread] INFO  c.s.d.p.node.HomePageMenuItemPanel - 上一个被选中的菜单项：jingxuan
17:13:59.021 [JavaFX Application Thread] INFO  c.s.d.p.node.HomePageMenuItemPanel - ================================
17:13:59.565 [JavaFX Application Thread] INFO  c.s.d.p.node.HomePageMenuItemPanel - === ToggleGroup 监听器被触发 ===
17:13:59.566 [JavaFX Application Thread] INFO  c.s.d.p.node.HomePageMenuItemPanel - oldToggle: roam
17:13:59.566 [JavaFX Application Thread] INFO  c.s.d.p.node.HomePageMenuItemPanel - newToggle: myMusic
17:13:59.566 [JavaFX Application Thread] INFO  c.s.d.p.node.HomePageMenuItemPanel - 当前选中的菜单项：myMusic
17:13:59.566 [JavaFX Application Thread] INFO  c.s.d.p.node.HomePageMenuItemPanel - 上一个被选中的菜单项：roam
17:13:59.567 [JavaFX Application Thread] INFO  c.s.d.p.node.HomePageMenuItemPanel - ================================
17:13:59.822 [JavaFX Application Thread] INFO  c.s.d.p.node.HomePageMenuItemPanel - === ToggleGroup 监听器被触发 ===
17:13:59.822 [JavaFX Application Thread] INFO  c.s.d.p.node.HomePageMenuItemPanel - oldToggle: myMusic
17:13:59.822 [JavaFX Application Thread] INFO  c.s.d.p.node.HomePageMenuItemPanel - newToggle: recent
17:13:59.822 [JavaFX Application Thread] INFO  c.s.d.p.node.HomePageMenuItemPanel - 当前选中的菜单项：recent
17:13:59.822 [JavaFX Application Thread] INFO  c.s.d.p.node.HomePageMenuItemPanel - 上一个被选中的菜单项：myMusic
17:13:59.822 [JavaFX Application Thread] INFO  c.s.d.p.node.HomePageMenuItemPanel - ================================
17:14:00.597 [JavaFX Application Thread] INFO  c.s.d.p.node.HomePageMenuItemPanel - === ToggleGroup 监听器被触发 ===
17:14:00.597 [JavaFX Application Thread] INFO  c.s.d.p.node.HomePageMenuItemPanel - oldToggle: recent
17:14:00.598 [JavaFX Application Thread] INFO  c.s.d.p.node.HomePageMenuItemPanel - newToggle: myPlaylist
17:14:00.598 [JavaFX Application Thread] INFO  c.s.d.p.node.HomePageMenuItemPanel - 当前选中的菜单项：myPlaylist
17:14:00.598 [JavaFX Application Thread] INFO  c.s.d.p.node.HomePageMenuItemPanel - 上一个被选中的菜单项：recent
17:14:00.598 [JavaFX Application Thread] INFO  c.s.d.p.node.HomePageMenuItemPanel - ================================
17:14:01.387 [JavaFX Application Thread] INFO  c.s.d.p.node.HomePageMenuItemPanel - === ToggleGroup 监听器被触发 ===
17:14:01.387 [JavaFX Application Thread] INFO  c.s.d.p.node.HomePageMenuItemPanel - oldToggle: myPlaylist
17:14:01.387 [JavaFX Application Thread] INFO  c.s.d.p.node.HomePageMenuItemPanel - newToggle: recommend
17:14:01.387 [JavaFX Application Thread] INFO  c.s.d.p.node.HomePageMenuItemPanel - 当前选中的菜单项：recommend
17:14:01.388 [JavaFX Application Thread] INFO  c.s.d.p.node.HomePageMenuItemPanel - 上一个被选中的菜单项：myPlaylist
17:14:01.388 [JavaFX Application Thread] INFO  c.s.d.p.node.HomePageMenuItemPanel - ================================
17:14:02.651 [JavaFX Application Thread] INFO  c.s.d.p.node.HomePageMenuItemPanel - === ToggleGroup 监听器被触发 ===
17:14:02.652 [JavaFX Application Thread] INFO  c.s.d.p.node.HomePageMenuItemPanel - oldToggle: recommend
17:14:02.652 [JavaFX Application Thread] INFO  c.s.d.p.node.HomePageMenuItemPanel - newToggle: roam
17:14:02.652 [JavaFX Application Thread] INFO  c.s.d.p.node.HomePageMenuItemPanel - 当前选中的菜单项：roam
17:14:02.652 [JavaFX Application Thread] INFO  c.s.d.p.node.HomePageMenuItemPanel - 上一个被选中的菜单项：recommend
17:14:02.652 [JavaFX Application Thread] INFO  c.s.d.p.node.HomePageMenuItemPanel - ================================
17:14:09.634 [Thread-2069] INFO  c.s.d.p.node.SearchResultContainer - 开始搜索关键词: 那不是雪中红
17:14:09.635 [Thread-2069] INFO  c.s.d.common.utils.TuneHubApiUtils - 聚合搜索歌曲: 关键词=那不是雪中红
17:14:16.243 [Thread-2069] INFO  c.s.d.p.node.SearchResultContainer - 搜索结果JSON: {"code":200,"message":"success","data":{"keyword":"那不是雪中红","limit":10,"page":1,"platforms":["netease","qq","kuwo"],"platformStats":{"netease":{"success":false,"count":0,"duration":25,"error":"搜索失败"},"qq":{"success":false,"count":0,"duration":6200,"error":"搜索 \"那不是雪中红\" 失败: connect ECONNREFUSED 38.175.197.155:8888"},"kuwo":{"success":true,"count":10,"duration":196,"error":null}},"total":10,"results":[{"id":"1096383","name":"那不是雪中红","artist":"JPM","album":"月球漫步","platform":"kuwo","url":"https://music-dl.sayqz.com/api/?source=kuwo&id=1096383&type=url","pic":"https://music-dl.sayqz.com/api/?source=kuwo&id=1096383&type=pic","lrc":"https://music-dl.sayqz.com/api/?source=kuwo&id=1096383&type=lrc"},{"id":"473136060","name":"那不是雪中红 (cover: JPM) (其他)","artist":"满君","album":"满不在乎","platform":"kuwo","url":"https://music-dl.sayqz.com/api/?source=kuwo&id=473136060&type=url","pic":"https://music-dl.sayqz.com/api/?source=kuwo&id=473136060&type=pic","lrc":"https://music-dl.sayqz.com/api/?source=kuwo&id=473136060&type=lrc"},{"id":"360422954","name":"那不是雪中红 (cover: JPM)","artist":"Eirene","album":"between u & us","platform":"kuwo","url":"https://music-dl.sayqz.com/api/?source=kuwo&id=360422954&type=url","pic":"https://music-dl.sayqz.com/api/?source=kuwo&id=360422954&type=pic","lrc":"https://music-dl.sayqz.com/api/?source=kuwo&id=360422954&type=lrc"},{"id":"323006719","name":"那不是雪中红","artist":"模仿翻唱","album":"","platform":"kuwo","url":"https://music-dl.sayqz.com/api/?source=kuwo&id=323006719&type=url","pic":"https://music-dl.sayqz.com/api/?source=kuwo&id=323006719&type=pic","lrc":"https://music-dl.sayqz.com/api/?source=kuwo&id=323006719&type=lrc"},{"id":"192067176","name":"那不是雪中红 (cover: JPM)","artist":"SoulShow刘恩昊","album":"是否能对你说出好久不见","platform":"kuwo","url":"https://music-dl.sayqz.com/api/?source=kuwo&id=192067176&type=url","pic":"https://music-dl.sayqz.com/api/?source=kuwo&id=192067176&type=pic","lrc":"https://music-dl.sayqz.com/api/?source=kuwo&id=192067176&type=lrc"},{"id":"280880978","name":"那不是雪中红 (cover: JPM)","artist":"billy911","album":"Snow Red","platform":"kuwo","url":"https://music-dl.sayqz.com/api/?source=kuwo&id=280880978&type=url","pic":"https://music-dl.sayqz.com/api/?source=kuwo&id=280880978&type=pic","lrc":"https://music-dl.sayqz.com/api/?source=kuwo&id=280880978&type=lrc"},{"id":"152766117","name":"那不是雪中红 (KTV版伴奏)","artist":"JPM","album":"","platform":"kuwo","url":"https://music-dl.sayqz.com/api/?source=kuwo&id=152766117&type=url","pic":"https://music-dl.sayqz.com/api/?source=kuwo&id=152766117&type=pic","lrc":"https://music-dl.sayqz.com/api/?source=kuwo&id=152766117&type=lrc"},{"id":"371728576","name":"那不是雪中红","artist":"D小禹","album":"","platform":"kuwo","url":"https://music-dl.sayqz.com/api/?source=kuwo&id=371728576&type=url","pic":"https://music-dl.sayqz.com/api/?source=kuwo&id=371728576&type=pic","lrc":"https://music-dl.sayqz.com/api/?source=kuwo&id=371728576&type=lrc"},{"id":"364807408","name":"那不是雪中红","artist":"K歌boy","album":"","platform":"kuwo","url":"https://music-dl.sayqz.com/api/?source=kuwo&id=364807408&type=url","pic":"https://music-dl.sayqz.com/api/?source=kuwo&id=364807408&type=pic","lrc":"https://music-dl.sayqz.com/api/?source=kuwo&id=364807408&type=lrc"},{"id":"368922112","name":"那不是雪中红","artist":"☆紫曦≧?≦漓沁","album":"","platform":"kuwo","url":"https://music-dl.sayqz.com/api/?source=kuwo&id=368922112&type=url","pic":"https://music-dl.sayqz.com/api/?source=kuwo&id=368922112&type=pic","lrc":"https://music-dl.sayqz.com/api/?source=kuwo&id=368922112&type=lrc"}]},"timestamp":"2026-01-23T17:14:16.167+08:00"}
17:14:16.250 [Thread-2069] INFO  c.s.d.p.node.SearchResultContainer - 搜索结果数量: 10
17:14:21.940 [JavaFX Application Thread] INFO  c.s.d.p.node.SearchResultContainer - 播放歌曲: JPM - 那不是雪中红
17:14:22.229 [JavaFX Application Thread] INFO  c.s.d.p.n.MusicPlayDetailContainer - 加载专辑封面: https://music-dl.sayqz.com/api/?source=kuwo&id=1096383&type=pic
17:14:22.230 [JavaFX Application Thread] INFO  c.s.d.p.n.MusicPlayDetailContainer - 暂停旋转
17:14:22.230 [JavaFX Application Thread] INFO  c.s.d.p.n.MusicPlayDetailContainer - 当前播放状态: STOPPED
17:14:22.233 [JavaFX Application Thread] INFO  c.s.d.p.n.MusicPlayDetailContainer - 当前旋转角度: 播放--95.0
17:14:23.024 [JavaFX Application Thread] INFO  c.s.d.p.n.MusicPlayDetailContainer - 当前旋转角度: 暂停--95.0
17:14:24.375 [Thread-2086] INFO  c.s.d.p.n.MusicPlayDetailContainer - 实际专辑封面URL: http://img1.kwcdn.kuwo.cn/star/albumcover/500/15/14/554266393.jpg
17:14:24.416 [JavaFX Application Thread] INFO  c.s.d.p.n.MusicPlayDetailContainer - 图片加载进度: 13%
17:14:24.418 [JavaFX Application Thread] INFO  c.s.d.p.n.MusicPlayDetailContainer - 图片加载进度: 25%
17:14:24.419 [JavaFX Application Thread] INFO  c.s.d.p.n.MusicPlayDetailContainer - 图片加载进度: 40%
17:14:24.421 [JavaFX Application Thread] INFO  c.s.d.p.n.MusicPlayDetailContainer - 图片加载进度: 54%
17:14:24.421 [JavaFX Application Thread] INFO  c.s.d.p.n.MusicPlayDetailContainer - 图片加载进度: 66%
17:14:24.459 [JavaFX Application Thread] INFO  c.s.d.p.n.MusicPlayDetailContainer - 图片加载进度: 79%
17:14:24.595 [JavaFX Application Thread] INFO  c.s.d.p.n.MusicPlayDetailContainer - 图片加载进度: 89%
17:14:24.596 [JavaFX Application Thread] INFO  c.s.d.p.n.MusicPlayDetailContainer - 图片加载进度: 99%
17:14:24.596 [JavaFX Application Thread] INFO  c.s.d.p.n.MusicPlayDetailContainer - 图片加载进度: 100%
17:14:24.596 [JavaFX Application Thread] INFO  c.s.d.p.n.MusicPlayDetailContainer - 图片加载完成，加入缓存
17:14:59.741 [JavaFX Application Thread] INFO  c.s.d.p.node.HomePageMenuItemPanel - === ToggleGroup 监听器被触发 ===
17:14:59.741 [JavaFX Application Thread] INFO  c.s.d.p.node.HomePageMenuItemPanel - oldToggle: roam
17:14:59.741 [JavaFX Application Thread] INFO  c.s.d.p.node.HomePageMenuItemPanel - newToggle: recommend
17:14:59.741 [JavaFX Application Thread] INFO  c.s.d.p.node.HomePageMenuItemPanel - 当前选中的菜单项：recommend
17:14:59.741 [JavaFX Application Thread] INFO  c.s.d.p.node.HomePageMenuItemPanel - 上一个被选中的菜单项：roam
17:14:59.741 [JavaFX Application Thread] INFO  c.s.d.p.node.HomePageMenuItemPanel - ================================
17:15:00.541 [JavaFX Application Thread] INFO  c.s.d.p.node.HomePageMenuItemPanel - === ToggleGroup 监听器被触发 ===
17:15:00.541 [JavaFX Application Thread] INFO  c.s.d.p.node.HomePageMenuItemPanel - oldToggle: recommend
17:15:00.542 [JavaFX Application Thread] INFO  c.s.d.p.node.HomePageMenuItemPanel - newToggle: recent
17:15:00.542 [JavaFX Application Thread] INFO  c.s.d.p.node.HomePageMenuItemPanel - 当前选中的菜单项：recent
17:15:00.542 [JavaFX Application Thread] INFO  c.s.d.p.node.HomePageMenuItemPanel - 上一个被选中的菜单项：recommend
17:15:00.542 [JavaFX Application Thread] INFO  c.s.d.p.node.HomePageMenuItemPanel - ================================
17:15:01.636 [JavaFX Application Thread] INFO  c.s.d.p.node.HomePageMenuItemPanel - === ToggleGroup 监听器被触发 ===
17:15:01.637 [JavaFX Application Thread] INFO  c.s.d.p.node.HomePageMenuItemPanel - oldToggle: recent
17:15:01.637 [JavaFX Application Thread] INFO  c.s.d.p.node.HomePageMenuItemPanel - newToggle: myMusic
17:15:01.637 [JavaFX Application Thread] INFO  c.s.d.p.node.HomePageMenuItemPanel - 当前选中的菜单项：myMusic
17:15:01.637 [JavaFX Application Thread] INFO  c.s.d.p.node.HomePageMenuItemPanel - 上一个被选中的菜单项：recent
17:15:01.637 [JavaFX Application Thread] INFO  c.s.d.p.node.HomePageMenuItemPanel - ================================
17:15:02.971 [JavaFX Application Thread] INFO  c.s.d.p.node.HomePageMenuItemPanel - === ToggleGroup 监听器被触发 ===
17:15:02.972 [JavaFX Application Thread] INFO  c.s.d.p.node.HomePageMenuItemPanel - oldToggle: myMusic
17:15:02.972 [JavaFX Application Thread] INFO  c.s.d.p.node.HomePageMenuItemPanel - newToggle: recommend
17:15:02.972 [JavaFX Application Thread] INFO  c.s.d.p.node.HomePageMenuItemPanel - 当前选中的菜单项：recommend
17:15:02.972 [JavaFX Application Thread] INFO  c.s.d.p.node.HomePageMenuItemPanel - 上一个被选中的菜单项：myMusic
17:15:02.972 [JavaFX Application Thread] INFO  c.s.d.p.node.HomePageMenuItemPanel - ================================
17:23:51.571 [JavaFX Application Thread] INFO  c.s.d.p.node.HomePageMenuItemPanel - === ToggleGroup 监听器被触发 ===
17:23:51.572 [JavaFX Application Thread] INFO  c.s.d.p.node.HomePageMenuItemPanel - oldToggle: recommend
17:23:51.572 [JavaFX Application Thread] INFO  c.s.d.p.node.HomePageMenuItemPanel - newToggle: jingxuan
17:23:51.573 [JavaFX Application Thread] INFO  c.s.d.p.node.HomePageMenuItemPanel - 当前选中的菜单项：jingxuan
17:23:51.573 [JavaFX Application Thread] INFO  c.s.d.p.node.HomePageMenuItemPanel - 上一个被选中的菜单项：recommend
17:23:51.573 [JavaFX Application Thread] INFO  c.s.d.p.node.HomePageMenuItemPanel - ================================
17:24:07.676 [JavaFX Application Thread] INFO  c.s.d.p.node.HomePageMenuItemPanel - === ToggleGroup 监听器被触发 ===
17:24:07.676 [JavaFX Application Thread] INFO  c.s.d.p.node.HomePageMenuItemPanel - oldToggle: jingxuan
17:24:07.676 [JavaFX Application Thread] INFO  c.s.d.p.node.HomePageMenuItemPanel - newToggle: podcast
17:24:07.676 [JavaFX Application Thread] INFO  c.s.d.p.node.HomePageMenuItemPanel - 当前选中的菜单项：podcast
17:24:07.676 [JavaFX Application Thread] INFO  c.s.d.p.node.HomePageMenuItemPanel - 上一个被选中的菜单项：jingxuan
17:24:07.676 [JavaFX Application Thread] INFO  c.s.d.p.node.HomePageMenuItemPanel - ================================
17:24:08.131 [JavaFX Application Thread] INFO  c.s.d.p.node.HomePageMenuItemPanel - === ToggleGroup 监听器被触发 ===
17:24:08.132 [JavaFX Application Thread] INFO  c.s.d.p.node.HomePageMenuItemPanel - oldToggle: podcast
17:24:08.132 [JavaFX Application Thread] INFO  c.s.d.p.node.HomePageMenuItemPanel - newToggle: roam
17:24:08.132 [JavaFX Application Thread] INFO  c.s.d.p.node.HomePageMenuItemPanel - 当前选中的菜单项：roam
17:24:08.132 [JavaFX Application Thread] INFO  c.s.d.p.node.HomePageMenuItemPanel - 上一个被选中的菜单项：podcast
17:24:08.133 [JavaFX Application Thread] INFO  c.s.d.p.node.HomePageMenuItemPanel - ================================
17:24:08.500 [JavaFX Application Thread] INFO  c.s.d.p.node.HomePageMenuItemPanel - === ToggleGroup 监听器被触发 ===
17:24:08.501 [JavaFX Application Thread] INFO  c.s.d.p.node.HomePageMenuItemPanel - oldToggle: roam
17:24:08.501 [JavaFX Application Thread] INFO  c.s.d.p.node.HomePageMenuItemPanel - newToggle: jingxuan
17:24:08.501 [JavaFX Application Thread] INFO  c.s.d.p.node.HomePageMenuItemPanel - 当前选中的菜单项：jingxuan
17:24:08.501 [JavaFX Application Thread] INFO  c.s.d.p.node.HomePageMenuItemPanel - 上一个被选中的菜单项：roam
17:24:08.501 [JavaFX Application Thread] INFO  c.s.d.p.node.HomePageMenuItemPanel - ================================
17:24:08.900 [JavaFX Application Thread] INFO  c.s.d.p.node.HomePageMenuItemPanel - === ToggleGroup 监听器被触发 ===
17:24:08.900 [JavaFX Application Thread] INFO  c.s.d.p.node.HomePageMenuItemPanel - oldToggle: jingxuan
17:24:08.900 [JavaFX Application Thread] INFO  c.s.d.p.node.HomePageMenuItemPanel - newToggle: recommend
17:24:08.900 [JavaFX Application Thread] INFO  c.s.d.p.node.HomePageMenuItemPanel - 当前选中的菜单项：recommend
17:24:08.900 [JavaFX Application Thread] INFO  c.s.d.p.node.HomePageMenuItemPanel - 上一个被选中的菜单项：jingxuan
17:24:08.900 [JavaFX Application Thread] INFO  c.s.d.p.node.HomePageMenuItemPanel - ================================
17:24:09.661 [JavaFX Application Thread] INFO  c.s.d.p.node.HomePageMenuItemPanel - === ToggleGroup 监听器被触发 ===
17:24:09.661 [JavaFX Application Thread] INFO  c.s.d.p.node.HomePageMenuItemPanel - oldToggle: recommend
17:24:09.662 [JavaFX Application Thread] INFO  c.s.d.p.node.HomePageMenuItemPanel - newToggle: jingxuan
17:24:09.662 [JavaFX Application Thread] INFO  c.s.d.p.node.HomePageMenuItemPanel - 当前选中的菜单项：jingxuan
17:24:09.662 [JavaFX Application Thread] INFO  c.s.d.p.node.HomePageMenuItemPanel - 上一个被选中的菜单项：recommend
17:24:09.662 [JavaFX Application Thread] INFO  c.s.d.p.node.HomePageMenuItemPanel - ================================
17:24:09.997 [JavaFX Application Thread] INFO  c.s.d.p.node.HomePageMenuItemPanel - === ToggleGroup 监听器被触发 ===
17:24:09.998 [JavaFX Application Thread] INFO  c.s.d.p.node.HomePageMenuItemPanel - oldToggle: jingxuan
17:24:09.998 [JavaFX Application Thread] INFO  c.s.d.p.node.HomePageMenuItemPanel - newToggle: podcast
17:24:09.998 [JavaFX Application Thread] INFO  c.s.d.p.node.HomePageMenuItemPanel - 当前选中的菜单项：podcast
17:24:09.998 [JavaFX Application Thread] INFO  c.s.d.p.node.HomePageMenuItemPanel - 上一个被选中的菜单项：jingxuan
17:24:09.998 [JavaFX Application Thread] INFO  c.s.d.p.node.HomePageMenuItemPanel - ================================
17:24:10.341 [JavaFX Application Thread] INFO  c.s.d.p.node.HomePageMenuItemPanel - === ToggleGroup 监听器被触发 ===
17:24:10.341 [JavaFX Application Thread] INFO  c.s.d.p.node.HomePageMenuItemPanel - oldToggle: podcast
17:24:10.341 [JavaFX Application Thread] INFO  c.s.d.p.node.HomePageMenuItemPanel - newToggle: recommend
17:24:10.341 [JavaFX Application Thread] INFO  c.s.d.p.node.HomePageMenuItemPanel - 当前选中的菜单项：recommend
17:24:10.341 [JavaFX Application Thread] INFO  c.s.d.p.node.HomePageMenuItemPanel - 上一个被选中的菜单项：podcast
17:24:10.341 [JavaFX Application Thread] INFO  c.s.d.p.node.HomePageMenuItemPanel - ================================
17:24:28.368 [JavaFX Application Thread] INFO  c.s.d.p.n.MusicPlayDetailContainer - 加载专辑封面: https://qnm.hunliji.com/o_1j4004gdbik71aj219fb1ahrqk4j.jpg
17:24:28.368 [JavaFX Application Thread] INFO  c.s.d.p.n.MusicPlayDetailContainer - 使用缓存的专辑封面
17:24:29.500 [JavaFX Application Thread] INFO  c.s.d.p.n.MusicPlayDetailContainer - 暂停旋转
17:24:29.500 [JavaFX Application Thread] INFO  c.s.d.p.n.MusicPlayDetailContainer - 当前播放状态: PAUSED
17:24:29.500 [JavaFX Application Thread] INFO  c.s.d.p.n.MusicPlayDetailContainer - 当前旋转角度: 播放--95.0
17:29:25.426 [Thread-8916] INFO  c.s.d.p.node.SearchResultContainer - 开始搜索关键词: 那不是雪中红
17:29:25.427 [Thread-8916] INFO  c.s.d.common.utils.TuneHubApiUtils - 聚合搜索歌曲: 关键词=那不是雪中红
17:29:31.876 [Thread-8916] INFO  c.s.d.p.node.SearchResultContainer - 搜索结果JSON: {"code":200,"message":"success","data":{"keyword":"那不是雪中红","limit":10,"page":1,"platforms":["netease","qq","kuwo"],"platformStats":{"netease":{"success":false,"count":0,"duration":27,"error":"搜索失败"},"qq":{"success":false,"count":0,"duration":6206,"error":"搜索 \"那不是雪中红\" 失败: connect ECONNREFUSED 38.175.197.155:8888"},"kuwo":{"success":true,"count":10,"duration":75,"error":null}},"total":10,"results":[{"id":"1096383","name":"那不是雪中红","artist":"JPM","album":"月球漫步","platform":"kuwo","url":"https://music-dl.sayqz.com/api/?source=kuwo&id=1096383&type=url","pic":"https://music-dl.sayqz.com/api/?source=kuwo&id=1096383&type=pic","lrc":"https://music-dl.sayqz.com/api/?source=kuwo&id=1096383&type=lrc"},{"id":"473136060","name":"那不是雪中红 (cover: JPM) (其他)","artist":"满君","album":"满不在乎","platform":"kuwo","url":"https://music-dl.sayqz.com/api/?source=kuwo&id=473136060&type=url","pic":"https://music-dl.sayqz.com/api/?source=kuwo&id=473136060&type=pic","lrc":"https://music-dl.sayqz.com/api/?source=kuwo&id=473136060&type=lrc"},{"id":"360422954","name":"那不是雪中红 (cover: JPM)","artist":"Eirene","album":"between u & us","platform":"kuwo","url":"https://music-dl.sayqz.com/api/?source=kuwo&id=360422954&type=url","pic":"https://music-dl.sayqz.com/api/?source=kuwo&id=360422954&type=pic","lrc":"https://music-dl.sayqz.com/api/?source=kuwo&id=360422954&type=lrc"},{"id":"323006719","name":"那不是雪中红","artist":"模仿翻唱","album":"","platform":"kuwo","url":"https://music-dl.sayqz.com/api/?source=kuwo&id=323006719&type=url","pic":"https://music-dl.sayqz.com/api/?source=kuwo&id=323006719&type=pic","lrc":"https://music-dl.sayqz.com/api/?source=kuwo&id=323006719&type=lrc"},{"id":"192067176","name":"那不是雪中红 (cover: JPM)","artist":"SoulShow刘恩昊","album":"是否能对你说出好久不见","platform":"kuwo","url":"https://music-dl.sayqz.com/api/?source=kuwo&id=192067176&type=url","pic":"https://music-dl.sayqz.com/api/?source=kuwo&id=192067176&type=pic","lrc":"https://music-dl.sayqz.com/api/?source=kuwo&id=192067176&type=lrc"},{"id":"280880978","name":"那不是雪中红 (cover: JPM)","artist":"billy911","album":"Snow Red","platform":"kuwo","url":"https://music-dl.sayqz.com/api/?source=kuwo&id=280880978&type=url","pic":"https://music-dl.sayqz.com/api/?source=kuwo&id=280880978&type=pic","lrc":"https://music-dl.sayqz.com/api/?source=kuwo&id=280880978&type=lrc"},{"id":"152766117","name":"那不是雪中红 (KTV版伴奏)","artist":"JPM","album":"","platform":"kuwo","url":"https://music-dl.sayqz.com/api/?source=kuwo&id=152766117&type=url","pic":"https://music-dl.sayqz.com/api/?source=kuwo&id=152766117&type=pic","lrc":"https://music-dl.sayqz.com/api/?source=kuwo&id=152766117&type=lrc"},{"id":"371728576","name":"那不是雪中红","artist":"D小禹","album":"","platform":"kuwo","url":"https://music-dl.sayqz.com/api/?source=kuwo&id=371728576&type=url","pic":"https://music-dl.sayqz.com/api/?source=kuwo&id=371728576&type=pic","lrc":"https://music-dl.sayqz.com/api/?source=kuwo&id=371728576&type=lrc"},{"id":"364807408","name":"那不是雪中红","artist":"K歌boy","album":"","platform":"kuwo","url":"https://music-dl.sayqz.com/api/?source=kuwo&id=364807408&type=url","pic":"https://music-dl.sayqz.com/api/?source=kuwo&id=364807408&type=pic","lrc":"https://music-dl.sayqz.com/api/?source=kuwo&id=364807408&type=lrc"},{"id":"368922112","name":"那不是雪中红","artist":"☆紫曦≧?≦漓沁","album":"","platform":"kuwo","url":"https://music-dl.sayqz.com/api/?source=kuwo&id=368922112&type=url","pic":"https://music-dl.sayqz.com/api/?source=kuwo&id=368922112&type=pic","lrc":"https://music-dl.sayqz.com/api/?source=kuwo&id=368922112&type=lrc"}]},"timestamp":"2026-01-23T17:29:31.771+08:00"}
17:29:31.876 [Thread-8916] INFO  c.s.d.p.node.SearchResultContainer - 搜索结果数量: 10
17:45:44.427 [JavaFX Application Thread] INFO  com.stickpoint.ddmusic.App - === 应用启动调试信息 ===
17:45:44.430 [JavaFX Application Thread] INFO  com.stickpoint.ddmusic.App - Java 版本: 21.0.8
17:45:44.431 [JavaFX Application Thread] INFO  com.stickpoint.ddmusic.App - JavaFX 版本: 21.0.7
17:45:44.431 [JavaFX Application Thread] INFO  com.stickpoint.ddmusic.App - 工作目录: E:\codeData\javaProject\javafx-ddmusic\ddmuisc2
17:45:44.432 [JavaFX Application Thread] INFO  com.stickpoint.ddmusic.App - 1. 开始创建 HomePage
17:45:45.167 [JavaFX Application Thread] INFO  c.s.ddmusic.common.utils.ConfigUtils - 配置文件不存在，创建默认配置文件: C:\Users\Administrator\ddmusic.dd
17:45:45.171 [JavaFX Application Thread] INFO  c.s.ddmusic.common.utils.ConfigUtils - 配置文件写入成功: C:\Users\Administrator\ddmusic.dd
17:45:45.180 [JavaFX Application Thread] INFO  c.s.d.p.n.MusicPlayDetailContainer - 旋转角度: 60.0
17:45:45.301 [JavaFX Application Thread] INFO  com.stickpoint.ddmusic.App - 2. HomePage 创建成功
17:45:45.301 [JavaFX Application Thread] INFO  com.stickpoint.ddmusic.App - 3. 开始创建场景
17:45:45.332 [JavaFX Application Thread] INFO  com.stickpoint.ddmusic.App - 4. 场景创建成功
17:45:45.333 [JavaFX Application Thread] INFO  com.stickpoint.ddmusic.App - 5. 设置舞台属性
17:45:45.334 [JavaFX Application Thread] INFO  com.stickpoint.ddmusic.App - 6. 舞台属性设置完成
17:45:45.335 [JavaFX Application Thread] INFO  com.stickpoint.ddmusic.App - 7. 加载图标
17:45:45.336 [JavaFX Application Thread] INFO  com.stickpoint.ddmusic.App - 图标URL: file:/E:/codeData/javaProject/javafx-ddmusic/ddmuisc2/target/classes/img/logo.svg
17:45:45.338 [JavaFX Application Thread] INFO  com.stickpoint.ddmusic.App - 8. 图标加载成功
17:45:45.339 [JavaFX Application Thread] INFO  com.stickpoint.ddmusic.App - 9. 显示舞台
17:45:45.614 [JavaFX Application Thread] INFO  com.stickpoint.ddmusic.App - 10. 添加窗口缩放支持
17:45:45.615 [JavaFX Application Thread] INFO  com.stickpoint.ddmusic.App - 11. 居中显示
17:45:45.616 [JavaFX Application Thread] INFO  com.stickpoint.ddmusic.App - 12. 应用启动完成
17:45:53.344 [Thread-11] INFO  c.s.d.p.node.SearchResultContainer - 开始搜索关键词: 我的名字
17:45:53.347 [Thread-11] INFO  c.s.d.common.utils.TuneHubApiUtils - 聚合搜索歌曲: 关键词=我的名字
17:45:59.815 [Thread-11] INFO  c.s.d.p.node.SearchResultContainer - 搜索结果JSON: {"code":200,"message":"success","data":{"keyword":"我的名字","limit":10,"page":1,"platforms":["netease","qq","kuwo"],"platformStats":{"netease":{"success":false,"count":0,"duration":26,"error":"搜索失败"},"qq":{"success":false,"count":0,"duration":6213,"error":"搜索 \"我的名字\" 失败: connect ECONNREFUSED 38.175.197.155:8888"},"kuwo":{"success":true,"count":10,"duration":221,"error":null}},"total":10,"results":[{"id":"41293622","name":"我的名字","artist":"焦迈奇","album":"我的名字","platform":"kuwo","url":"https://music-dl.sayqz.com/api/?source=kuwo&id=41293622&type=url","pic":"https://music-dl.sayqz.com/api/?source=kuwo&id=41293622&type=pic","lrc":"https://music-dl.sayqz.com/api/?source=kuwo&id=41293622&type=lrc"},{"id":"489299839","name":"我的名字 (Live)","artist":"马嘉祺、丁程鑫","album":"「加冠礼」演唱会-「冠军」大连站LIVE音频","platform":"kuwo","url":"https://music-dl.sayqz.com/api/?source=kuwo&id=489299839&type=url","pic":"https://music-dl.sayqz.com/api/?source=kuwo&id=489299839&type=pic","lrc":"https://music-dl.sayqz.com/api/?source=kuwo&id=489299839&type=lrc"},{"id":"386598853","name":"我的名字 (Live)","artist":"梁咏琪、陈立农","album":"天赐的声音第五季 第9期","platform":"kuwo","url":"https://music-dl.sayqz.com/api/?source=kuwo&id=386598853&type=url","pic":"https://music-dl.sayqz.com/api/?source=kuwo&id=386598853&type=pic","lrc":"https://music-dl.sayqz.com/api/?source=kuwo&id=386598853&type=lrc"},{"id":"75906399","name":"我的名字 (Live)","artist":"斯丹曼簇","album":"2019中国好声音 第7期","platform":"kuwo","url":"https://music-dl.sayqz.com/api/?source=kuwo&id=75906399&type=url","pic":"https://music-dl.sayqz.com/api/?source=kuwo&id=75906399&type=pic","lrc":"https://music-dl.sayqz.com/api/?source=kuwo&id=75906399&type=lrc"},{"id":"513898960","name":"我的名字叫郝有才","artist":"天舒很硬-天舒班","album":"","platform":"kuwo","url":"https://music-dl.sayqz.com/api/?source=kuwo&id=513898960&type=url","pic":"https://music-dl.sayqz.com/api/?source=kuwo&id=513898960&type=pic","lrc":"https://music-dl.sayqz.com/api/?source=kuwo&id=513898960&type=lrc"},{"id":"141023925","name":"我的名字","artist":"旺仔小乔","album":"我的名字","platform":"kuwo","url":"https://music-dl.sayqz.com/api/?source=kuwo&id=141023925&type=url","pic":"https://music-dl.sayqz.com/api/?source=kuwo&id=141023925&type=pic","lrc":"https://music-dl.sayqz.com/api/?source=kuwo&id=141023925&type=lrc"},{"id":"514797087","name":"我的名字叫郝有才","artist":"郝有才","album":"我的名字叫郝有才","platform":"kuwo","url":"https://music-dl.sayqz.com/api/?source=kuwo&id=514797087&type=url","pic":"https://music-dl.sayqz.com/api/?source=kuwo&id=514797087&type=pic","lrc":"https://music-dl.sayqz.com/api/?source=kuwo&id=514797087&type=lrc"},{"id":"514509080","name":"我的名字叫郝有才（是个没人管的小孩）","artist":"郝有才","album":"没人管的小孩（我的名字叫郝有才）","platform":"kuwo","url":"https://music-dl.sayqz.com/api/?source=kuwo&id=514509080&type=url","pic":"https://music-dl.sayqz.com/api/?source=kuwo&id=514509080&type=pic","lrc":"https://music-dl.sayqz.com/api/?source=kuwo&id=514509080&type=lrc"},{"id":"76269","name":"我的名字","artist":"伍佰 、 China Blue","album":"顺流逆流电影原声带","platform":"kuwo","url":"https://music-dl.sayqz.com/api/?source=kuwo&id=76269&type=url","pic":"https://music-dl.sayqz.com/api/?source=kuwo&id=76269&type=pic","lrc":"https://music-dl.sayqz.com/api/?source=kuwo&id=76269&type=lrc"},{"id":"514439961","name":"没人管的小孩（我的名字叫郝有才）","artist":"郝有才","album":"没人管的小孩（我的名字叫郝有才）","platform":"kuwo","url":"https://music-dl.sayqz.com/api/?source=kuwo&id=514439961&type=url","pic":"https://music-dl.sayqz.com/api/?source=kuwo&id=514439961&type=pic","lrc":"https://music-dl.sayqz.com/api/?source=kuwo&id=514439961&type=lrc"}]},"timestamp":"2026-01-23T17:45:59.730+08:00"}
17:45:59.825 [Thread-11] INFO  c.s.d.p.node.SearchResultContainer - 搜索结果数量: 10
17:46:01.365 [JavaFX Application Thread] INFO  c.s.d.p.node.SearchResultContainer - 播放歌曲: 焦迈奇 - 我的名字
17:46:01.539 [JavaFX Application Thread] INFO  c.s.d.p.n.MusicPlayDetailContainer - 加载专辑封面: https://music-dl.sayqz.com/api/?source=kuwo&id=41293622&type=pic
17:46:01.540 [JavaFX Application Thread] INFO  c.s.d.p.n.MusicPlayDetailContainer - 当前旋转角度: 暂停--95.0
17:46:01.754 [Thread-14] INFO  c.s.d.p.n.MusicPlayDetailContainer - 实际专辑封面URL: http://img1.kwcdn.kuwo.cn/star/albumcover/500/s4s10/56/3090337606.jpg
17:46:01.848 [JavaFX Application Thread] INFO  c.s.d.p.n.MusicPlayDetailContainer - 图片加载进度: 12%
17:46:01.848 [JavaFX Application Thread] INFO  c.s.d.p.n.MusicPlayDetailContainer - 图片加载进度: 22%
17:46:01.849 [JavaFX Application Thread] INFO  c.s.d.p.n.MusicPlayDetailContainer - 图片加载进度: 40%
17:46:01.849 [JavaFX Application Thread] INFO  c.s.d.p.n.MusicPlayDetailContainer - 图片加载进度: 57%
17:46:01.850 [JavaFX Application Thread] INFO  c.s.d.p.n.MusicPlayDetailContainer - 图片加载进度: 75%
17:46:01.850 [JavaFX Application Thread] INFO  c.s.d.p.n.MusicPlayDetailContainer - 图片加载进度: 87%
17:46:01.897 [JavaFX Application Thread] INFO  c.s.d.p.n.MusicPlayDetailContainer - 图片加载进度: 100%
17:46:01.898 [JavaFX Application Thread] INFO  c.s.d.p.n.MusicPlayDetailContainer - 图片加载完成，加入缓存
17:46:53.365 [JavaFX Application Thread] INFO  c.s.d.p.node.HomePageMenuItemPanel - === ToggleGroup 监听器被触发 ===
17:46:53.367 [JavaFX Application Thread] INFO  c.s.d.p.node.HomePageMenuItemPanel - oldToggle: null
17:46:53.367 [JavaFX Application Thread] INFO  c.s.d.p.node.HomePageMenuItemPanel - newToggle: myMusic
17:46:53.368 [JavaFX Application Thread] INFO  c.s.d.p.node.HomePageMenuItemPanel - 当前选中的菜单项：myMusic
17:46:53.368 [JavaFX Application Thread] INFO  c.s.d.p.node.HomePageMenuItemPanel - ================================
17:46:53.947 [JavaFX Application Thread] INFO  c.s.d.p.node.HomePageMenuItemPanel - === ToggleGroup 监听器被触发 ===
17:46:53.947 [JavaFX Application Thread] INFO  c.s.d.p.node.HomePageMenuItemPanel - oldToggle: myMusic
17:46:53.948 [JavaFX Application Thread] INFO  c.s.d.p.node.HomePageMenuItemPanel - newToggle: roam
17:46:53.948 [JavaFX Application Thread] INFO  c.s.d.p.node.HomePageMenuItemPanel - 当前选中的菜单项：roam
17:46:53.948 [JavaFX Application Thread] INFO  c.s.d.p.node.HomePageMenuItemPanel - 上一个被选中的菜单项：myMusic
17:46:53.949 [JavaFX Application Thread] INFO  c.s.d.p.node.HomePageMenuItemPanel - ================================
17:46:55.331 [JavaFX Application Thread] INFO  c.s.d.p.node.HomePageMenuItemPanel - === ToggleGroup 监听器被触发 ===
17:46:55.331 [JavaFX Application Thread] INFO  c.s.d.p.node.HomePageMenuItemPanel - oldToggle: roam
17:46:55.331 [JavaFX Application Thread] INFO  c.s.d.p.node.HomePageMenuItemPanel - newToggle: recommend
17:46:55.333 [JavaFX Application Thread] INFO  c.s.d.p.node.HomePageMenuItemPanel - 当前选中的菜单项：recommend
17:46:55.333 [JavaFX Application Thread] INFO  c.s.d.p.node.HomePageMenuItemPanel - 上一个被选中的菜单项：roam
17:46:55.333 [JavaFX Application Thread] INFO  c.s.d.p.node.HomePageMenuItemPanel - ================================
17:46:56.011 [JavaFX Application Thread] INFO  c.s.d.p.node.HomePageMenuItemPanel - === ToggleGroup 监听器被触发 ===
17:46:56.012 [JavaFX Application Thread] INFO  c.s.d.p.node.HomePageMenuItemPanel - oldToggle: recommend
17:46:56.012 [JavaFX Application Thread] INFO  c.s.d.p.node.HomePageMenuItemPanel - newToggle: myMusic
17:46:56.013 [JavaFX Application Thread] INFO  c.s.d.p.node.HomePageMenuItemPanel - 当前选中的菜单项：myMusic
17:46:56.013 [JavaFX Application Thread] INFO  c.s.d.p.node.HomePageMenuItemPanel - 上一个被选中的菜单项：recommend
17:46:56.013 [JavaFX Application Thread] INFO  c.s.d.p.node.HomePageMenuItemPanel - ================================
17:50:13.381 [JavaFX Application Thread] INFO  c.s.d.p.n.MusicPlayDetailContainer - 暂停旋转
17:50:13.381 [JavaFX Application Thread] INFO  c.s.d.p.n.MusicPlayDetailContainer - 当前播放状态: STOPPED
17:50:13.382 [JavaFX Application Thread] INFO  c.s.d.p.n.MusicPlayDetailContainer - 当前旋转角度: 播放--95.0
17:59:05.339 [JavaFX Application Thread] INFO  c.s.d.p.node.HomePageMenuItemPanel - === ToggleGroup 监听器被触发 ===
17:59:05.339 [JavaFX Application Thread] INFO  c.s.d.p.node.HomePageMenuItemPanel - oldToggle: myMusic
17:59:05.340 [JavaFX Application Thread] INFO  c.s.d.p.node.HomePageMenuItemPanel - newToggle: recommend
17:59:05.340 [JavaFX Application Thread] INFO  c.s.d.p.node.HomePageMenuItemPanel - 当前选中的菜单项：recommend
17:59:05.340 [JavaFX Application Thread] INFO  c.s.d.p.node.HomePageMenuItemPanel - 上一个被选中的菜单项：myMusic
17:59:05.341 [JavaFX Application Thread] INFO  c.s.d.p.node.HomePageMenuItemPanel - ================================
18:20:19.063 [JavaFX Application Thread] INFO  com.stickpoint.ddmusic.App - === 应用启动调试信息 ===
18:20:19.065 [JavaFX Application Thread] INFO  com.stickpoint.ddmusic.App - Java 版本: 21.0.8
18:20:19.065 [JavaFX Application Thread] INFO  com.stickpoint.ddmusic.App - JavaFX 版本: 21.0.7
18:20:19.065 [JavaFX Application Thread] INFO  com.stickpoint.ddmusic.App - 工作目录: E:\codeData\javaProject\javafx-ddmusic\ddmuisc2
18:20:19.066 [JavaFX Application Thread] INFO  com.stickpoint.ddmusic.App - 1. 开始创建 HomePage
18:20:19.860 [JavaFX Application Thread] INFO  c.s.ddmusic.common.utils.ConfigUtils - 配置文件读取成功: C:\Users\Administrator\ddmusic.dd
18:20:19.867 [JavaFX Application Thread] INFO  c.s.d.p.n.MusicPlayDetailContainer - 旋转角度: 60.0
18:20:19.979 [JavaFX Application Thread] INFO  com.stickpoint.ddmusic.App - 2. HomePage 创建成功
18:20:19.979 [JavaFX Application Thread] INFO  com.stickpoint.ddmusic.App - 3. 开始创建场景
18:20:20.006 [JavaFX Application Thread] INFO  com.stickpoint.ddmusic.App - 4. 场景创建成功
18:20:20.007 [JavaFX Application Thread] INFO  com.stickpoint.ddmusic.App - 5. 设置舞台属性
18:20:20.007 [JavaFX Application Thread] INFO  com.stickpoint.ddmusic.App - 6. 舞台属性设置完成
18:20:20.007 [JavaFX Application Thread] INFO  com.stickpoint.ddmusic.App - 7. 加载图标
18:20:20.009 [JavaFX Application Thread] INFO  com.stickpoint.ddmusic.App - 图标URL: file:/E:/codeData/javaProject/javafx-ddmusic/ddmuisc2/target/classes/img/logo.svg
18:20:20.010 [JavaFX Application Thread] INFO  com.stickpoint.ddmusic.App - 8. 图标加载成功
18:20:20.011 [JavaFX Application Thread] INFO  com.stickpoint.ddmusic.App - 9. 显示舞台
18:20:20.234 [JavaFX Application Thread] INFO  com.stickpoint.ddmusic.App - 10. 添加窗口缩放支持
18:20:20.236 [JavaFX Application Thread] INFO  com.stickpoint.ddmusic.App - 11. 居中显示
18:20:20.237 [JavaFX Application Thread] INFO  com.stickpoint.ddmusic.App - 12. 应用启动完成
18:20:29.413 [JavaFX Application Thread] INFO  c.s.d.p.n.MusicPlayDetailContainer - 加载专辑封面: https://qnm.hunliji.com/o_1j4004gdbik71aj219fb1ahrqk4j.jpg
18:20:29.414 [JavaFX Application Thread] INFO  c.s.d.p.n.MusicPlayDetailContainer - 当前旋转角度: 暂停--95.0
18:20:29.452 [Thread-13] INFO  c.s.d.p.n.MusicPlayDetailContainer - 实际专辑封面URL: https://qnm.hunliji.com/o_1j4004gdbik71aj219fb1ahrqk4j.jpg
18:20:29.570 [JavaFX Application Thread] INFO  c.s.d.p.n.MusicPlayDetailContainer - 图片加载进度: 10%
18:20:29.591 [JavaFX Application Thread] INFO  c.s.d.p.n.MusicPlayDetailContainer - 图片加载进度: 21%
18:20:29.715 [JavaFX Application Thread] INFO  c.s.d.p.n.MusicPlayDetailContainer - 图片加载进度: 32%
18:20:29.716 [JavaFX Application Thread] INFO  c.s.d.p.n.MusicPlayDetailContainer - 图片加载进度: 43%
18:20:29.717 [JavaFX Application Thread] INFO  c.s.d.p.n.MusicPlayDetailContainer - 图片加载进度: 53%
18:20:29.718 [JavaFX Application Thread] INFO  c.s.d.p.n.MusicPlayDetailContainer - 图片加载进度: 64%
18:20:29.718 [JavaFX Application Thread] INFO  c.s.d.p.n.MusicPlayDetailContainer - 图片加载进度: 75%
18:20:29.719 [JavaFX Application Thread] INFO  c.s.d.p.n.MusicPlayDetailContainer - 图片加载进度: 86%
18:20:29.736 [JavaFX Application Thread] INFO  c.s.d.p.n.MusicPlayDetailContainer - 图片加载进度: 97%
18:20:29.737 [JavaFX Application Thread] INFO  c.s.d.p.n.MusicPlayDetailContainer - 图片加载进度: 100%
18:20:29.738 [JavaFX Application Thread] INFO  c.s.d.p.n.MusicPlayDetailContainer - 图片加载完成，加入缓存
18:40:55.991 [JavaFX Application Thread] INFO  com.stickpoint.ddmusic.App - === 应用启动调试信息 ===
18:40:56.003 [JavaFX Application Thread] INFO  com.stickpoint.ddmusic.App - Java 版本: 21.0.8
18:40:56.003 [JavaFX Application Thread] INFO  com.stickpoint.ddmusic.App - JavaFX 版本: 21.0.7
18:40:56.003 [JavaFX Application Thread] INFO  com.stickpoint.ddmusic.App - 工作目录: E:\codeData\javaProject\javafx-ddmusic\ddmuisc2
18:40:56.004 [JavaFX Application Thread] INFO  com.stickpoint.ddmusic.App - 1. 开始创建 HomePage
18:41:03.587 [JavaFX Application Thread] INFO  c.s.ddmusic.common.utils.ConfigUtils - 配置文件读取成功: C:\Users\Administrator\ddmusic.dd
18:41:07.574 [JavaFX Application Thread] INFO  com.stickpoint.ddmusic.App - === 应用启动调试信息 ===
18:41:07.577 [JavaFX Application Thread] INFO  com.stickpoint.ddmusic.App - Java 版本: 21.0.8
18:41:07.577 [JavaFX Application Thread] INFO  com.stickpoint.ddmusic.App - JavaFX 版本: 21.0.7
18:41:07.579 [JavaFX Application Thread] INFO  com.stickpoint.ddmusic.App - 工作目录: E:\codeData\javaProject\javafx-ddmusic\ddmuisc2
18:41:07.580 [JavaFX Application Thread] INFO  com.stickpoint.ddmusic.App - 1. 开始创建 HomePage
18:41:08.362 [JavaFX Application Thread] INFO  c.s.ddmusic.common.utils.ConfigUtils - 配置文件读取成功: C:\Users\Administrator\ddmusic.dd
18:41:08.371 [JavaFX Application Thread] INFO  c.s.d.p.n.MusicPlayDetailContainer - 旋转角度: 60.0
18:41:08.665 [JavaFX Application Thread] INFO  com.stickpoint.ddmusic.App - 2. HomePage 创建成功
18:41:08.665 [JavaFX Application Thread] INFO  com.stickpoint.ddmusic.App - 3. 开始创建场景
18:41:08.751 [JavaFX Application Thread] INFO  com.stickpoint.ddmusic.App - 4. 场景创建成功
18:41:08.751 [JavaFX Application Thread] INFO  com.stickpoint.ddmusic.App - 5. 设置舞台属性
18:41:08.752 [JavaFX Application Thread] INFO  com.stickpoint.ddmusic.App - 6. 舞台属性设置完成
18:41:08.753 [JavaFX Application Thread] INFO  com.stickpoint.ddmusic.App - 7. 加载图标
18:41:08.753 [JavaFX Application Thread] INFO  com.stickpoint.ddmusic.App - 图标URL: file:/E:/codeData/javaProject/javafx-ddmusic/ddmuisc2/target/classes/img/logo.svg
18:41:08.762 [JavaFX Application Thread] INFO  com.stickpoint.ddmusic.App - 8. 图标加载成功
18:41:08.763 [JavaFX Application Thread] INFO  com.stickpoint.ddmusic.App - 9. 显示舞台
18:41:09.369 [JavaFX Application Thread] INFO  com.stickpoint.ddmusic.App - 10. 添加窗口缩放支持
18:41:09.371 [JavaFX Application Thread] INFO  com.stickpoint.ddmusic.App - 11. 居中显示
18:41:09.372 [JavaFX Application Thread] INFO  com.stickpoint.ddmusic.App - 12. 应用启动完成
18:41:13.932 [JavaFX Application Thread] INFO  c.s.d.p.n.MusicPlayDetailContainer - 加载专辑封面: https://qnm.hunliji.com/o_1j4004gdbik71aj219fb1ahrqk4j.jpg
18:41:13.936 [JavaFX Application Thread] INFO  c.s.d.p.n.MusicPlayDetailContainer - 当前旋转角度: 暂停--95.0
18:41:13.996 [Thread-15] INFO  c.s.d.p.n.MusicPlayDetailContainer - 实际专辑封面URL: https://qnm.hunliji.com/o_1j4004gdbik71aj219fb1ahrqk4j.jpg
18:41:14.198 [JavaFX Application Thread] INFO  c.s.d.p.n.MusicPlayDetailContainer - 图片加载进度: 10%
18:41:14.205 [JavaFX Application Thread] INFO  c.s.d.p.n.MusicPlayDetailContainer - 图片加载进度: 21%
18:41:14.207 [JavaFX Application Thread] INFO  c.s.d.p.n.MusicPlayDetailContainer - 图片加载进度: 31%
18:41:14.210 [JavaFX Application Thread] INFO  c.s.d.p.n.MusicPlayDetailContainer - 图片加载进度: 41%
18:41:14.217 [JavaFX Application Thread] INFO  c.s.d.p.n.MusicPlayDetailContainer - 图片加载进度: 52%
18:41:14.242 [JavaFX Application Thread] INFO  c.s.d.p.n.MusicPlayDetailContainer - 图片加载进度: 63%
18:41:14.260 [JavaFX Application Thread] INFO  c.s.d.p.n.MusicPlayDetailContainer - 图片加载进度: 74%
18:41:14.302 [JavaFX Application Thread] INFO  c.s.d.p.n.MusicPlayDetailContainer - 图片加载进度: 85%
18:41:14.308 [JavaFX Application Thread] INFO  c.s.d.p.n.MusicPlayDetailContainer - 图片加载进度: 95%
18:41:14.309 [JavaFX Application Thread] INFO  c.s.d.p.n.MusicPlayDetailContainer - 图片加载进度: 100%
18:41:14.311 [JavaFX Application Thread] INFO  c.s.d.p.n.MusicPlayDetailContainer - 图片加载完成，加入缓存
18:41:16.556 [JavaFX Application Thread] INFO  c.s.d.p.n.MusicPlayDetailContainer - 暂停旋转
18:41:16.557 [JavaFX Application Thread] INFO  c.s.d.p.n.MusicPlayDetailContainer - 当前播放状态: PAUSED
18:41:16.560 [JavaFX Application Thread] INFO  c.s.d.p.n.MusicPlayDetailContainer - 当前旋转角度: 播放--95.0
18:55:03.178 [JavaFX Application Thread] INFO  com.stickpoint.ddmusic.App - === 应用启动调试信息 ===
18:55:03.179 [JavaFX Application Thread] INFO  com.stickpoint.ddmusic.App - Java 版本: 21.0.8
18:55:03.180 [JavaFX Application Thread] INFO  com.stickpoint.ddmusic.App - JavaFX 版本: 21.0.7
18:55:03.180 [JavaFX Application Thread] INFO  com.stickpoint.ddmusic.App - 工作目录: E:\codeData\javaProject\javafx-ddmusic\ddmuisc2
18:55:03.180 [JavaFX Application Thread] INFO  com.stickpoint.ddmusic.App - 1. 开始创建 HomePage
18:55:03.916 [JavaFX Application Thread] INFO  c.s.ddmusic.common.utils.ConfigUtils - 配置文件读取成功: C:\Users\Administrator\ddmusic.dd
18:55:03.926 [JavaFX Application Thread] INFO  c.s.d.p.n.MusicPlayDetailContainer - 旋转角度: 60.0
18:55:04.032 [JavaFX Application Thread] INFO  com.stickpoint.ddmusic.App - 2. HomePage 创建成功
18:55:04.032 [JavaFX Application Thread] INFO  com.stickpoint.ddmusic.App - 3. 开始创建场景
18:55:04.069 [JavaFX Application Thread] INFO  com.stickpoint.ddmusic.App - 4. 场景创建成功
18:55:04.070 [JavaFX Application Thread] INFO  com.stickpoint.ddmusic.App - 5. 设置舞台属性
18:55:04.072 [JavaFX Application Thread] INFO  com.stickpoint.ddmusic.App - 6. 舞台属性设置完成
18:55:04.073 [JavaFX Application Thread] INFO  com.stickpoint.ddmusic.App - 7. 加载图标
18:55:04.075 [JavaFX Application Thread] INFO  com.stickpoint.ddmusic.App - 图标URL: file:/E:/codeData/javaProject/javafx-ddmusic/ddmuisc2/target/classes/img/logo.svg
18:55:04.077 [JavaFX Application Thread] INFO  com.stickpoint.ddmusic.App - 8. 图标加载成功
18:55:04.078 [JavaFX Application Thread] INFO  com.stickpoint.ddmusic.App - 9. 显示舞台
18:55:04.340 [JavaFX Application Thread] INFO  com.stickpoint.ddmusic.App - 10. 添加窗口缩放支持
18:55:04.342 [JavaFX Application Thread] INFO  com.stickpoint.ddmusic.App - 11. 居中显示
18:55:04.342 [JavaFX Application Thread] INFO  com.stickpoint.ddmusic.App - 12. 应用启动完成
18:55:07.744 [JavaFX Application Thread] INFO  c.s.d.p.n.MusicPlayDetailContainer - 加载专辑封面: https://qnm.hunliji.com/o_1j4004gdbik71aj219fb1ahrqk4j.jpg
18:55:07.747 [JavaFX Application Thread] INFO  c.s.d.p.n.MusicPlayDetailContainer - 当前旋转角度: 暂停--95.0
18:55:07.831 [Thread-13] INFO  c.s.d.p.n.MusicPlayDetailContainer - 实际专辑封面URL: https://qnm.hunliji.com/o_1j4004gdbik71aj219fb1ahrqk4j.jpg
18:55:07.880 [JavaFX Application Thread] INFO  c.s.d.p.n.MusicPlayDetailContainer - 图片加载进度: 10%
18:55:07.890 [JavaFX Application Thread] INFO  c.s.d.p.n.MusicPlayDetailContainer - 图片加载进度: 21%
18:55:07.899 [JavaFX Application Thread] INFO  c.s.d.p.n.MusicPlayDetailContainer - 图片加载进度: 32%
18:55:07.902 [JavaFX Application Thread] INFO  c.s.d.p.n.MusicPlayDetailContainer - 图片加载进度: 43%
18:55:07.928 [JavaFX Application Thread] INFO  c.s.d.p.n.MusicPlayDetailContainer - 图片加载进度: 53%
18:55:07.950 [JavaFX Application Thread] INFO  c.s.d.p.n.MusicPlayDetailContainer - 图片加载进度: 64%
18:55:07.978 [JavaFX Application Thread] INFO  c.s.d.p.n.MusicPlayDetailContainer - 图片加载进度: 75%
18:55:07.992 [JavaFX Application Thread] INFO  c.s.d.p.n.MusicPlayDetailContainer - 图片加载进度: 86%
18:55:08.030 [JavaFX Application Thread] INFO  c.s.d.p.n.MusicPlayDetailContainer - 图片加载进度: 97%
18:55:08.030 [JavaFX Application Thread] INFO  c.s.d.p.n.MusicPlayDetailContainer - 图片加载进度: 100%
18:55:08.030 [JavaFX Application Thread] INFO  c.s.d.p.n.MusicPlayDetailContainer - 图片加载完成，加入缓存
18:55:09.931 [JavaFX Application Thread] INFO  c.s.d.p.n.MusicPlayDetailContainer - 暂停旋转
18:55:09.932 [JavaFX Application Thread] INFO  c.s.d.p.n.MusicPlayDetailContainer - 当前播放状态: PAUSED
18:55:09.936 [JavaFX Application Thread] INFO  c.s.d.p.n.MusicPlayDetailContainer - 当前旋转角度: 播放--95.0
18:57:41.262 [JavaFX Application Thread] INFO  com.stickpoint.ddmusic.App - === 应用启动调试信息 ===
18:57:41.264 [JavaFX Application Thread] INFO  com.stickpoint.ddmusic.App - Java 版本: 21.0.8
18:57:41.265 [JavaFX Application Thread] INFO  com.stickpoint.ddmusic.App - JavaFX 版本: 21.0.7
18:57:41.265 [JavaFX Application Thread] INFO  com.stickpoint.ddmusic.App - 工作目录: E:\codeData\javaProject\javafx-ddmusic\ddmuisc2
18:57:41.266 [JavaFX Application Thread] INFO  com.stickpoint.ddmusic.App - 1. 开始创建 HomePage
18:57:42.123 [JavaFX Application Thread] INFO  c.s.ddmusic.common.utils.ConfigUtils - 配置文件读取成功: C:\Users\Administrator\ddmusic.dd
18:57:42.132 [JavaFX Application Thread] INFO  c.s.d.p.n.MusicPlayDetailContainer - 旋转角度: 60.0
18:57:42.270 [JavaFX Application Thread] INFO  com.stickpoint.ddmusic.App - 2. HomePage 创建成功
18:57:42.271 [JavaFX Application Thread] INFO  com.stickpoint.ddmusic.App - 3. 开始创建场景
18:57:42.307 [JavaFX Application Thread] INFO  com.stickpoint.ddmusic.App - 4. 场景创建成功
18:57:42.308 [JavaFX Application Thread] INFO  com.stickpoint.ddmusic.App - 5. 设置舞台属性
18:57:42.308 [JavaFX Application Thread] INFO  com.stickpoint.ddmusic.App - 6. 舞台属性设置完成
18:57:42.309 [JavaFX Application Thread] INFO  com.stickpoint.ddmusic.App - 7. 加载图标
18:57:42.310 [JavaFX Application Thread] INFO  com.stickpoint.ddmusic.App - 图标URL: file:/E:/codeData/javaProject/javafx-ddmusic/ddmuisc2/target/classes/img/logo.svg
18:57:42.312 [JavaFX Application Thread] INFO  com.stickpoint.ddmusic.App - 8. 图标加载成功
18:57:42.312 [JavaFX Application Thread] INFO  com.stickpoint.ddmusic.App - 9. 显示舞台
18:57:42.567 [JavaFX Application Thread] INFO  com.stickpoint.ddmusic.App - 10. 添加窗口缩放支持
18:57:42.569 [JavaFX Application Thread] INFO  com.stickpoint.ddmusic.App - 11. 居中显示
18:57:42.570 [JavaFX Application Thread] INFO  com.stickpoint.ddmusic.App - 12. 应用启动完成
18:57:46.336 [JavaFX Application Thread] INFO  c.s.d.p.n.MusicPlayDetailContainer - 加载专辑封面: https://qnm.hunliji.com/o_1j4004gdbik71aj219fb1ahrqk4j.jpg
18:57:46.341 [JavaFX Application Thread] INFO  c.s.d.p.n.MusicPlayDetailContainer - 当前旋转角度: 暂停--95.0
18:57:46.391 [Thread-13] INFO  c.s.d.p.n.MusicPlayDetailContainer - 实际专辑封面URL: https://qnm.hunliji.com/o_1j4004gdbik71aj219fb1ahrqk4j.jpg
18:57:46.510 [JavaFX Application Thread] INFO  c.s.d.p.n.MusicPlayDetailContainer - 图片加载进度: 11%
18:57:46.519 [JavaFX Application Thread] INFO  c.s.d.p.n.MusicPlayDetailContainer - 图片加载进度: 21%
18:57:46.524 [JavaFX Application Thread] INFO  c.s.d.p.n.MusicPlayDetailContainer - 图片加载进度: 32%
18:57:46.525 [JavaFX Application Thread] INFO  c.s.d.p.n.MusicPlayDetailContainer - 图片加载进度: 43%
18:57:46.529 [JavaFX Application Thread] INFO  c.s.d.p.n.MusicPlayDetailContainer - 图片加载进度: 54%
18:57:46.533 [JavaFX Application Thread] INFO  c.s.d.p.n.MusicPlayDetailContainer - 图片加载进度: 64%
18:57:46.556 [JavaFX Application Thread] INFO  c.s.d.p.n.MusicPlayDetailContainer - 图片加载进度: 75%
18:57:46.565 [JavaFX Application Thread] INFO  c.s.d.p.n.MusicPlayDetailContainer - 图片加载进度: 86%
18:57:46.567 [JavaFX Application Thread] INFO  c.s.d.p.n.MusicPlayDetailContainer - 图片加载进度: 97%
18:57:46.568 [JavaFX Application Thread] INFO  c.s.d.p.n.MusicPlayDetailContainer - 图片加载进度: 100%
18:57:46.573 [JavaFX Application Thread] INFO  c.s.d.p.n.MusicPlayDetailContainer - 图片加载完成，加入缓存
18:58:23.166 [JavaFX Application Thread] INFO  com.stickpoint.ddmusic.App - === 应用启动调试信息 ===
18:58:23.170 [JavaFX Application Thread] INFO  com.stickpoint.ddmusic.App - Java 版本: 21.0.8
18:58:23.172 [JavaFX Application Thread] INFO  com.stickpoint.ddmusic.App - JavaFX 版本: 21.0.7
18:58:23.173 [JavaFX Application Thread] INFO  com.stickpoint.ddmusic.App - 工作目录: E:\codeData\javaProject\javafx-ddmusic\ddmuisc2
18:58:23.174 [JavaFX Application Thread] INFO  com.stickpoint.ddmusic.App - 1. 开始创建 HomePage
18:58:24.344 [JavaFX Application Thread] INFO  c.s.ddmusic.common.utils.ConfigUtils - 配置文件读取成功: C:\Users\Administrator\ddmusic.dd
18:58:24.358 [JavaFX Application Thread] INFO  c.s.d.p.n.MusicPlayDetailContainer - 旋转角度: 60.0
18:58:24.505 [JavaFX Application Thread] INFO  com.stickpoint.ddmusic.App - 2. HomePage 创建成功
18:58:24.506 [JavaFX Application Thread] INFO  com.stickpoint.ddmusic.App - 3. 开始创建场景
18:58:24.548 [JavaFX Application Thread] INFO  com.stickpoint.ddmusic.App - 4. 场景创建成功
18:58:24.548 [JavaFX Application Thread] INFO  com.stickpoint.ddmusic.App - 5. 设置舞台属性
18:58:24.549 [JavaFX Application Thread] INFO  com.stickpoint.ddmusic.App - 6. 舞台属性设置完成
18:58:24.550 [JavaFX Application Thread] INFO  com.stickpoint.ddmusic.App - 7. 加载图标
18:58:24.551 [JavaFX Application Thread] INFO  com.stickpoint.ddmusic.App - 图标URL: file:/E:/codeData/javaProject/javafx-ddmusic/ddmuisc2/target/classes/img/logo.svg
18:58:24.552 [JavaFX Application Thread] INFO  com.stickpoint.ddmusic.App - 8. 图标加载成功
18:58:24.553 [JavaFX Application Thread] INFO  com.stickpoint.ddmusic.App - 9. 显示舞台
18:58:24.916 [JavaFX Application Thread] INFO  com.stickpoint.ddmusic.App - 10. 添加窗口缩放支持
18:58:24.919 [JavaFX Application Thread] INFO  com.stickpoint.ddmusic.App - 11. 居中显示
18:58:24.920 [JavaFX Application Thread] INFO  com.stickpoint.ddmusic.App - 12. 应用启动完成
19:06:41.787 [JavaFX Application Thread] INFO  c.s.d.p.n.MusicPlayDetailContainer - 加载专辑封面: https://qnm.hunliji.com/o_1j4004gdbik71aj219fb1ahrqk4j.jpg
19:06:41.788 [JavaFX Application Thread] INFO  c.s.d.p.n.MusicPlayDetailContainer - 当前旋转角度: 暂停--95.0
19:06:41.840 [Thread-13] INFO  c.s.d.p.n.MusicPlayDetailContainer - 实际专辑封面URL: https://qnm.hunliji.com/o_1j4004gdbik71aj219fb1ahrqk4j.jpg
19:06:41.956 [JavaFX Application Thread] INFO  c.s.d.p.n.MusicPlayDetailContainer - 图片加载进度: 11%
19:06:41.975 [JavaFX Application Thread] INFO  c.s.d.p.n.MusicPlayDetailContainer - 图片加载进度: 23%
19:06:41.993 [JavaFX Application Thread] INFO  c.s.d.p.n.MusicPlayDetailContainer - 图片加载进度: 33%
19:06:42.010 [JavaFX Application Thread] INFO  c.s.d.p.n.MusicPlayDetailContainer - 图片加载进度: 43%
19:06:42.060 [JavaFX Application Thread] INFO  c.s.d.p.n.MusicPlayDetailContainer - 图片加载进度: 54%
19:06:42.073 [JavaFX Application Thread] INFO  c.s.d.p.n.MusicPlayDetailContainer - 图片加载进度: 65%
19:06:42.088 [JavaFX Application Thread] INFO  c.s.d.p.n.MusicPlayDetailContainer - 图片加载进度: 76%
19:06:42.106 [JavaFX Application Thread] INFO  c.s.d.p.n.MusicPlayDetailContainer - 图片加载进度: 87%
19:06:42.132 [JavaFX Application Thread] INFO  c.s.d.p.n.MusicPlayDetailContainer - 图片加载进度: 98%
19:06:42.133 [JavaFX Application Thread] INFO  c.s.d.p.n.MusicPlayDetailContainer - 图片加载进度: 100%
19:06:42.134 [JavaFX Application Thread] INFO  c.s.d.p.n.MusicPlayDetailContainer - 图片加载完成，加入缓存
19:07:04.764 [JavaFX Application Thread] INFO  c.s.d.p.n.MusicPlayDetailContainer - 暂停旋转
19:07:04.764 [JavaFX Application Thread] INFO  c.s.d.p.n.MusicPlayDetailContainer - 当前播放状态: PAUSED
19:07:04.766 [JavaFX Application Thread] INFO  c.s.d.p.n.MusicPlayDetailContainer - 当前旋转角度: 播放--95.0
19:08:04.605 [JavaFX Application Thread] INFO  c.s.d.p.node.HomePageMenuItemPanel - === ToggleGroup 监听器被触发 ===
19:08:04.606 [JavaFX Application Thread] INFO  c.s.d.p.node.HomePageMenuItemPanel - oldToggle: null
19:08:04.606 [JavaFX Application Thread] INFO  c.s.d.p.node.HomePageMenuItemPanel - newToggle: recommend
19:08:04.607 [JavaFX Application Thread] INFO  c.s.d.p.node.HomePageMenuItemPanel - 当前选中的菜单项：recommend
19:08:04.607 [JavaFX Application Thread] INFO  c.s.d.p.node.HomePageMenuItemPanel - ================================
19:23:55.457 [JavaFX Application Thread] INFO  com.stickpoint.ddmusic.App - === 应用启动调试信息 ===
19:23:55.460 [JavaFX Application Thread] INFO  com.stickpoint.ddmusic.App - Java 版本: 21.0.8
19:23:55.460 [JavaFX Application Thread] INFO  com.stickpoint.ddmusic.App - JavaFX 版本: 21.0.7
19:23:55.460 [JavaFX Application Thread] INFO  com.stickpoint.ddmusic.App - 工作目录: E:\codeData\javaProject\javafx-ddmusic\ddmuisc2
19:23:55.461 [JavaFX Application Thread] INFO  com.stickpoint.ddmusic.App - 1. 开始创建 HomePage
19:23:58.235 [JavaFX Application Thread] INFO  c.s.ddmusic.common.utils.ConfigUtils - 配置文件读取成功: C:\Users\Administrator\ddmusic.dd
19:23:58.248 [JavaFX Application Thread] INFO  c.s.d.p.n.MusicPlayDetailContainer - 旋转角度: 60.0
19:23:58.428 [JavaFX Application Thread] INFO  com.stickpoint.ddmusic.App - 2. HomePage 创建成功
19:23:58.428 [JavaFX Application Thread] INFO  com.stickpoint.ddmusic.App - 3. 开始创建场景
19:23:58.596 [JavaFX Application Thread] INFO  com.stickpoint.ddmusic.App - 4. 场景创建成功
19:23:58.597 [JavaFX Application Thread] INFO  com.stickpoint.ddmusic.App - 5. 设置舞台属性
19:23:58.598 [JavaFX Application Thread] INFO  com.stickpoint.ddmusic.App - 6. 舞台属性设置完成
19:23:58.600 [JavaFX Application Thread] INFO  com.stickpoint.ddmusic.App - 7. 加载图标
19:23:58.600 [JavaFX Application Thread] INFO  com.stickpoint.ddmusic.App - 图标URL: file:/E:/codeData/javaProject/javafx-ddmusic/ddmuisc2/target/classes/img/logo.svg
19:23:58.607 [JavaFX Application Thread] INFO  com.stickpoint.ddmusic.App - 8. 图标加载成功
19:23:58.608 [JavaFX Application Thread] INFO  com.stickpoint.ddmusic.App - 9. 显示舞台
19:23:59.198 [JavaFX Application Thread] INFO  com.stickpoint.ddmusic.App - 10. 添加窗口缩放支持
19:23:59.200 [JavaFX Application Thread] INFO  com.stickpoint.ddmusic.App - 11. 居中显示
19:23:59.201 [JavaFX Application Thread] INFO  com.stickpoint.ddmusic.App - 12. 应用启动完成
19:27:34.683 [JavaFX Application Thread] INFO  c.s.d.p.node.HomePageMenuItemPanel - === ToggleGroup 监听器被触发 ===
19:27:34.683 [JavaFX Application Thread] INFO  c.s.d.p.node.HomePageMenuItemPanel - oldToggle: null
19:27:34.683 [JavaFX Application Thread] INFO  c.s.d.p.node.HomePageMenuItemPanel - newToggle: jingxuan
19:27:34.684 [JavaFX Application Thread] INFO  c.s.d.p.node.HomePageMenuItemPanel - 当前选中的菜单项：jingxuan
19:27:34.684 [JavaFX Application Thread] INFO  c.s.d.p.node.HomePageMenuItemPanel - ================================
19:27:35.283 [JavaFX Application Thread] INFO  c.s.d.p.node.HomePageMenuItemPanel - === ToggleGroup 监听器被触发 ===
19:27:35.283 [JavaFX Application Thread] INFO  c.s.d.p.node.HomePageMenuItemPanel - oldToggle: jingxuan
19:27:35.283 [JavaFX Application Thread] INFO  c.s.d.p.node.HomePageMenuItemPanel - newToggle: recommend
19:27:35.283 [JavaFX Application Thread] INFO  c.s.d.p.node.HomePageMenuItemPanel - 当前选中的菜单项：recommend
19:27:35.283 [JavaFX Application Thread] INFO  c.s.d.p.node.HomePageMenuItemPanel - 上一个被选中的菜单项：jingxuan
19:27:35.284 [JavaFX Application Thread] INFO  c.s.d.p.node.HomePageMenuItemPanel - ================================
19:27:36.388 [JavaFX Application Thread] INFO  c.s.d.p.node.HomePageMenuItemPanel - === ToggleGroup 监听器被触发 ===
19:27:36.388 [JavaFX Application Thread] INFO  c.s.d.p.node.HomePageMenuItemPanel - oldToggle: recommend
19:27:36.388 [JavaFX Application Thread] INFO  c.s.d.p.node.HomePageMenuItemPanel - newToggle: roam
19:27:36.389 [JavaFX Application Thread] INFO  c.s.d.p.node.HomePageMenuItemPanel - 当前选中的菜单项：roam
19:27:36.389 [JavaFX Application Thread] INFO  c.s.d.p.node.HomePageMenuItemPanel - 上一个被选中的菜单项：recommend
19:27:36.389 [JavaFX Application Thread] INFO  c.s.d.p.node.HomePageMenuItemPanel - ================================
19:27:36.771 [JavaFX Application Thread] INFO  c.s.d.p.node.HomePageMenuItemPanel - === ToggleGroup 监听器被触发 ===
19:27:36.772 [JavaFX Application Thread] INFO  c.s.d.p.node.HomePageMenuItemPanel - oldToggle: roam
19:27:36.772 [JavaFX Application Thread] INFO  c.s.d.p.node.HomePageMenuItemPanel - newToggle: myMusic
19:27:36.772 [JavaFX Application Thread] INFO  c.s.d.p.node.HomePageMenuItemPanel - 当前选中的菜单项：myMusic
19:27:36.772 [JavaFX Application Thread] INFO  c.s.d.p.node.HomePageMenuItemPanel - 上一个被选中的菜单项：roam
19:27:36.773 [JavaFX Application Thread] INFO  c.s.d.p.node.HomePageMenuItemPanel - ================================
19:27:37.950 [JavaFX Application Thread] INFO  c.s.d.p.node.HomePageMenuItemPanel - === ToggleGroup 监听器被触发 ===
19:27:37.950 [JavaFX Application Thread] INFO  c.s.d.p.node.HomePageMenuItemPanel - oldToggle: myMusic
19:27:37.950 [JavaFX Application Thread] INFO  c.s.d.p.node.HomePageMenuItemPanel - newToggle: recommend
19:27:37.950 [JavaFX Application Thread] INFO  c.s.d.p.node.HomePageMenuItemPanel - 当前选中的菜单项：recommend
19:27:37.950 [JavaFX Application Thread] INFO  c.s.d.p.node.HomePageMenuItemPanel - 上一个被选中的菜单项：myMusic
19:27:37.950 [JavaFX Application Thread] INFO  c.s.d.p.node.HomePageMenuItemPanel - ================================
19:27:40.292 [JavaFX Application Thread] INFO  c.s.d.p.node.HomePageMenuItemPanel - === ToggleGroup 监听器被触发 ===
19:27:40.292 [JavaFX Application Thread] INFO  c.s.d.p.node.HomePageMenuItemPanel - oldToggle: recommend
19:27:40.292 [JavaFX Application Thread] INFO  c.s.d.p.node.HomePageMenuItemPanel - newToggle: myMusic
19:27:40.292 [JavaFX Application Thread] INFO  c.s.d.p.node.HomePageMenuItemPanel - 当前选中的菜单项：myMusic
19:27:40.292 [JavaFX Application Thread] INFO  c.s.d.p.node.HomePageMenuItemPanel - 上一个被选中的菜单项：recommend
19:27:40.292 [JavaFX Application Thread] INFO  c.s.d.p.node.HomePageMenuItemPanel - ================================
19:27:41.630 [JavaFX Application Thread] INFO  c.s.d.p.node.HomePageMenuItemPanel - === ToggleGroup 监听器被触发 ===
19:27:41.630 [JavaFX Application Thread] INFO  c.s.d.p.node.HomePageMenuItemPanel - oldToggle: myMusic
19:27:41.630 [JavaFX Application Thread] INFO  c.s.d.p.node.HomePageMenuItemPanel - newToggle: recommend
19:27:41.631 [JavaFX Application Thread] INFO  c.s.d.p.node.HomePageMenuItemPanel - 当前选中的菜单项：recommend
19:27:41.631 [JavaFX Application Thread] INFO  c.s.d.p.node.HomePageMenuItemPanel - 上一个被选中的菜单项：myMusic
19:27:41.631 [JavaFX Application Thread] INFO  c.s.d.p.node.HomePageMenuItemPanel - ================================
19:30:27.195 [JavaFX Application Thread] INFO  c.s.d.p.node.HomePageMenuItemPanel - === ToggleGroup 监听器被触发 ===
19:30:27.195 [JavaFX Application Thread] INFO  c.s.d.p.node.HomePageMenuItemPanel - oldToggle: recommend
19:30:27.195 [JavaFX Application Thread] INFO  c.s.d.p.node.HomePageMenuItemPanel - newToggle: jingxuan
19:30:27.195 [JavaFX Application Thread] INFO  c.s.d.p.node.HomePageMenuItemPanel - 当前选中的菜单项：jingxuan
19:30:27.195 [JavaFX Application Thread] INFO  c.s.d.p.node.HomePageMenuItemPanel - 上一个被选中的菜单项：recommend
19:30:27.196 [JavaFX Application Thread] INFO  c.s.d.p.node.HomePageMenuItemPanel - ================================
19:30:27.611 [JavaFX Application Thread] INFO  c.s.d.p.node.HomePageMenuItemPanel - === ToggleGroup 监听器被触发 ===
19:30:27.611 [JavaFX Application Thread] INFO  c.s.d.p.node.HomePageMenuItemPanel - oldToggle: jingxuan
19:30:27.612 [JavaFX Application Thread] INFO  c.s.d.p.node.HomePageMenuItemPanel - newToggle: recommend
19:30:27.612 [JavaFX Application Thread] INFO  c.s.d.p.node.HomePageMenuItemPanel - 当前选中的菜单项：recommend
19:30:27.612 [JavaFX Application Thread] INFO  c.s.d.p.node.HomePageMenuItemPanel - 上一个被选中的菜单项：jingxuan
19:30:27.612 [JavaFX Application Thread] INFO  c.s.d.p.node.HomePageMenuItemPanel - ================================
19:37:03.730 [JavaFX Application Thread] INFO  com.stickpoint.ddmusic.App - === 应用启动调试信息 ===
19:37:03.732 [JavaFX Application Thread] INFO  com.stickpoint.ddmusic.App - Java 版本: 21.0.8
19:37:03.733 [JavaFX Application Thread] INFO  com.stickpoint.ddmusic.App - JavaFX 版本: 21.0.7
19:37:03.733 [JavaFX Application Thread] INFO  com.stickpoint.ddmusic.App - 工作目录: E:\codeData\javaProject\javafx-ddmusic\ddmuisc2
19:37:03.733 [JavaFX Application Thread] INFO  com.stickpoint.ddmusic.App - 1. 开始创建 HomePage
19:37:05.042 [JavaFX Application Thread] INFO  c.s.ddmusic.common.utils.ConfigUtils - 配置文件读取成功: C:\Users\Administrator\ddmusic.dd
19:37:05.057 [JavaFX Application Thread] INFO  c.s.d.p.n.MusicPlayDetailContainer - 旋转角度: 60.0
19:37:05.243 [JavaFX Application Thread] INFO  com.stickpoint.ddmusic.App - 2. HomePage 创建成功
19:37:05.243 [JavaFX Application Thread] INFO  com.stickpoint.ddmusic.App - 3. 开始创建场景
19:37:05.334 [JavaFX Application Thread] INFO  com.stickpoint.ddmusic.App - 4. 场景创建成功
19:37:05.334 [JavaFX Application Thread] INFO  com.stickpoint.ddmusic.App - 5. 设置舞台属性
19:37:05.335 [JavaFX Application Thread] INFO  com.stickpoint.ddmusic.App - 6. 舞台属性设置完成
19:37:05.337 [JavaFX Application Thread] INFO  com.stickpoint.ddmusic.App - 7. 加载图标
19:37:05.338 [JavaFX Application Thread] INFO  com.stickpoint.ddmusic.App - 图标URL: file:/E:/codeData/javaProject/javafx-ddmusic/ddmuisc2/target/classes/img/logo.svg
19:37:05.340 [JavaFX Application Thread] INFO  com.stickpoint.ddmusic.App - 8. 图标加载成功
19:37:05.341 [JavaFX Application Thread] INFO  com.stickpoint.ddmusic.App - 9. 显示舞台
19:37:05.905 [JavaFX Application Thread] INFO  com.stickpoint.ddmusic.App - 10. 添加窗口缩放支持
19:37:05.907 [JavaFX Application Thread] INFO  com.stickpoint.ddmusic.App - 11. 居中显示
19:37:05.908 [JavaFX Application Thread] INFO  com.stickpoint.ddmusic.App - 12. 应用启动完成
19:37:14.742 [JavaFX Application Thread] INFO  c.s.d.p.node.HomePageMenuItemPanel - === ToggleGroup 监听器被触发 ===
19:37:14.742 [JavaFX Application Thread] INFO  c.s.d.p.node.HomePageMenuItemPanel - oldToggle: null
19:37:14.742 [JavaFX Application Thread] INFO  c.s.d.p.node.HomePageMenuItemPanel - newToggle: recommend
19:37:14.742 [JavaFX Application Thread] INFO  c.s.d.p.node.HomePageMenuItemPanel - 当前选中的菜单项：recommend
19:37:14.743 [JavaFX Application Thread] INFO  c.s.d.p.node.HomePageMenuItemPanel - ================================
19:37:15.236 [JavaFX Application Thread] INFO  c.s.d.p.node.HomePageMenuItemPanel - === ToggleGroup 监听器被触发 ===
19:37:15.236 [JavaFX Application Thread] INFO  c.s.d.p.node.HomePageMenuItemPanel - oldToggle: recommend
19:37:15.236 [JavaFX Application Thread] INFO  c.s.d.p.node.HomePageMenuItemPanel - newToggle: jingxuan
19:37:15.236 [JavaFX Application Thread] INFO  c.s.d.p.node.HomePageMenuItemPanel - 当前选中的菜单项：jingxuan
19:37:15.237 [JavaFX Application Thread] INFO  c.s.d.p.node.HomePageMenuItemPanel - 上一个被选中的菜单项：recommend
19:37:15.237 [JavaFX Application Thread] INFO  c.s.d.p.node.HomePageMenuItemPanel - ================================
19:37:16.669 [JavaFX Application Thread] INFO  c.s.d.p.node.HomePageMenuItemPanel - === ToggleGroup 监听器被触发 ===
19:37:16.669 [JavaFX Application Thread] INFO  c.s.d.p.node.HomePageMenuItemPanel - oldToggle: jingxuan
19:37:16.669 [JavaFX Application Thread] INFO  c.s.d.p.node.HomePageMenuItemPanel - newToggle: myMusic
19:37:16.669 [JavaFX Application Thread] INFO  c.s.d.p.node.HomePageMenuItemPanel - 当前选中的菜单项：myMusic
19:37:16.669 [JavaFX Application Thread] INFO  c.s.d.p.node.HomePageMenuItemPanel - 上一个被选中的菜单项：jingxuan
19:37:16.669 [JavaFX Application Thread] INFO  c.s.d.p.node.HomePageMenuItemPanel - ================================
19:37:17.677 [JavaFX Application Thread] INFO  c.s.d.p.node.HomePageMenuItemPanel - === ToggleGroup 监听器被触发 ===
19:37:17.678 [JavaFX Application Thread] INFO  c.s.d.p.node.HomePageMenuItemPanel - oldToggle: myMusic
19:37:17.678 [JavaFX Application Thread] INFO  c.s.d.p.node.HomePageMenuItemPanel - newToggle: recommend
19:37:17.678 [JavaFX Application Thread] INFO  c.s.d.p.node.HomePageMenuItemPanel - 当前选中的菜单项：recommend
19:37:17.679 [JavaFX Application Thread] INFO  c.s.d.p.node.HomePageMenuItemPanel - 上一个被选中的菜单项：myMusic
19:37:17.679 [JavaFX Application Thread] INFO  c.s.d.p.node.HomePageMenuItemPanel - ================================
19:37:23.188 [JavaFX Application Thread] INFO  c.s.d.p.n.MusicPlayDetailContainer - 加载专辑封面: https://qnm.hunliji.com/o_1j4004gdbik71aj219fb1ahrqk4j.jpg
19:37:23.190 [JavaFX Application Thread] INFO  c.s.d.p.n.MusicPlayDetailContainer - 当前旋转角度: 暂停--95.0
19:37:23.227 [Thread-57] INFO  c.s.d.p.n.MusicPlayDetailContainer - 实际专辑封面URL: https://qnm.hunliji.com/o_1j4004gdbik71aj219fb1ahrqk4j.jpg
19:37:23.308 [JavaFX Application Thread] INFO  c.s.d.p.n.MusicPlayDetailContainer - 图片加载进度: 10%
19:37:23.329 [JavaFX Application Thread] INFO  c.s.d.p.n.MusicPlayDetailContainer - 图片加载进度: 21%
19:37:23.340 [JavaFX Application Thread] INFO  c.s.d.p.n.MusicPlayDetailContainer - 图片加载进度: 31%
19:37:23.344 [JavaFX Application Thread] INFO  c.s.d.p.n.MusicPlayDetailContainer - 图片加载进度: 42%
19:37:23.352 [JavaFX Application Thread] INFO  c.s.d.p.n.MusicPlayDetailContainer - 图片加载进度: 53%
19:37:23.358 [JavaFX Application Thread] INFO  c.s.d.p.n.MusicPlayDetailContainer - 图片加载进度: 64%
19:37:23.369 [JavaFX Application Thread] INFO  c.s.d.p.n.MusicPlayDetailContainer - 图片加载进度: 74%
19:37:23.374 [JavaFX Application Thread] INFO  c.s.d.p.n.MusicPlayDetailContainer - 图片加载进度: 85%
19:37:23.380 [JavaFX Application Thread] INFO  c.s.d.p.n.MusicPlayDetailContainer - 图片加载进度: 96%
19:37:23.381 [JavaFX Application Thread] INFO  c.s.d.p.n.MusicPlayDetailContainer - 图片加载进度: 100%
19:37:23.382 [JavaFX Application Thread] INFO  c.s.d.p.n.MusicPlayDetailContainer - 图片加载完成，加入缓存
19:37:24.988 [JavaFX Application Thread] INFO  c.s.d.p.n.MusicPlayDetailContainer - 暂停旋转
19:37:24.989 [JavaFX Application Thread] INFO  c.s.d.p.n.MusicPlayDetailContainer - 当前播放状态: PAUSED
19:37:24.990 [JavaFX Application Thread] INFO  c.s.d.p.n.MusicPlayDetailContainer - 当前旋转角度: 播放--95.0
19:47:53.178 [JavaFX Application Thread] INFO  com.stickpoint.ddmusic.App - === 应用启动调试信息 ===
19:47:53.180 [JavaFX Application Thread] INFO  com.stickpoint.ddmusic.App - Java 版本: 21.0.8
19:47:53.180 [JavaFX Application Thread] INFO  com.stickpoint.ddmusic.App - JavaFX 版本: 21.0.7
19:47:53.181 [JavaFX Application Thread] INFO  com.stickpoint.ddmusic.App - 工作目录: E:\codeData\javaProject\javafx-ddmusic\ddmuisc2
19:47:53.181 [JavaFX Application Thread] INFO  com.stickpoint.ddmusic.App - 1. 开始创建 HomePage
19:47:54.060 [JavaFX Application Thread] INFO  c.s.ddmusic.common.utils.HttpUtils - 获取音乐榜单
19:47:54.818 [JavaFX Application Thread] ERROR c.s.ddmusic.common.utils.HttpUtils - TuneFree API请求失败: https://api.tunefree.fun/rank
19:47:55.111 [JavaFX Application Thread] INFO  c.s.ddmusic.common.utils.ConfigUtils - 配置文件读取成功: C:\Users\Administrator\ddmusic.dd
19:47:55.123 [JavaFX Application Thread] INFO  c.s.d.p.n.MusicPlayDetailContainer - 旋转角度: 60.0
19:47:55.271 [JavaFX Application Thread] INFO  com.stickpoint.ddmusic.App - 2. HomePage 创建成功
19:47:55.273 [JavaFX Application Thread] INFO  com.stickpoint.ddmusic.App - 3. 开始创建场景
19:47:55.350 [JavaFX Application Thread] INFO  com.stickpoint.ddmusic.App - 4. 场景创建成功
19:47:55.351 [JavaFX Application Thread] INFO  com.stickpoint.ddmusic.App - 5. 设置舞台属性
19:47:55.352 [JavaFX Application Thread] INFO  com.stickpoint.ddmusic.App - 6. 舞台属性设置完成
19:47:55.352 [JavaFX Application Thread] INFO  com.stickpoint.ddmusic.App - 7. 加载图标
19:47:55.358 [JavaFX Application Thread] INFO  com.stickpoint.ddmusic.App - 图标URL: file:/E:/codeData/javaProject/javafx-ddmusic/ddmuisc2/target/classes/img/logo.svg
19:47:55.360 [JavaFX Application Thread] INFO  com.stickpoint.ddmusic.App - 8. 图标加载成功
19:47:55.361 [JavaFX Application Thread] INFO  com.stickpoint.ddmusic.App - 9. 显示舞台
19:47:55.771 [JavaFX Application Thread] INFO  com.stickpoint.ddmusic.App - 10. 添加窗口缩放支持
19:47:55.773 [JavaFX Application Thread] INFO  com.stickpoint.ddmusic.App - 11. 居中显示
19:47:55.774 [JavaFX Application Thread] INFO  com.stickpoint.ddmusic.App - 12. 应用启动完成
19:48:00.107 [JavaFX Application Thread] INFO  c.s.ddmusic.common.utils.HttpUtils - 获取音乐榜单
19:48:00.678 [JavaFX Application Thread] ERROR c.s.ddmusic.common.utils.HttpUtils - TuneFree API请求失败: https://api.tunefree.fun/rank
19:48:04.228 [JavaFX Application Thread] INFO  c.s.ddmusic.common.utils.HttpUtils - 获取音乐榜单
19:48:04.833 [JavaFX Application Thread] ERROR c.s.ddmusic.common.utils.HttpUtils - TuneFree API请求失败: https://api.tunefree.fun/rank
19:52:18.845 [JavaFX Application Thread] INFO  com.stickpoint.ddmusic.App - === 应用启动调试信息 ===
19:52:18.847 [JavaFX Application Thread] INFO  com.stickpoint.ddmusic.App - Java 版本: 21.0.8
19:52:18.848 [JavaFX Application Thread] INFO  com.stickpoint.ddmusic.App - JavaFX 版本: 21.0.7
19:52:18.848 [JavaFX Application Thread] INFO  com.stickpoint.ddmusic.App - 工作目录: E:\codeData\javaProject\javafx-ddmusic\ddmuisc2
19:52:18.849 [JavaFX Application Thread] INFO  com.stickpoint.ddmusic.App - 1. 开始创建 HomePage
19:52:20.511 [JavaFX Application Thread] INFO  c.s.ddmusic.common.utils.ConfigUtils - 配置文件读取成功: C:\Users\Administrator\ddmusic.dd
19:52:20.525 [JavaFX Application Thread] INFO  c.s.d.p.n.MusicPlayDetailContainer - 旋转角度: 60.0
19:52:20.688 [JavaFX Application Thread] INFO  com.stickpoint.ddmusic.App - 2. HomePage 创建成功
19:52:20.689 [JavaFX Application Thread] INFO  com.stickpoint.ddmusic.App - 3. 开始创建场景
19:52:20.779 [JavaFX Application Thread] INFO  com.stickpoint.ddmusic.App - 4. 场景创建成功
19:52:20.779 [JavaFX Application Thread] INFO  com.stickpoint.ddmusic.App - 5. 设置舞台属性
19:52:20.780 [JavaFX Application Thread] INFO  com.stickpoint.ddmusic.App - 6. 舞台属性设置完成
19:52:20.781 [JavaFX Application Thread] INFO  com.stickpoint.ddmusic.App - 7. 加载图标
19:52:20.783 [JavaFX Application Thread] INFO  com.stickpoint.ddmusic.App - 图标URL: file:/E:/codeData/javaProject/javafx-ddmusic/ddmuisc2/target/classes/img/logo.svg
19:52:20.785 [JavaFX Application Thread] INFO  com.stickpoint.ddmusic.App - 8. 图标加载成功
19:52:20.785 [JavaFX Application Thread] INFO  com.stickpoint.ddmusic.App - 9. 显示舞台
19:52:21.315 [JavaFX Application Thread] INFO  com.stickpoint.ddmusic.App - 10. 添加窗口缩放支持
19:52:21.317 [JavaFX Application Thread] INFO  com.stickpoint.ddmusic.App - 11. 居中显示
19:52:21.317 [JavaFX Application Thread] INFO  com.stickpoint.ddmusic.App - 12. 应用启动完成
19:56:04.549 [JavaFX Application Thread] INFO  com.stickpoint.ddmusic.App - === 应用启动调试信息 ===
19:56:04.551 [JavaFX Application Thread] INFO  com.stickpoint.ddmusic.App - Java 版本: 21.0.8
19:56:04.551 [JavaFX Application Thread] INFO  com.stickpoint.ddmusic.App - JavaFX 版本: 21.0.7
19:56:04.551 [JavaFX Application Thread] INFO  com.stickpoint.ddmusic.App - 工作目录: E:\codeData\javaProject\javafx-ddmusic\ddmuisc2
19:56:04.552 [JavaFX Application Thread] INFO  com.stickpoint.ddmusic.App - 1. 开始创建 HomePage
19:56:05.863 [JavaFX Application Thread] INFO  c.s.ddmusic.common.utils.ConfigUtils - 配置文件读取成功: C:\Users\Administrator\ddmusic.dd
19:56:05.877 [JavaFX Application Thread] INFO  c.s.d.p.n.MusicPlayDetailContainer - 旋转角度: 60.0
19:56:06.018 [JavaFX Application Thread] INFO  com.stickpoint.ddmusic.App - 2. HomePage 创建成功
19:56:06.018 [JavaFX Application Thread] INFO  com.stickpoint.ddmusic.App - 3. 开始创建场景
19:56:06.165 [JavaFX Application Thread] INFO  com.stickpoint.ddmusic.App - 4. 场景创建成功
19:56:06.165 [JavaFX Application Thread] INFO  com.stickpoint.ddmusic.App - 5. 设置舞台属性
19:56:06.166 [JavaFX Application Thread] INFO  com.stickpoint.ddmusic.App - 6. 舞台属性设置完成
19:56:06.167 [JavaFX Application Thread] INFO  com.stickpoint.ddmusic.App - 7. 加载图标
19:56:06.168 [JavaFX Application Thread] INFO  com.stickpoint.ddmusic.App - 图标URL: file:/E:/codeData/javaProject/javafx-ddmusic/ddmuisc2/target/classes/img/logo.svg
19:56:06.171 [JavaFX Application Thread] INFO  com.stickpoint.ddmusic.App - 8. 图标加载成功
19:56:06.172 [JavaFX Application Thread] INFO  com.stickpoint.ddmusic.App - 9. 显示舞台
19:56:06.739 [JavaFX Application Thread] INFO  com.stickpoint.ddmusic.App - 10. 添加窗口缩放支持
19:56:06.743 [JavaFX Application Thread] INFO  com.stickpoint.ddmusic.App - 11. 居中显示
19:56:06.743 [JavaFX Application Thread] INFO  com.stickpoint.ddmusic.App - 12. 应用启动完成
19:56:36.444 [JavaFX Application Thread] INFO  c.s.d.p.node.HomePageMenuItemPanel - === ToggleGroup 监听器被触发 ===
19:56:36.444 [JavaFX Application Thread] INFO  c.s.d.p.node.HomePageMenuItemPanel - oldToggle: null
19:56:36.444 [JavaFX Application Thread] INFO  c.s.d.p.node.HomePageMenuItemPanel - newToggle: recommend
19:56:36.444 [JavaFX Application Thread] INFO  c.s.d.p.node.HomePageMenuItemPanel - 当前选中的菜单项：recommend
19:56:36.445 [JavaFX Application Thread] INFO  c.s.d.p.node.HomePageMenuItemPanel - ================================
19:56:37.235 [JavaFX Application Thread] INFO  c.s.d.p.node.HomePageMenuItemPanel - === ToggleGroup 监听器被触发 ===
19:56:37.235 [JavaFX Application Thread] INFO  c.s.d.p.node.HomePageMenuItemPanel - oldToggle: recommend
19:56:37.235 [JavaFX Application Thread] INFO  c.s.d.p.node.HomePageMenuItemPanel - newToggle: myMusic
19:56:37.235 [JavaFX Application Thread] INFO  c.s.d.p.node.HomePageMenuItemPanel - 当前选中的菜单项：myMusic
19:56:37.236 [JavaFX Application Thread] INFO  c.s.d.p.node.HomePageMenuItemPanel - 上一个被选中的菜单项：recommend
19:56:37.236 [JavaFX Application Thread] INFO  c.s.d.p.node.HomePageMenuItemPanel - ================================
19:56:38.299 [JavaFX Application Thread] INFO  c.s.d.p.node.HomePageMenuItemPanel - === ToggleGroup 监听器被触发 ===
19:56:38.300 [JavaFX Application Thread] INFO  c.s.d.p.node.HomePageMenuItemPanel - oldToggle: myMusic
19:56:38.300 [JavaFX Application Thread] INFO  c.s.d.p.node.HomePageMenuItemPanel - newToggle: recommend
19:56:38.300 [JavaFX Application Thread] INFO  c.s.d.p.node.HomePageMenuItemPanel - 当前选中的菜单项：recommend
19:56:38.300 [JavaFX Application Thread] INFO  c.s.d.p.node.HomePageMenuItemPanel - 上一个被选中的菜单项：myMusic
19:56:38.300 [JavaFX Application Thread] INFO  c.s.d.p.node.HomePageMenuItemPanel - ================================
20:08:12.253 [JavaFX Application Thread] INFO  com.stickpoint.ddmusic.App - === 应用启动调试信息 ===
20:08:12.257 [JavaFX Application Thread] INFO  com.stickpoint.ddmusic.App - Java 版本: 21.0.8
20:08:12.257 [JavaFX Application Thread] INFO  com.stickpoint.ddmusic.App - JavaFX 版本: 21.0.7
20:08:12.258 [JavaFX Application Thread] INFO  com.stickpoint.ddmusic.App - 工作目录: E:\codeData\javaProject\javafx-ddmusic\ddmuisc2
20:08:12.258 [JavaFX Application Thread] INFO  com.stickpoint.ddmusic.App - 1. 开始创建 HomePage
20:08:14.215 [JavaFX Application Thread] INFO  c.s.ddmusic.common.utils.ConfigUtils - 配置文件读取成功: C:\Users\Administrator\ddmusic.dd
20:08:14.225 [JavaFX Application Thread] INFO  c.s.d.p.n.MusicPlayDetailContainer - 旋转角度: 60.0
20:08:14.389 [JavaFX Application Thread] INFO  com.stickpoint.ddmusic.App - 2. HomePage 创建成功
20:08:14.389 [JavaFX Application Thread] INFO  com.stickpoint.ddmusic.App - 3. 开始创建场景
20:08:14.495 [JavaFX Application Thread] INFO  com.stickpoint.ddmusic.App - 4. 场景创建成功
20:08:14.495 [JavaFX Application Thread] INFO  com.stickpoint.ddmusic.App - 5. 设置舞台属性
20:08:14.496 [JavaFX Application Thread] INFO  com.stickpoint.ddmusic.App - 6. 舞台属性设置完成
20:08:14.497 [JavaFX Application Thread] INFO  com.stickpoint.ddmusic.App - 7. 加载图标
20:08:14.498 [JavaFX Application Thread] INFO  com.stickpoint.ddmusic.App - 图标URL: file:/E:/codeData/javaProject/javafx-ddmusic/ddmuisc2/target/classes/img/logo.svg
20:08:14.513 [JavaFX Application Thread] INFO  com.stickpoint.ddmusic.App - 8. 图标加载成功
20:08:14.513 [JavaFX Application Thread] INFO  com.stickpoint.ddmusic.App - 9. 显示舞台
20:08:15.151 [JavaFX Application Thread] INFO  com.stickpoint.ddmusic.App - 10. 添加窗口缩放支持
20:08:15.154 [JavaFX Application Thread] INFO  com.stickpoint.ddmusic.App - 11. 居中显示
20:08:15.154 [JavaFX Application Thread] INFO  com.stickpoint.ddmusic.App - 12. 应用启动完成
20:08:58.500 [JavaFX Application Thread] INFO  c.s.d.p.node.HomePageMenuItemPanel - === ToggleGroup 监听器被触发 ===
20:08:58.500 [JavaFX Application Thread] INFO  c.s.d.p.node.HomePageMenuItemPanel - oldToggle: null
20:08:58.500 [JavaFX Application Thread] INFO  c.s.d.p.node.HomePageMenuItemPanel - newToggle: recommend
20:08:58.501 [JavaFX Application Thread] INFO  c.s.d.p.node.HomePageMenuItemPanel - 当前选中的菜单项：recommend
20:08:58.501 [JavaFX Application Thread] INFO  c.s.d.p.node.HomePageMenuItemPanel - ================================
20:20:10.780 [JavaFX Application Thread] INFO  com.stickpoint.ddmusic.App - === 应用启动调试信息 ===
20:20:10.783 [JavaFX Application Thread] INFO  com.stickpoint.ddmusic.App - Java 版本: 21.0.8
20:20:10.784 [JavaFX Application Thread] INFO  com.stickpoint.ddmusic.App - JavaFX 版本: 21.0.7
20:20:10.785 [JavaFX Application Thread] INFO  com.stickpoint.ddmusic.App - 工作目录: E:\codeData\javaProject\javafx-ddmusic\ddmuisc2
20:20:10.785 [JavaFX Application Thread] INFO  com.stickpoint.ddmusic.App - 1. 开始创建 HomePage
20:20:14.989 [JavaFX Application Thread] INFO  c.s.ddmusic.common.utils.ConfigUtils - 配置文件读取成功: C:\Users\Administrator\ddmusic.dd
20:20:14.997 [JavaFX Application Thread] INFO  c.s.d.p.n.MusicPlayDetailContainer - 旋转角度: 60.0
20:20:15.154 [JavaFX Application Thread] INFO  com.stickpoint.ddmusic.App - 2. HomePage 创建成功
20:20:15.155 [JavaFX Application Thread] INFO  com.stickpoint.ddmusic.App - 3. 开始创建场景
20:20:15.270 [JavaFX Application Thread] INFO  com.stickpoint.ddmusic.App - 4. 场景创建成功
20:20:15.270 [JavaFX Application Thread] INFO  com.stickpoint.ddmusic.App - 5. 设置舞台属性
20:20:15.271 [JavaFX Application Thread] INFO  com.stickpoint.ddmusic.App - 6. 舞台属性设置完成
20:20:15.272 [JavaFX Application Thread] INFO  com.stickpoint.ddmusic.App - 7. 加载图标
20:20:15.273 [JavaFX Application Thread] INFO  com.stickpoint.ddmusic.App - 图标URL: file:/E:/codeData/javaProject/javafx-ddmusic/ddmuisc2/target/classes/img/logo.svg
20:20:15.274 [JavaFX Application Thread] INFO  com.stickpoint.ddmusic.App - 8. 图标加载成功
20:20:15.275 [JavaFX Application Thread] INFO  com.stickpoint.ddmusic.App - 9. 显示舞台
20:20:15.818 [JavaFX Application Thread] INFO  com.stickpoint.ddmusic.App - 10. 添加窗口缩放支持
20:20:15.821 [JavaFX Application Thread] INFO  com.stickpoint.ddmusic.App - 11. 居中显示
20:20:15.822 [JavaFX Application Thread] INFO  com.stickpoint.ddmusic.App - 12. 应用启动完成
20:20:49.012 [JavaFX Application Thread] INFO  c.s.d.p.node.HomePageMenuItemPanel - === ToggleGroup 监听器被触发 ===
20:20:49.012 [JavaFX Application Thread] INFO  c.s.d.p.node.HomePageMenuItemPanel - oldToggle: null
20:20:49.013 [JavaFX Application Thread] INFO  c.s.d.p.node.HomePageMenuItemPanel - newToggle: myMusic
20:20:49.013 [JavaFX Application Thread] INFO  c.s.d.p.node.HomePageMenuItemPanel - 当前选中的菜单项：myMusic
20:20:49.013 [JavaFX Application Thread] INFO  c.s.d.p.node.HomePageMenuItemPanel - ================================
20:20:51.870 [JavaFX Application Thread] INFO  c.s.d.p.node.HomePageMenuItemPanel - === ToggleGroup 监听器被触发 ===
20:20:51.870 [JavaFX Application Thread] INFO  c.s.d.p.node.HomePageMenuItemPanel - oldToggle: myMusic
20:20:51.870 [JavaFX Application Thread] INFO  c.s.d.p.node.HomePageMenuItemPanel - newToggle: recommend
20:20:51.870 [JavaFX Application Thread] INFO  c.s.d.p.node.HomePageMenuItemPanel - 当前选中的菜单项：recommend
20:20:51.871 [JavaFX Application Thread] INFO  c.s.d.p.node.HomePageMenuItemPanel - 上一个被选中的菜单项：myMusic
20:20:51.871 [JavaFX Application Thread] INFO  c.s.d.p.node.HomePageMenuItemPanel - ================================
20:21:42.219 [JavaFX Application Thread] INFO  com.stickpoint.ddmusic.App - === 应用启动调试信息 ===
20:21:42.222 [JavaFX Application Thread] INFO  com.stickpoint.ddmusic.App - Java 版本: 21.0.8
20:21:42.222 [JavaFX Application Thread] INFO  com.stickpoint.ddmusic.App - JavaFX 版本: 21.0.7
20:21:42.223 [JavaFX Application Thread] INFO  com.stickpoint.ddmusic.App - 工作目录: E:\codeData\javaProject\javafx-ddmusic\ddmuisc2
20:21:42.223 [JavaFX Application Thread] INFO  com.stickpoint.ddmusic.App - 1. 开始创建 HomePage
20:22:15.287 [JavaFX Application Thread] INFO  c.s.ddmusic.common.utils.ConfigUtils - 配置文件读取成功: C:\Users\Administrator\ddmusic.dd
20:22:15.647 [JavaFX Application Thread] INFO  c.s.d.p.n.MusicPlayDetailContainer - 旋转角度: 60.0
20:22:19.191 [JavaFX Application Thread] INFO  com.stickpoint.ddmusic.App - 2. HomePage 创建成功
20:22:19.191 [JavaFX Application Thread] INFO  com.stickpoint.ddmusic.App - 3. 开始创建场景
20:22:21.576 [JavaFX Application Thread] INFO  com.stickpoint.ddmusic.App - 4. 场景创建成功
20:22:21.576 [JavaFX Application Thread] INFO  com.stickpoint.ddmusic.App - 5. 设置舞台属性
20:22:21.577 [JavaFX Application Thread] INFO  com.stickpoint.ddmusic.App - 6. 舞台属性设置完成
20:22:21.577 [JavaFX Application Thread] INFO  com.stickpoint.ddmusic.App - 7. 加载图标
20:22:21.578 [JavaFX Application Thread] INFO  com.stickpoint.ddmusic.App - 图标URL: file:/E:/codeData/javaProject/javafx-ddmusic/ddmuisc2/target/classes/img/logo.svg
20:22:21.611 [JavaFX Application Thread] INFO  com.stickpoint.ddmusic.App - 8. 图标加载成功
20:22:21.611 [JavaFX Application Thread] INFO  com.stickpoint.ddmusic.App - 9. 显示舞台
20:22:39.810 [JavaFX Application Thread] INFO  com.stickpoint.ddmusic.App - 10. 添加窗口缩放支持
20:22:39.811 [JavaFX Application Thread] INFO  com.stickpoint.ddmusic.App - 11. 居中显示
20:22:39.811 [JavaFX Application Thread] INFO  com.stickpoint.ddmusic.App - 12. 应用启动完成
20:24:44.031 [Thread-79] INFO  c.s.d.p.node.SearchResultContainer - 开始搜索关键词: 那不是雪中红
20:24:44.079 [Thread-79] INFO  c.s.d.common.utils.TuneHubApiUtils - 聚合搜索歌曲: 关键词=那不是雪中红
20:24:54.333 [Thread-79] ERROR c.s.ddmusic.common.utils.HttpUtils - TuneFree API请求失败: Read timed out
20:24:54.334 [Thread-79] INFO  c.s.d.p.node.SearchResultContainer - 搜索结果JSON: null
20:24:54.423 [Thread-79] ERROR c.s.d.p.node.SearchResultContainer - 搜索失败: Cannot invoke "java.util.Map.containsKey(Object)" because "resultMap" is null
java.lang.NullPointerException: Cannot invoke "java.util.Map.containsKey(Object)" because "resultMap" is null
	at com.stickpoint.ddmusic@0.0.1/com.stickpoint.ddmusic.page.node.SearchResultContainer.lambda$search$13(SearchResultContainer.java:283)
	at java.base/java.lang.Thread.run(Thread.java:1583)
20:24:57.805 [Thread-80] INFO  c.s.d.p.node.SearchResultContainer - 开始搜索关键词: 那不是雪中红
20:24:57.805 [Thread-80] INFO  c.s.d.common.utils.TuneHubApiUtils - 聚合搜索歌曲: 关键词=那不是雪中红
20:25:08.052 [Thread-80] ERROR c.s.ddmusic.common.utils.HttpUtils - TuneFree API请求失败: Read timed out
20:25:08.053 [Thread-80] INFO  c.s.d.p.node.SearchResultContainer - 搜索结果JSON: null
20:25:08.053 [Thread-80] ERROR c.s.d.p.node.SearchResultContainer - 搜索失败: Cannot invoke "java.util.Map.containsKey(Object)" because "resultMap" is null
java.lang.NullPointerException: Cannot invoke "java.util.Map.containsKey(Object)" because "resultMap" is null
	at com.stickpoint.ddmusic@0.0.1/com.stickpoint.ddmusic.page.node.SearchResultContainer.lambda$search$13(SearchResultContainer.java:283)
	at java.base/java.lang.Thread.run(Thread.java:1583)
20:25:20.524 [Thread-81] INFO  c.s.d.p.node.SearchResultContainer - 开始搜索关键词: 我不对
20:25:20.524 [Thread-81] INFO  c.s.d.common.utils.TuneHubApiUtils - 聚合搜索歌曲: 关键词=我不对
20:25:30.716 [Thread-81] ERROR c.s.ddmusic.common.utils.HttpUtils - TuneFree API请求失败: Read timed out
20:25:30.716 [Thread-81] INFO  c.s.d.p.node.SearchResultContainer - 搜索结果JSON: null
20:25:30.716 [Thread-81] ERROR c.s.d.p.node.SearchResultContainer - 搜索失败: Cannot invoke "java.util.Map.containsKey(Object)" because "resultMap" is null
java.lang.NullPointerException: Cannot invoke "java.util.Map.containsKey(Object)" because "resultMap" is null
	at com.stickpoint.ddmusic@0.0.1/com.stickpoint.ddmusic.page.node.SearchResultContainer.lambda$search$13(SearchResultContainer.java:283)
	at java.base/java.lang.Thread.run(Thread.java:1583)
20:25:32.317 [JavaFX Application Thread] INFO  c.s.d.p.node.HomePageMenuItemPanel - === ToggleGroup 监听器被触发 ===
20:25:32.318 [JavaFX Application Thread] INFO  c.s.d.p.node.HomePageMenuItemPanel - oldToggle: null
20:25:32.318 [JavaFX Application Thread] INFO  c.s.d.p.node.HomePageMenuItemPanel - newToggle: recommend
20:25:32.318 [JavaFX Application Thread] INFO  c.s.d.p.node.HomePageMenuItemPanel - 当前选中的菜单项：recommend
20:25:32.318 [JavaFX Application Thread] INFO  c.s.d.p.node.HomePageMenuItemPanel - ================================
20:27:20.555 [JavaFX Application Thread] INFO  com.stickpoint.ddmusic.App - === 应用启动调试信息 ===
20:27:20.558 [JavaFX Application Thread] INFO  com.stickpoint.ddmusic.App - Java 版本: 21.0.8
20:27:20.558 [JavaFX Application Thread] INFO  com.stickpoint.ddmusic.App - JavaFX 版本: 21.0.7
20:27:20.558 [JavaFX Application Thread] INFO  com.stickpoint.ddmusic.App - 工作目录: E:\codeData\javaProject\javafx-ddmusic\ddmuisc2
20:27:20.558 [JavaFX Application Thread] INFO  com.stickpoint.ddmusic.App - 1. 开始创建 HomePage
20:27:33.880 [JavaFX Application Thread] ERROR c.s.ddmusic.common.utils.HttpUtils - TuneFree API请求失败: Read timed out
20:27:34.029 [JavaFX Application Thread] INFO  c.s.ddmusic.common.utils.ConfigUtils - 配置文件读取成功: C:\Users\Administrator\ddmusic.dd
20:27:34.036 [JavaFX Application Thread] INFO  c.s.d.p.n.MusicPlayDetailContainer - 旋转角度: 60.0
20:27:34.194 [JavaFX Application Thread] INFO  com.stickpoint.ddmusic.App - 2. HomePage 创建成功
20:27:34.194 [JavaFX Application Thread] INFO  com.stickpoint.ddmusic.App - 3. 开始创建场景
20:27:34.247 [JavaFX Application Thread] INFO  com.stickpoint.ddmusic.App - 4. 场景创建成功
20:27:34.248 [JavaFX Application Thread] INFO  com.stickpoint.ddmusic.App - 5. 设置舞台属性
20:27:34.249 [JavaFX Application Thread] INFO  com.stickpoint.ddmusic.App - 6. 舞台属性设置完成
20:27:34.249 [JavaFX Application Thread] INFO  com.stickpoint.ddmusic.App - 7. 加载图标
20:27:34.249 [JavaFX Application Thread] INFO  com.stickpoint.ddmusic.App - 图标URL: file:/E:/codeData/javaProject/javafx-ddmusic/ddmuisc2/target/classes/img/logo.svg
20:27:34.250 [JavaFX Application Thread] INFO  com.stickpoint.ddmusic.App - 8. 图标加载成功
20:27:34.250 [JavaFX Application Thread] INFO  com.stickpoint.ddmusic.App - 9. 显示舞台
20:27:34.584 [JavaFX Application Thread] INFO  com.stickpoint.ddmusic.App - 10. 添加窗口缩放支持
20:27:34.585 [JavaFX Application Thread] INFO  com.stickpoint.ddmusic.App - 11. 居中显示
20:27:34.586 [JavaFX Application Thread] INFO  com.stickpoint.ddmusic.App - 12. 应用启动完成
20:27:52.344 [JavaFX Application Thread] ERROR c.s.ddmusic.common.utils.HttpUtils - TuneFree API请求失败: Read timed out
20:38:56.660 [JavaFX Application Thread] INFO  com.stickpoint.ddmusic.App - === 应用启动调试信息 ===
20:38:56.662 [JavaFX Application Thread] INFO  com.stickpoint.ddmusic.App - Java 版本: 21.0.8
20:38:56.662 [JavaFX Application Thread] INFO  com.stickpoint.ddmusic.App - JavaFX 版本: 21.0.7
20:38:56.663 [JavaFX Application Thread] INFO  com.stickpoint.ddmusic.App - 工作目录: E:\codeData\javaProject\javafx-ddmusic\ddmuisc2
20:38:56.663 [JavaFX Application Thread] INFO  com.stickpoint.ddmusic.App - 1. 开始创建 HomePage
20:39:08.580 [JavaFX Application Thread] ERROR c.s.ddmusic.common.utils.HttpUtils - TuneFree API请求失败: Read timed out
20:39:08.685 [JavaFX Application Thread] INFO  c.s.ddmusic.common.utils.ConfigUtils - 配置文件读取成功: C:\Users\Administrator\ddmusic.dd
20:39:08.693 [JavaFX Application Thread] INFO  c.s.d.p.n.MusicPlayDetailContainer - 旋转角度: 60.0
20:39:08.779 [JavaFX Application Thread] INFO  com.stickpoint.ddmusic.App - 2. HomePage 创建成功
20:39:08.780 [JavaFX Application Thread] INFO  com.stickpoint.ddmusic.App - 3. 开始创建场景
20:39:08.913 [JavaFX Application Thread] INFO  com.stickpoint.ddmusic.App - 4. 场景创建成功
20:39:08.915 [JavaFX Application Thread] INFO  com.stickpoint.ddmusic.App - 5. 设置舞台属性
20:39:08.930 [JavaFX Application Thread] INFO  com.stickpoint.ddmusic.App - 6. 舞台属性设置完成
20:39:08.955 [JavaFX Application Thread] INFO  com.stickpoint.ddmusic.App - 7. 加载图标
20:39:08.958 [JavaFX Application Thread] INFO  com.stickpoint.ddmusic.App - 图标URL: file:/E:/codeData/javaProject/javafx-ddmusic/ddmuisc2/target/classes/img/logo.svg
20:39:08.959 [JavaFX Application Thread] INFO  com.stickpoint.ddmusic.App - 8. 图标加载成功
20:39:08.960 [JavaFX Application Thread] INFO  com.stickpoint.ddmusic.App - 9. 显示舞台
20:39:09.222 [JavaFX Application Thread] INFO  com.stickpoint.ddmusic.App - 10. 添加窗口缩放支持
20:39:09.224 [JavaFX Application Thread] INFO  com.stickpoint.ddmusic.App - 11. 居中显示
20:39:09.224 [JavaFX Application Thread] INFO  com.stickpoint.ddmusic.App - 12. 应用启动完成
20:39:20.969 [Thread-47] INFO  c.s.d.p.node.SearchResultContainer - 开始搜索关键词: 我的名字
20:39:20.971 [Thread-47] INFO  c.s.d.common.utils.TuneHubApiUtils - 聚合搜索歌曲: 关键词=我的名字
20:39:30.976 [Thread-47] ERROR c.s.ddmusic.common.utils.HttpUtils - TuneFree API请求失败: Read timed out
20:39:30.976 [Thread-47] INFO  c.s.d.p.node.SearchResultContainer - 搜索结果JSON: null
20:57:21.226 [JavaFX Application Thread] INFO  com.stickpoint.ddmusic.App - === 应用启动调试信息 ===
20:57:21.228 [JavaFX Application Thread] INFO  com.stickpoint.ddmusic.App - Java 版本: 21.0.8
20:57:21.228 [JavaFX Application Thread] INFO  com.stickpoint.ddmusic.App - JavaFX 版本: 21.0.7
20:57:21.229 [JavaFX Application Thread] INFO  com.stickpoint.ddmusic.App - 工作目录: E:\codeData\javaProject\javafx-ddmusic\ddmuisc2
20:57:21.229 [JavaFX Application Thread] INFO  com.stickpoint.ddmusic.App - 1. 开始创建 HomePage
20:57:22.324 [JavaFX Application Thread] INFO  c.s.ddmusic.common.utils.ConfigUtils - 配置文件读取成功: C:\Users\Administrator\ddmusic.dd
20:57:22.330 [JavaFX Application Thread] INFO  c.s.d.p.n.MusicPlayDetailContainer - 旋转角度: 60.0
20:57:22.406 [JavaFX Application Thread] INFO  com.stickpoint.ddmusic.App - 2. HomePage 创建成功
20:57:22.406 [JavaFX Application Thread] INFO  com.stickpoint.ddmusic.App - 3. 开始创建场景
20:57:22.451 [JavaFX Application Thread] INFO  com.stickpoint.ddmusic.App - 4. 场景创建成功
20:57:22.453 [JavaFX Application Thread] INFO  com.stickpoint.ddmusic.App - 5. 设置舞台属性
20:57:22.453 [JavaFX Application Thread] INFO  com.stickpoint.ddmusic.App - 6. 舞台属性设置完成
20:57:22.454 [JavaFX Application Thread] INFO  com.stickpoint.ddmusic.App - 7. 加载图标
20:57:22.455 [JavaFX Application Thread] INFO  com.stickpoint.ddmusic.App - 图标URL: file:/E:/codeData/javaProject/javafx-ddmusic/ddmuisc2/target/classes/img/logo.svg
20:57:22.457 [JavaFX Application Thread] INFO  com.stickpoint.ddmusic.App - 8. 图标加载成功
20:57:22.459 [JavaFX Application Thread] INFO  com.stickpoint.ddmusic.App - 9. 显示舞台
20:57:22.810 [JavaFX Application Thread] INFO  com.stickpoint.ddmusic.App - 10. 添加窗口缩放支持
20:57:22.812 [JavaFX Application Thread] INFO  com.stickpoint.ddmusic.App - 11. 居中显示
20:57:22.813 [JavaFX Application Thread] INFO  com.stickpoint.ddmusic.App - 12. 应用启动完成
20:57:37.459 [Thread-75] INFO  c.s.d.p.node.SearchResultContainer - 开始搜索关键词: 那不是雪中红
20:57:37.460 [Thread-75] INFO  c.s.d.common.utils.TuneHubApiUtils - 聚合搜索歌曲: 关键词=那不是雪中红
20:57:38.385 [Thread-75] INFO  c.s.d.p.node.SearchResultContainer - 搜索结果JSON: {"code":200,"message":"success","data":{"keyword":"那不是雪中红","limit":10,"page":1,"platforms":["netease","qq","kuwo"],"platformStats":{"netease":{"success":false,"count":0,"duration":591,"error":"搜索失败"},"qq":{"success":true,"count":10,"duration":469,"error":null},"kuwo":{"success":true,"count":10,"duration":271,"error":null}},"total":20,"results":[{"id":"002UBCQy117o0B","name":"那不是雪中红","artist":"JPM","album":"月球漫步","platform":"qq","url":"https://music-dl.sayqz.com/api/?source=qq&id=002UBCQy117o0B&type=url","pic":"https://music-dl.sayqz.com/api/?source=qq&id=002UBCQy117o0B&type=pic","lrc":"https://music-dl.sayqz.com/api/?source=qq&id=002UBCQy117o0B&type=lrc"},{"id":"1096383","name":"那不是雪中红","artist":"JPM","album":"月球漫步","platform":"kuwo","url":"https://music-dl.sayqz.com/api/?source=kuwo&id=1096383&type=url","pic":"https://music-dl.sayqz.com/api/?source=kuwo&id=1096383&type=pic","lrc":"https://music-dl.sayqz.com/api/?source=kuwo&id=1096383&type=lrc"},{"id":"001lJ8nj0tvDuo","name":"那不是雪中红","artist":"刘恩昊","album":"是否能对你说出好久不见","platform":"qq","url":"https://music-dl.sayqz.com/api/?source=qq&id=001lJ8nj0tvDuo&type=url","pic":"https://music-dl.sayqz.com/api/?source=qq&id=001lJ8nj0tvDuo&type=pic","lrc":"https://music-dl.sayqz.com/api/?source=qq&id=001lJ8nj0tvDuo&type=lrc"},{"id":"473136060","name":"那不是雪中红 (cover: JPM) (其他)","artist":"满君","album":"满不在乎","platform":"kuwo","url":"https://music-dl.sayqz.com/api/?source=kuwo&id=473136060&type=url","pic":"https://music-dl.sayqz.com/api/?source=kuwo&id=473136060&type=pic","lrc":"https://music-dl.sayqz.com/api/?source=kuwo&id=473136060&type=lrc"},{"id":"001srso223HHKW","name":"那不是雪中红","artist":"billy911","album":"Snow Red","platform":"qq","url":"https://music-dl.sayqz.com/api/?source=qq&id=001srso223HHKW&type=url","pic":"https://music-dl.sayqz.com/api/?source=qq&id=001srso223HHKW&type=pic","lrc":"https://music-dl.sayqz.com/api/?source=qq&id=001srso223HHKW&type=lrc"},{"id":"360422954","name":"那不是雪中红 (cover: JPM)","artist":"Eirene","album":"between u & us","platform":"kuwo","url":"https://music-dl.sayqz.com/api/?source=kuwo&id=360422954&type=url","pic":"https://music-dl.sayqz.com/api/?source=kuwo&id=360422954&type=pic","lrc":"https://music-dl.sayqz.com/api/?source=kuwo&id=360422954&type=lrc"},{"id":"003pwopQ0Czo33","name":"那不是雪中红","artist":"华语群星","album":"","platform":"qq","url":"https://music-dl.sayqz.com/api/?source=qq&id=003pwopQ0Czo33&type=url","pic":"https://music-dl.sayqz.com/api/?source=qq&id=003pwopQ0Czo33&type=pic","lrc":"https://music-dl.sayqz.com/api/?source=qq&id=003pwopQ0Czo33&type=lrc"},{"id":"323006719","name":"那不是雪中红","artist":"模仿翻唱","album":"","platform":"kuwo","url":"https://music-dl.sayqz.com/api/?source=kuwo&id=323006719&type=url","pic":"https://music-dl.sayqz.com/api/?source=kuwo&id=323006719&type=pic","lrc":"https://music-dl.sayqz.com/api/?source=kuwo&id=323006719&type=lrc"},{"id":"0026vXwx1R74wq","name":"那不是雪中红 (Remix)","artist":"DJ Mr.Zi","album":"比你贱","platform":"qq","url":"https://music-dl.sayqz.com/api/?source=qq&id=0026vXwx1R74wq&type=url","pic":"https://music-dl.sayqz.com/api/?source=qq&id=0026vXwx1R74wq&type=pic","lrc":"https://music-dl.sayqz.com/api/?source=qq&id=0026vXwx1R74wq&type=lrc"},{"id":"192067176","name":"那不是雪中红 (cover: JPM)","artist":"SoulShow刘恩昊","album":"是否能对你说出好久不见","platform":"kuwo","url":"https://music-dl.sayqz.com/api/?source=kuwo&id=192067176&type=url","pic":"https://music-dl.sayqz.com/api/?source=kuwo&id=192067176&type=pic","lrc":"https://music-dl.sayqz.com/api/?source=kuwo&id=192067176&type=lrc"},{"id":"001rMnNc1ttjAQ","name":"那不是雪中红","artist":"模仿翻唱","album":"","platform":"qq","url":"https://music-dl.sayqz.com/api/?source=qq&id=001rMnNc1ttjAQ&type=url","pic":"https://music-dl.sayqz.com/api/?source=qq&id=001rMnNc1ttjAQ&type=pic","lrc":"https://music-dl.sayqz.com/api/?source=qq&id=001rMnNc1ttjAQ&type=lrc"},{"id":"280880978","name":"那不是雪中红 (cover: JPM)","artist":"billy911","album":"Snow Red","platform":"kuwo","url":"https://music-dl.sayqz.com/api/?source=kuwo&id=280880978&type=url","pic":"https://music-dl.sayqz.com/api/?source=kuwo&id=280880978&type=pic","lrc":"https://music-dl.sayqz.com/api/?source=kuwo&id=280880978&type=lrc"},{"id":"002Ntp3K17LAEo","name":"那不是雪中红","artist":"D小禹","album":"","platform":"qq","url":"https://music-dl.sayqz.com/api/?source=qq&id=002Ntp3K17LAEo&type=url","pic":"https://music-dl.sayqz.com/api/?source=qq&id=002Ntp3K17LAEo&type=pic","lrc":"https://music-dl.sayqz.com/api/?source=qq&id=002Ntp3K17LAEo&type=lrc"},{"id":"152766117","name":"那不是雪中红 (KTV版伴奏)","artist":"JPM","album":"","platform":"kuwo","url":"https://music-dl.sayqz.com/api/?source=kuwo&id=152766117&type=url","pic":"https://music-dl.sayqz.com/api/?source=kuwo&id=152766117&type=pic","lrc":"https://music-dl.sayqz.com/api/?source=kuwo&id=152766117&type=lrc"},{"id":"003mwBFv1CGZZ8","name":"那不是雪中红","artist":"Eirene","album":"between u & us","platform":"qq","url":"https://music-dl.sayqz.com/api/?source=qq&id=003mwBFv1CGZZ8&type=url","pic":"https://music-dl.sayqz.com/api/?source=qq&id=003mwBFv1CGZZ8&type=pic","lrc":"https://music-dl.sayqz.com/api/?source=qq&id=003mwBFv1CGZZ8&type=lrc"},{"id":"371728576","name":"那不是雪中红","artist":"D小禹","album":"","platform":"kuwo","url":"https://music-dl.sayqz.com/api/?source=kuwo&id=371728576&type=url","pic":"https://music-dl.sayqz.com/api/?source=kuwo&id=371728576&type=pic","lrc":"https://music-dl.sayqz.com/api/?source=kuwo&id=371728576&type=lrc"},{"id":"003QS9KO13LQMY","name":"那不是雪中红","artist":"良禽择木而妻","album":"","platform":"qq","url":"https://music-dl.sayqz.com/api/?source=qq&id=003QS9KO13LQMY&type=url","pic":"https://music-dl.sayqz.com/api/?source=qq&id=003QS9KO13LQMY&type=pic","lrc":"https://music-dl.sayqz.com/api/?source=qq&id=003QS9KO13LQMY&type=lrc"},{"id":"364807408","name":"那不是雪中红","artist":"K歌boy","album":"","platform":"kuwo","url":"https://music-dl.sayqz.com/api/?source=kuwo&id=364807408&type=url","pic":"https://music-dl.sayqz.com/api/?source=kuwo&id=364807408&type=pic","lrc":"https://music-dl.sayqz.com/api/?source=kuwo&id=364807408&type=lrc"},{"id":"002rV6Ec2cvgRp","name":"那不是雪中红","artist":"三21对不起","album":"","platform":"qq","url":"https://music-dl.sayqz.com/api/?source=qq&id=002rV6Ec2cvgRp&type=url","pic":"https://music-dl.sayqz.com/api/?source=qq&id=002rV6Ec2cvgRp&type=pic","lrc":"https://music-dl.sayqz.com/api/?source=qq&id=002rV6Ec2cvgRp&type=lrc"},{"id":"368922112","name":"那不是雪中红","artist":"☆紫曦≧?≦漓沁","album":"","platform":"kuwo","url":"https://music-dl.sayqz.com/api/?source=kuwo&id=368922112&type=url","pic":"https://music-dl.sayqz.com/api/?source=kuwo&id=368922112&type=pic","lrc":"https://music-dl.sayqz.com/api/?source=kuwo&id=368922112&type=lrc"}]},"timestamp":"2026-01-23T20:57:38.129+08:00"}
20:57:38.395 [Thread-75] INFO  c.s.d.p.node.SearchResultContainer - 搜索结果数量: 20
20:57:45.941 [JavaFX Application Thread] INFO  c.s.d.p.node.SearchResultContainer - 播放歌曲: JPM - 那不是雪中红
20:57:51.008 [JavaFX Application Thread] INFO  c.s.d.p.n.MusicPlayDetailContainer - 加载专辑封面: https://music-dl.sayqz.com/api/?source=qq&id=002UBCQy117o0B&type=pic
20:57:51.010 [JavaFX Application Thread] INFO  c.s.d.p.n.MusicPlayDetailContainer - 当前旋转角度: 暂停--95.0
20:57:56.012 [Thread-76] ERROR c.s.d.p.n.MusicPlayDetailContainer - 获取实际图片URL失败: Connect timed out
20:57:58.461 [JavaFX Application Thread] INFO  c.s.d.p.node.SearchResultContainer - 播放歌曲: JPM - 那不是雪中红
20:59:57.359 [Thread-2165] INFO  c.s.d.p.node.SearchResultContainer - 开始搜索关键词: 关机又关机
20:59:57.359 [Thread-2165] INFO  c.s.d.common.utils.TuneHubApiUtils - 聚合搜索歌曲: 关键词=关机又关机
20:59:58.316 [Thread-2165] INFO  c.s.d.p.node.SearchResultContainer - 搜索结果JSON: {"code":200,"message":"success","data":{"keyword":"关机又关机","limit":10,"page":1,"platforms":["netease","qq","kuwo"],"platformStats":{"netease":{"success":true,"count":10,"duration":518,"error":null},"qq":{"success":false,"count":0,"duration":394,"error":"搜索重试次数过多"},"kuwo":{"success":true,"count":10,"duration":160,"error":null}},"total":20,"results":[{"id":"1811408619","name":"关机又关机","artist":"YangYang","album":"关机又关机","platform":"netease","url":"https://music-dl.sayqz.com/api/?source=netease&id=1811408619&type=url","pic":"https://music-dl.sayqz.com/api/?source=netease&id=1811408619&type=pic","lrc":"https://music-dl.sayqz.com/api/?source=netease&id=1811408619&type=lrc"},{"id":"161989241","name":"关机又关机","artist":"YangYang","album":"关机又关机","platform":"kuwo","url":"https://music-dl.sayqz.com/api/?source=kuwo&id=161989241&type=url","pic":"https://music-dl.sayqz.com/api/?source=kuwo&id=161989241&type=pic","lrc":"https://music-dl.sayqz.com/api/?source=kuwo&id=161989241&type=lrc"},{"id":"2143695205","name":"关机又关机","artist":"丸子","album":"关机又关机","platform":"netease","url":"https://music-dl.sayqz.com/api/?source=netease&id=2143695205&type=url","pic":"https://music-dl.sayqz.com/api/?source=netease&id=2143695205&type=pic","lrc":"https://music-dl.sayqz.com/api/?source=netease&id=2143695205&type=lrc"},{"id":"163308104","name":"关机又关机（女声版）","artist":"念慈","album":"关机又关机","platform":"kuwo","url":"https://music-dl.sayqz.com/api/?source=kuwo&id=163308104&type=url","pic":"https://music-dl.sayqz.com/api/?source=kuwo&id=163308104&type=pic","lrc":"https://music-dl.sayqz.com/api/?source=kuwo&id=163308104&type=lrc"},{"id":"2641398715","name":"关机又关机 (0.8x)","artist":"Tafzero","album":"关机","platform":"netease","url":"https://music-dl.sayqz.com/api/?source=netease&id=2641398715&type=url","pic":"https://music-dl.sayqz.com/api/?source=netease&id=2641398715&type=pic","lrc":"https://music-dl.sayqz.com/api/?source=netease&id=2641398715&type=lrc"},{"id":"171577449","name":"关机又关机 (太空版) (cover: 陆鳐LuLu)","artist":"陆鳐LuLu","album":"Melodic","platform":"kuwo","url":"https://music-dl.sayqz.com/api/?source=kuwo&id=171577449&type=url","pic":"https://music-dl.sayqz.com/api/?source=kuwo&id=171577449&type=pic","lrc":"https://music-dl.sayqz.com/api/?source=kuwo&id=171577449&type=lrc"},{"id":"2106836013","name":"关机又关机","artist":"不高兴","album":"2023","platform":"netease","url":"https://music-dl.sayqz.com/api/?source=netease&id=2106836013&type=url","pic":"https://music-dl.sayqz.com/api/?source=netease&id=2106836013&type=pic","lrc":"https://music-dl.sayqz.com/api/?source=netease&id=2106836013&type=lrc"},{"id":"162137810","name":"关机又关机","artist":"洛天依","album":"关机又关机","platform":"kuwo","url":"https://music-dl.sayqz.com/api/?source=kuwo&id=162137810&type=url","pic":"https://music-dl.sayqz.com/api/?source=kuwo&id=162137810&type=pic","lrc":"https://music-dl.sayqz.com/api/?source=kuwo&id=162137810&type=lrc"},{"id":"2637136123","name":"关机又关机","artist":"墨明初雪","album":"初雪","platform":"netease","url":"https://music-dl.sayqz.com/api/?source=netease&id=2637136123&type=url","pic":"https://music-dl.sayqz.com/api/?source=netease&id=2637136123&type=pic","lrc":"https://music-dl.sayqz.com/api/?source=netease&id=2637136123&type=lrc"},{"id":"163429591","name":"关机又关机 (片段)","artist":"旺仔小乔","album":"","platform":"kuwo","url":"https://music-dl.sayqz.com/api/?source=kuwo&id=163429591&type=url","pic":"https://music-dl.sayqz.com/api/?source=kuwo&id=163429591&type=pic","lrc":"https://music-dl.sayqz.com/api/?source=kuwo&id=163429591&type=lrc"},{"id":"1811408621","name":"关机又关机（伴奏 和声版）","artist":"YangYang","album":"关机又关机","platform":"netease","url":"https://music-dl.sayqz.com/api/?source=netease&id=1811408621&type=url","pic":"https://music-dl.sayqz.com/api/?source=netease&id=1811408621&type=pic","lrc":"https://music-dl.sayqz.com/api/?source=netease&id=1811408621&type=lrc"},{"id":"162957523","name":"关机又关机 (片段)","artist":"皮卡丘多多","album":"","platform":"kuwo","url":"https://music-dl.sayqz.com/api/?source=kuwo&id=162957523&type=url","pic":"https://music-dl.sayqz.com/api/?source=kuwo&id=162957523&type=pic","lrc":"https://music-dl.sayqz.com/api/?source=kuwo&id=162957523&type=lrc"},{"id":"1486763122","name":"哎呦喂","artist":"YangYang","album":"哎呦喂","platform":"netease","url":"https://music-dl.sayqz.com/api/?source=netease&id=1486763122&type=url","pic":"https://music-dl.sayqz.com/api/?source=netease&id=1486763122&type=pic","lrc":"https://music-dl.sayqz.com/api/?source=netease&id=1486763122&type=lrc"},{"id":"168452592","name":"关机又关机","artist":"呆呆破","album":"","platform":"kuwo","url":"https://music-dl.sayqz.com/api/?source=kuwo&id=168452592&type=url","pic":"https://music-dl.sayqz.com/api/?source=kuwo&id=168452592&type=pic","lrc":"https://music-dl.sayqz.com/api/?source=kuwo&id=168452592&type=lrc"},{"id":"2714372725","name":"关机又关机","artist":"旺仔小乔","album":"","platform":"netease","url":"https://music-dl.sayqz.com/api/?source=netease&id=2714372725&type=url","pic":"https://music-dl.sayqz.com/api/?source=netease&id=2714372725&type=pic","lrc":"https://music-dl.sayqz.com/api/?source=netease&id=2714372725&type=lrc"},{"id":"163831814","name":"关机又关机 (片段)","artist":"七叔（叶泽浩）","album":"","platform":"kuwo","url":"https://music-dl.sayqz.com/api/?source=kuwo&id=163831814&type=url","pic":"https://music-dl.sayqz.com/api/?source=kuwo&id=163831814&type=pic","lrc":"https://music-dl.sayqz.com/api/?source=kuwo&id=163831814&type=lrc"},{"id":"2154589108","name":"关机又关机","artist":"小咪咪","album":"孤单北半球 (Live)","platform":"netease","url":"https://music-dl.sayqz.com/api/?source=netease&id=2154589108&type=url","pic":"https://music-dl.sayqz.com/api/?source=netease&id=2154589108&type=pic","lrc":"https://music-dl.sayqz.com/api/?source=netease&id=2154589108&type=lrc"},{"id":"372082823","name":"关机又关机","artist":"麦小兜","album":"","platform":"kuwo","url":"https://music-dl.sayqz.com/api/?source=kuwo&id=372082823&type=url","pic":"https://music-dl.sayqz.com/api/?source=kuwo&id=372082823&type=pic","lrc":"https://music-dl.sayqz.com/api/?source=kuwo&id=372082823&type=lrc"},{"id":"2099939962","name":"疤痕体质","artist":"YangYang","album":"疤痕体质","platform":"netease","url":"https://music-dl.sayqz.com/api/?source=netease&id=2099939962&type=url","pic":"https://music-dl.sayqz.com/api/?source=netease&id=2099939962&type=pic","lrc":"https://music-dl.sayqz.com/api/?source=netease&id=2099939962&type=lrc"},{"id":"445181162","name":"关机又关机 (奥特曼版片段)","artist":"二次元空间","album":"奥特曼版歌曲集合·","platform":"kuwo","url":"https://music-dl.sayqz.com/api/?source=kuwo&id=445181162&type=url","pic":"https://music-dl.sayqz.com/api/?source=kuwo&id=445181162&type=pic","lrc":"https://music-dl.sayqz.com/api/?source=kuwo&id=445181162&type=lrc"}]},"timestamp":"2026-01-23T20:59:57.930+08:00"}
20:59:59.558 [Thread-2165] INFO  c.s.d.p.node.SearchResultContainer - 搜索结果数量: 20
21:00:04.557 [JavaFX Application Thread] INFO  c.s.d.p.node.SearchResultContainer - 播放歌曲: YangYang - 关机又关机
21:00:07.058 [JavaFX Application Thread] INFO  c.s.d.p.n.MusicPlayDetailContainer - 加载专辑封面: https://music-dl.sayqz.com/api/?source=netease&id=1811408619&type=pic
21:00:07.060 [JavaFX Application Thread] INFO  c.s.d.p.n.MusicPlayDetailContainer - 暂停旋转
21:00:07.061 [JavaFX Application Thread] INFO  c.s.d.p.n.MusicPlayDetailContainer - 当前播放状态: STOPPED
21:00:07.066 [JavaFX Application Thread] INFO  c.s.d.p.n.MusicPlayDetailContainer - 当前旋转角度: 播放--95.0
21:00:07.277 [JavaFX Application Thread] INFO  c.s.d.p.n.MusicPlayDetailContainer - 当前旋转角度: 暂停--95.0
21:00:08.574 [Thread-2171] INFO  c.s.d.p.n.MusicPlayDetailContainer - 实际专辑封面URL: https://p1.music.126.net/9N6kdF_ezlkgzbLaqJQiOw==/109951169878106104.jpg
21:00:08.649 [JavaFX Application Thread] INFO  c.s.d.p.n.MusicPlayDetailContainer - 图片加载进度: 10%
21:00:08.699 [JavaFX Application Thread] INFO  c.s.d.p.n.MusicPlayDetailContainer - 图片加载进度: 20%
21:00:08.704 [JavaFX Application Thread] INFO  c.s.d.p.n.MusicPlayDetailContainer - 图片加载进度: 31%
21:00:08.723 [JavaFX Application Thread] INFO  c.s.d.p.n.MusicPlayDetailContainer - 图片加载进度: 42%
21:00:08.749 [JavaFX Application Thread] INFO  c.s.d.p.n.MusicPlayDetailContainer - 图片加载进度: 53%
21:00:08.787 [JavaFX Application Thread] INFO  c.s.d.p.n.MusicPlayDetailContainer - 图片加载进度: 64%
21:00:08.829 [JavaFX Application Thread] INFO  c.s.d.p.n.MusicPlayDetailContainer - 图片加载进度: 75%
21:00:08.846 [JavaFX Application Thread] INFO  c.s.d.p.n.MusicPlayDetailContainer - 图片加载进度: 86%
21:00:08.889 [JavaFX Application Thread] INFO  c.s.d.p.n.MusicPlayDetailContainer - 图片加载进度: 97%
21:00:08.893 [JavaFX Application Thread] INFO  c.s.d.p.n.MusicPlayDetailContainer - 图片加载进度: 100%
21:00:08.894 [JavaFX Application Thread] INFO  c.s.d.p.n.MusicPlayDetailContainer - 图片加载完成，加入缓存
21:03:16.024 [JavaFX Application Thread] INFO  c.s.d.p.n.MusicPlayDetailContainer - 加载专辑封面: https://qnm.hunliji.com/o_1j4004gdbik71aj219fb1ahrqk4j.jpg
21:03:16.147 [Thread-6019] INFO  c.s.d.p.n.MusicPlayDetailContainer - 实际专辑封面URL: https://qnm.hunliji.com/o_1j4004gdbik71aj219fb1ahrqk4j.jpg
21:03:16.441 [JavaFX Application Thread] INFO  c.s.d.p.n.MusicPlayDetailContainer - 图片加载进度: 10%
21:03:16.453 [JavaFX Application Thread] INFO  c.s.d.p.n.MusicPlayDetailContainer - 图片加载进度: 21%
21:03:16.488 [JavaFX Application Thread] INFO  c.s.d.p.n.MusicPlayDetailContainer - 图片加载进度: 31%
21:03:16.496 [JavaFX Application Thread] INFO  c.s.d.p.n.MusicPlayDetailContainer - 图片加载进度: 42%
21:03:16.518 [JavaFX Application Thread] INFO  c.s.d.p.n.MusicPlayDetailContainer - 图片加载进度: 53%
21:03:16.526 [JavaFX Application Thread] INFO  c.s.d.p.n.MusicPlayDetailContainer - 图片加载进度: 64%
21:03:16.547 [JavaFX Application Thread] INFO  c.s.d.p.n.MusicPlayDetailContainer - 图片加载进度: 74%
21:03:16.561 [JavaFX Application Thread] INFO  c.s.d.p.n.MusicPlayDetailContainer - 图片加载进度: 85%
21:03:16.579 [JavaFX Application Thread] INFO  c.s.d.p.n.MusicPlayDetailContainer - 图片加载进度: 96%
21:03:16.581 [JavaFX Application Thread] INFO  c.s.d.p.n.MusicPlayDetailContainer - 图片加载进度: 100%
21:03:16.581 [JavaFX Application Thread] INFO  c.s.d.p.n.MusicPlayDetailContainer - 图片加载完成，加入缓存
21:03:16.723 [JavaFX Application Thread] INFO  c.s.d.p.n.MusicPlayDetailContainer - 暂停旋转
21:03:16.723 [JavaFX Application Thread] INFO  c.s.d.p.n.MusicPlayDetailContainer - 当前播放状态: PAUSED
21:03:16.724 [JavaFX Application Thread] INFO  c.s.d.p.n.MusicPlayDetailContainer - 当前旋转角度: 播放--95.0
21:03:44.028 [JavaFX Application Thread] INFO  c.s.d.p.node.HomePageMenuItemPanel - === ToggleGroup 监听器被触发 ===
21:03:44.029 [JavaFX Application Thread] INFO  c.s.d.p.node.HomePageMenuItemPanel - oldToggle: null
21:03:44.029 [JavaFX Application Thread] INFO  c.s.d.p.node.HomePageMenuItemPanel - newToggle: jingxuan
21:03:44.030 [JavaFX Application Thread] INFO  c.s.d.p.node.HomePageMenuItemPanel - 当前选中的菜单项：jingxuan
21:03:44.030 [JavaFX Application Thread] INFO  c.s.d.p.node.HomePageMenuItemPanel - ================================
21:03:44.877 [JavaFX Application Thread] INFO  c.s.d.p.node.HomePageMenuItemPanel - === ToggleGroup 监听器被触发 ===
21:03:44.878 [JavaFX Application Thread] INFO  c.s.d.p.node.HomePageMenuItemPanel - oldToggle: jingxuan
21:03:44.878 [JavaFX Application Thread] INFO  c.s.d.p.node.HomePageMenuItemPanel - newToggle: podcast
21:03:44.879 [JavaFX Application Thread] INFO  c.s.d.p.node.HomePageMenuItemPanel - 当前选中的菜单项：podcast
21:03:44.879 [JavaFX Application Thread] INFO  c.s.d.p.node.HomePageMenuItemPanel - 上一个被选中的菜单项：jingxuan
21:03:44.880 [JavaFX Application Thread] INFO  c.s.d.p.node.HomePageMenuItemPanel - ================================
21:03:45.484 [JavaFX Application Thread] INFO  c.s.d.p.node.HomePageMenuItemPanel - === ToggleGroup 监听器被触发 ===
21:03:45.484 [JavaFX Application Thread] INFO  c.s.d.p.node.HomePageMenuItemPanel - oldToggle: podcast
21:03:45.485 [JavaFX Application Thread] INFO  c.s.d.p.node.HomePageMenuItemPanel - newToggle: recommend
21:03:45.485 [JavaFX Application Thread] INFO  c.s.d.p.node.HomePageMenuItemPanel - 当前选中的菜单项：recommend
21:03:45.486 [JavaFX Application Thread] INFO  c.s.d.p.node.HomePageMenuItemPanel - 上一个被选中的菜单项：podcast
21:03:45.486 [JavaFX Application Thread] INFO  c.s.d.p.node.HomePageMenuItemPanel - ================================
21:07:42.790 [Thread-7933] INFO  c.s.d.p.node.SearchResultContainer - 开始搜索关键词: 关机又关机
21:07:42.790 [Thread-7933] INFO  c.s.d.common.utils.TuneHubApiUtils - 聚合搜索歌曲: 关键词=关机又关机
21:07:44.468 [Thread-7933] INFO  c.s.d.p.node.SearchResultContainer - 搜索结果JSON: {"code":200,"message":"success","data":{"keyword":"关机又关机","limit":10,"page":1,"platforms":["netease","qq","kuwo"],"platformStats":{"netease":{"success":true,"count":10,"duration":482,"error":null},"qq":{"success":false,"count":0,"duration":839,"error":"搜索重试次数过多"},"kuwo":{"success":true,"count":10,"duration":107,"error":null}},"total":20,"results":[{"id":"1811408619","name":"关机又关机","artist":"YangYang","album":"关机又关机","platform":"netease","url":"https://music-dl.sayqz.com/api/?source=netease&id=1811408619&type=url","pic":"https://music-dl.sayqz.com/api/?source=netease&id=1811408619&type=pic","lrc":"https://music-dl.sayqz.com/api/?source=netease&id=1811408619&type=lrc"},{"id":"161989241","name":"关机又关机","artist":"YangYang","album":"关机又关机","platform":"kuwo","url":"https://music-dl.sayqz.com/api/?source=kuwo&id=161989241&type=url","pic":"https://music-dl.sayqz.com/api/?source=kuwo&id=161989241&type=pic","lrc":"https://music-dl.sayqz.com/api/?source=kuwo&id=161989241&type=lrc"},{"id":"2143695205","name":"关机又关机","artist":"丸子","album":"关机又关机","platform":"netease","url":"https://music-dl.sayqz.com/api/?source=netease&id=2143695205&type=url","pic":"https://music-dl.sayqz.com/api/?source=netease&id=2143695205&type=pic","lrc":"https://music-dl.sayqz.com/api/?source=netease&id=2143695205&type=lrc"},{"id":"163308104","name":"关机又关机（女声版）","artist":"念慈","album":"关机又关机","platform":"kuwo","url":"https://music-dl.sayqz.com/api/?source=kuwo&id=163308104&type=url","pic":"https://music-dl.sayqz.com/api/?source=kuwo&id=163308104&type=pic","lrc":"https://music-dl.sayqz.com/api/?source=kuwo&id=163308104&type=lrc"},{"id":"2641398715","name":"关机又关机 (0.8x)","artist":"Tafzero","album":"关机","platform":"netease","url":"https://music-dl.sayqz.com/api/?source=netease&id=2641398715&type=url","pic":"https://music-dl.sayqz.com/api/?source=netease&id=2641398715&type=pic","lrc":"https://music-dl.sayqz.com/api/?source=netease&id=2641398715&type=lrc"},{"id":"171577449","name":"关机又关机 (太空版) (cover: 陆鳐LuLu)","artist":"陆鳐LuLu","album":"Melodic","platform":"kuwo","url":"https://music-dl.sayqz.com/api/?source=kuwo&id=171577449&type=url","pic":"https://music-dl.sayqz.com/api/?source=kuwo&id=171577449&type=pic","lrc":"https://music-dl.sayqz.com/api/?source=kuwo&id=171577449&type=lrc"},{"id":"2106836013","name":"关机又关机","artist":"不高兴","album":"2023","platform":"netease","url":"https://music-dl.sayqz.com/api/?source=netease&id=2106836013&type=url","pic":"https://music-dl.sayqz.com/api/?source=netease&id=2106836013&type=pic","lrc":"https://music-dl.sayqz.com/api/?source=netease&id=2106836013&type=lrc"},{"id":"162137810","name":"关机又关机","artist":"洛天依","album":"关机又关机","platform":"kuwo","url":"https://music-dl.sayqz.com/api/?source=kuwo&id=162137810&type=url","pic":"https://music-dl.sayqz.com/api/?source=kuwo&id=162137810&type=pic","lrc":"https://music-dl.sayqz.com/api/?source=kuwo&id=162137810&type=lrc"},{"id":"2637136123","name":"关机又关机","artist":"墨明初雪","album":"初雪","platform":"netease","url":"https://music-dl.sayqz.com/api/?source=netease&id=2637136123&type=url","pic":"https://music-dl.sayqz.com/api/?source=netease&id=2637136123&type=pic","lrc":"https://music-dl.sayqz.com/api/?source=netease&id=2637136123&type=lrc"},{"id":"163429591","name":"关机又关机 (片段)","artist":"旺仔小乔","album":"","platform":"kuwo","url":"https://music-dl.sayqz.com/api/?source=kuwo&id=163429591&type=url","pic":"https://music-dl.sayqz.com/api/?source=kuwo&id=163429591&type=pic","lrc":"https://music-dl.sayqz.com/api/?source=kuwo&id=163429591&type=lrc"},{"id":"1811408621","name":"关机又关机（伴奏 和声版）","artist":"YangYang","album":"关机又关机","platform":"netease","url":"https://music-dl.sayqz.com/api/?source=netease&id=1811408621&type=url","pic":"https://music-dl.sayqz.com/api/?source=netease&id=1811408621&type=pic","lrc":"https://music-dl.sayqz.com/api/?source=netease&id=1811408621&type=lrc"},{"id":"162957523","name":"关机又关机 (片段)","artist":"皮卡丘多多","album":"","platform":"kuwo","url":"https://music-dl.sayqz.com/api/?source=kuwo&id=162957523&type=url","pic":"https://music-dl.sayqz.com/api/?source=kuwo&id=162957523&type=pic","lrc":"https://music-dl.sayqz.com/api/?source=kuwo&id=162957523&type=lrc"},{"id":"1486763122","name":"哎呦喂","artist":"YangYang","album":"哎呦喂","platform":"netease","url":"https://music-dl.sayqz.com/api/?source=netease&id=1486763122&type=url","pic":"https://music-dl.sayqz.com/api/?source=netease&id=1486763122&type=pic","lrc":"https://music-dl.sayqz.com/api/?source=netease&id=1486763122&type=lrc"},{"id":"168452592","name":"关机又关机","artist":"呆呆破","album":"","platform":"kuwo","url":"https://music-dl.sayqz.com/api/?source=kuwo&id=168452592&type=url","pic":"https://music-dl.sayqz.com/api/?source=kuwo&id=168452592&type=pic","lrc":"https://music-dl.sayqz.com/api/?source=kuwo&id=168452592&type=lrc"},{"id":"2714372725","name":"关机又关机","artist":"旺仔小乔","album":"","platform":"netease","url":"https://music-dl.sayqz.com/api/?source=netease&id=2714372725&type=url","pic":"https://music-dl.sayqz.com/api/?source=netease&id=2714372725&type=pic","lrc":"https://music-dl.sayqz.com/api/?source=netease&id=2714372725&type=lrc"},{"id":"163831814","name":"关机又关机 (片段)","artist":"七叔（叶泽浩）","album":"","platform":"kuwo","url":"https://music-dl.sayqz.com/api/?source=kuwo&id=163831814&type=url","pic":"https://music-dl.sayqz.com/api/?source=kuwo&id=163831814&type=pic","lrc":"https://music-dl.sayqz.com/api/?source=kuwo&id=163831814&type=lrc"},{"id":"2154589108","name":"关机又关机","artist":"小咪咪","album":"孤单北半球 (Live)","platform":"netease","url":"https://music-dl.sayqz.com/api/?source=netease&id=2154589108&type=url","pic":"https://music-dl.sayqz.com/api/?source=netease&id=2154589108&type=pic","lrc":"https://music-dl.sayqz.com/api/?source=netease&id=2154589108&type=lrc"},{"id":"372082823","name":"关机又关机","artist":"麦小兜","album":"","platform":"kuwo","url":"https://music-dl.sayqz.com/api/?source=kuwo&id=372082823&type=url","pic":"https://music-dl.sayqz.com/api/?source=kuwo&id=372082823&type=pic","lrc":"https://music-dl.sayqz.com/api/?source=kuwo&id=372082823&type=lrc"},{"id":"2099939962","name":"疤痕体质","artist":"YangYang","album":"疤痕体质","platform":"netease","url":"https://music-dl.sayqz.com/api/?source=netease&id=2099939962&type=url","pic":"https://music-dl.sayqz.com/api/?source=netease&id=2099939962&type=pic","lrc":"https://music-dl.sayqz.com/api/?source=netease&id=2099939962&type=lrc"},{"id":"445181162","name":"关机又关机 (奥特曼版片段)","artist":"二次元空间","album":"奥特曼版歌曲集合·","platform":"kuwo","url":"https://music-dl.sayqz.com/api/?source=kuwo&id=445181162&type=url","pic":"https://music-dl.sayqz.com/api/?source=kuwo&id=445181162&type=pic","lrc":"https://music-dl.sayqz.com/api/?source=kuwo&id=445181162&type=lrc"}]},"timestamp":"2026-01-23T21:07:44.255+08:00"}
21:07:44.474 [Thread-7933] INFO  c.s.d.p.node.SearchResultContainer - 搜索结果数量: 20
21:08:18.429 [JavaFX Application Thread] INFO  c.s.d.p.node.HomePageMenuItemPanel - === ToggleGroup 监听器被触发 ===
21:08:18.430 [JavaFX Application Thread] INFO  c.s.d.p.node.HomePageMenuItemPanel - oldToggle: recommend
21:08:18.430 [JavaFX Application Thread] INFO  c.s.d.p.node.HomePageMenuItemPanel - newToggle: jingxuan
21:08:18.431 [JavaFX Application Thread] INFO  c.s.d.p.node.HomePageMenuItemPanel - 当前选中的菜单项：jingxuan
21:08:18.431 [JavaFX Application Thread] INFO  c.s.d.p.node.HomePageMenuItemPanel - 上一个被选中的菜单项：recommend
21:08:18.431 [JavaFX Application Thread] INFO  c.s.d.p.node.HomePageMenuItemPanel - ================================
21:08:18.958 [JavaFX Application Thread] INFO  c.s.d.p.node.HomePageMenuItemPanel - === ToggleGroup 监听器被触发 ===
21:08:18.959 [JavaFX Application Thread] INFO  c.s.d.p.node.HomePageMenuItemPanel - oldToggle: jingxuan
21:08:18.959 [JavaFX Application Thread] INFO  c.s.d.p.node.HomePageMenuItemPanel - newToggle: recommend
21:08:18.959 [JavaFX Application Thread] INFO  c.s.d.p.node.HomePageMenuItemPanel - 当前选中的菜单项：recommend
21:08:18.960 [JavaFX Application Thread] INFO  c.s.d.p.node.HomePageMenuItemPanel - 上一个被选中的菜单项：jingxuan
21:08:18.960 [JavaFX Application Thread] INFO  c.s.d.p.node.HomePageMenuItemPanel - ================================
21:08:19.717 [JavaFX Application Thread] INFO  c.s.d.p.node.HomePageMenuItemPanel - === ToggleGroup 监听器被触发 ===
21:08:19.717 [JavaFX Application Thread] INFO  c.s.d.p.node.HomePageMenuItemPanel - oldToggle: recommend
21:08:19.718 [JavaFX Application Thread] INFO  c.s.d.p.node.HomePageMenuItemPanel - newToggle: jingxuan
21:08:19.719 [JavaFX Application Thread] INFO  c.s.d.p.node.HomePageMenuItemPanel - 当前选中的菜单项：jingxuan
21:08:19.719 [JavaFX Application Thread] INFO  c.s.d.p.node.HomePageMenuItemPanel - 上一个被选中的菜单项：recommend
21:08:19.720 [JavaFX Application Thread] INFO  c.s.d.p.node.HomePageMenuItemPanel - ================================
21:08:20.598 [JavaFX Application Thread] INFO  c.s.d.p.node.HomePageMenuItemPanel - === ToggleGroup 监听器被触发 ===
21:08:20.598 [JavaFX Application Thread] INFO  c.s.d.p.node.HomePageMenuItemPanel - oldToggle: jingxuan
21:08:20.599 [JavaFX Application Thread] INFO  c.s.d.p.node.HomePageMenuItemPanel - newToggle: podcast
21:08:20.599 [JavaFX Application Thread] INFO  c.s.d.p.node.HomePageMenuItemPanel - 当前选中的菜单项：podcast
21:08:20.600 [JavaFX Application Thread] INFO  c.s.d.p.node.HomePageMenuItemPanel - 上一个被选中的菜单项：jingxuan
21:08:20.600 [JavaFX Application Thread] INFO  c.s.d.p.node.HomePageMenuItemPanel - ================================
21:08:21.524 [JavaFX Application Thread] INFO  c.s.d.p.node.HomePageMenuItemPanel - === ToggleGroup 监听器被触发 ===
21:08:21.524 [JavaFX Application Thread] INFO  c.s.d.p.node.HomePageMenuItemPanel - oldToggle: podcast
21:08:21.525 [JavaFX Application Thread] INFO  c.s.d.p.node.HomePageMenuItemPanel - newToggle: recommend
21:08:21.525 [JavaFX Application Thread] INFO  c.s.d.p.node.HomePageMenuItemPanel - 当前选中的菜单项：recommend
21:08:21.525 [JavaFX Application Thread] INFO  c.s.d.p.node.HomePageMenuItemPanel - 上一个被选中的菜单项：podcast
21:08:21.526 [JavaFX Application Thread] INFO  c.s.d.p.node.HomePageMenuItemPanel - ================================
21:11:21.988 [JavaFX Application Thread] INFO  com.stickpoint.ddmusic.App - === 应用启动调试信息 ===
21:11:21.992 [JavaFX Application Thread] INFO  com.stickpoint.ddmusic.App - Java 版本: 21.0.8
21:11:21.993 [JavaFX Application Thread] INFO  com.stickpoint.ddmusic.App - JavaFX 版本: 21.0.7
21:11:21.993 [JavaFX Application Thread] INFO  com.stickpoint.ddmusic.App - 工作目录: E:\codeData\javaProject\javafx-ddmusic\ddmuisc2
21:11:21.993 [JavaFX Application Thread] INFO  com.stickpoint.ddmusic.App - 1. 开始创建 HomePage
21:11:24.040 [JavaFX Application Thread] INFO  c.s.ddmusic.common.utils.ConfigUtils - 配置文件读取成功: C:\Users\Administrator\ddmusic.dd
21:11:24.047 [JavaFX Application Thread] INFO  c.s.d.p.n.MusicPlayDetailContainer - 旋转角度: 60.0
21:11:24.157 [JavaFX Application Thread] INFO  com.stickpoint.ddmusic.App - 2. HomePage 创建成功
21:11:24.157 [JavaFX Application Thread] INFO  com.stickpoint.ddmusic.App - 3. 开始创建场景
21:11:24.243 [JavaFX Application Thread] INFO  com.stickpoint.ddmusic.App - 4. 场景创建成功
21:11:24.243 [JavaFX Application Thread] INFO  com.stickpoint.ddmusic.App - 5. 设置舞台属性
21:11:24.244 [JavaFX Application Thread] INFO  com.stickpoint.ddmusic.App - 6. 舞台属性设置完成
21:11:24.245 [JavaFX Application Thread] INFO  com.stickpoint.ddmusic.App - 7. 加载图标
21:11:24.246 [JavaFX Application Thread] INFO  com.stickpoint.ddmusic.App - 图标URL: file:/E:/codeData/javaProject/javafx-ddmusic/ddmuisc2/target/classes/img/logo.svg
21:11:24.290 [JavaFX Application Thread] INFO  com.stickpoint.ddmusic.App - 8. 图标加载成功
21:11:24.290 [JavaFX Application Thread] INFO  com.stickpoint.ddmusic.App - 9. 显示舞台
21:11:24.874 [JavaFX Application Thread] INFO  com.stickpoint.ddmusic.App - 10. 添加窗口缩放支持
21:11:24.876 [JavaFX Application Thread] INFO  com.stickpoint.ddmusic.App - 11. 居中显示
21:11:24.877 [JavaFX Application Thread] INFO  com.stickpoint.ddmusic.App - 12. 应用启动完成
21:14:25.497 [Thread-77] INFO  c.s.d.p.node.SearchResultContainer - 开始搜索关键词: 关机又关机
21:14:25.498 [Thread-77] INFO  c.s.d.common.utils.TuneHubApiUtils - 聚合搜索歌曲: 关键词=关机又关机
21:14:26.954 [Thread-77] INFO  c.s.d.p.node.SearchResultContainer - 搜索结果JSON: {"code":200,"message":"success","data":{"keyword":"关机又关机","limit":10,"page":1,"platforms":["netease","qq","kuwo"],"platformStats":{"netease":{"success":true,"count":10,"duration":414,"error":null},"qq":{"success":false,"count":0,"duration":946,"error":"搜索重试次数过多"},"kuwo":{"success":true,"count":10,"duration":147,"error":null}},"total":20,"results":[{"id":"1811408619","name":"关机又关机","artist":"YangYang","album":"关机又关机","platform":"netease","url":"https://music-dl.sayqz.com/api/?source=netease&id=1811408619&type=url","pic":"https://music-dl.sayqz.com/api/?source=netease&id=1811408619&type=pic","lrc":"https://music-dl.sayqz.com/api/?source=netease&id=1811408619&type=lrc"},{"id":"161989241","name":"关机又关机","artist":"YangYang","album":"关机又关机","platform":"kuwo","url":"https://music-dl.sayqz.com/api/?source=kuwo&id=161989241&type=url","pic":"https://music-dl.sayqz.com/api/?source=kuwo&id=161989241&type=pic","lrc":"https://music-dl.sayqz.com/api/?source=kuwo&id=161989241&type=lrc"},{"id":"2143695205","name":"关机又关机","artist":"丸子","album":"关机又关机","platform":"netease","url":"https://music-dl.sayqz.com/api/?source=netease&id=2143695205&type=url","pic":"https://music-dl.sayqz.com/api/?source=netease&id=2143695205&type=pic","lrc":"https://music-dl.sayqz.com/api/?source=netease&id=2143695205&type=lrc"},{"id":"163308104","name":"关机又关机（女声版）","artist":"念慈","album":"关机又关机","platform":"kuwo","url":"https://music-dl.sayqz.com/api/?source=kuwo&id=163308104&type=url","pic":"https://music-dl.sayqz.com/api/?source=kuwo&id=163308104&type=pic","lrc":"https://music-dl.sayqz.com/api/?source=kuwo&id=163308104&type=lrc"},{"id":"2641398715","name":"关机又关机 (0.8x)","artist":"Tafzero","album":"关机","platform":"netease","url":"https://music-dl.sayqz.com/api/?source=netease&id=2641398715&type=url","pic":"https://music-dl.sayqz.com/api/?source=netease&id=2641398715&type=pic","lrc":"https://music-dl.sayqz.com/api/?source=netease&id=2641398715&type=lrc"},{"id":"171577449","name":"关机又关机 (太空版) (cover: 陆鳐LuLu)","artist":"陆鳐LuLu","album":"Melodic","platform":"kuwo","url":"https://music-dl.sayqz.com/api/?source=kuwo&id=171577449&type=url","pic":"https://music-dl.sayqz.com/api/?source=kuwo&id=171577449&type=pic","lrc":"https://music-dl.sayqz.com/api/?source=kuwo&id=171577449&type=lrc"},{"id":"2106836013","name":"关机又关机","artist":"不高兴","album":"2023","platform":"netease","url":"https://music-dl.sayqz.com/api/?source=netease&id=2106836013&type=url","pic":"https://music-dl.sayqz.com/api/?source=netease&id=2106836013&type=pic","lrc":"https://music-dl.sayqz.com/api/?source=netease&id=2106836013&type=lrc"},{"id":"162137810","name":"关机又关机","artist":"洛天依","album":"关机又关机","platform":"kuwo","url":"https://music-dl.sayqz.com/api/?source=kuwo&id=162137810&type=url","pic":"https://music-dl.sayqz.com/api/?source=kuwo&id=162137810&type=pic","lrc":"https://music-dl.sayqz.com/api/?source=kuwo&id=162137810&type=lrc"},{"id":"2637136123","name":"关机又关机","artist":"墨明初雪","album":"初雪","platform":"netease","url":"https://music-dl.sayqz.com/api/?source=netease&id=2637136123&type=url","pic":"https://music-dl.sayqz.com/api/?source=netease&id=2637136123&type=pic","lrc":"https://music-dl.sayqz.com/api/?source=netease&id=2637136123&type=lrc"},{"id":"163429591","name":"关机又关机 (片段)","artist":"旺仔小乔","album":"","platform":"kuwo","url":"https://music-dl.sayqz.com/api/?source=kuwo&id=163429591&type=url","pic":"https://music-dl.sayqz.com/api/?source=kuwo&id=163429591&type=pic","lrc":"https://music-dl.sayqz.com/api/?source=kuwo&id=163429591&type=lrc"},{"id":"1811408621","name":"关机又关机（伴奏 和声版）","artist":"YangYang","album":"关机又关机","platform":"netease","url":"https://music-dl.sayqz.com/api/?source=netease&id=1811408621&type=url","pic":"https://music-dl.sayqz.com/api/?source=netease&id=1811408621&type=pic","lrc":"https://music-dl.sayqz.com/api/?source=netease&id=1811408621&type=lrc"},{"id":"162957523","name":"关机又关机 (片段)","artist":"皮卡丘多多","album":"","platform":"kuwo","url":"https://music-dl.sayqz.com/api/?source=kuwo&id=162957523&type=url","pic":"https://music-dl.sayqz.com/api/?source=kuwo&id=162957523&type=pic","lrc":"https://music-dl.sayqz.com/api/?source=kuwo&id=162957523&type=lrc"},{"id":"1486763122","name":"哎呦喂","artist":"YangYang","album":"哎呦喂","platform":"netease","url":"https://music-dl.sayqz.com/api/?source=netease&id=1486763122&type=url","pic":"https://music-dl.sayqz.com/api/?source=netease&id=1486763122&type=pic","lrc":"https://music-dl.sayqz.com/api/?source=netease&id=1486763122&type=lrc"},{"id":"168452592","name":"关机又关机","artist":"呆呆破","album":"","platform":"kuwo","url":"https://music-dl.sayqz.com/api/?source=kuwo&id=168452592&type=url","pic":"https://music-dl.sayqz.com/api/?source=kuwo&id=168452592&type=pic","lrc":"https://music-dl.sayqz.com/api/?source=kuwo&id=168452592&type=lrc"},{"id":"2714372725","name":"关机又关机","artist":"旺仔小乔","album":"","platform":"netease","url":"https://music-dl.sayqz.com/api/?source=netease&id=2714372725&type=url","pic":"https://music-dl.sayqz.com/api/?source=netease&id=2714372725&type=pic","lrc":"https://music-dl.sayqz.com/api/?source=netease&id=2714372725&type=lrc"},{"id":"163831814","name":"关机又关机 (片段)","artist":"七叔（叶泽浩）","album":"","platform":"kuwo","url":"https://music-dl.sayqz.com/api/?source=kuwo&id=163831814&type=url","pic":"https://music-dl.sayqz.com/api/?source=kuwo&id=163831814&type=pic","lrc":"https://music-dl.sayqz.com/api/?source=kuwo&id=163831814&type=lrc"},{"id":"2154589108","name":"关机又关机","artist":"小咪咪","album":"孤单北半球 (Live)","platform":"netease","url":"https://music-dl.sayqz.com/api/?source=netease&id=2154589108&type=url","pic":"https://music-dl.sayqz.com/api/?source=netease&id=2154589108&type=pic","lrc":"https://music-dl.sayqz.com/api/?source=netease&id=2154589108&type=lrc"},{"id":"372082823","name":"关机又关机","artist":"麦小兜","album":"","platform":"kuwo","url":"https://music-dl.sayqz.com/api/?source=kuwo&id=372082823&type=url","pic":"https://music-dl.sayqz.com/api/?source=kuwo&id=372082823&type=pic","lrc":"https://music-dl.sayqz.com/api/?source=kuwo&id=372082823&type=lrc"},{"id":"2099939962","name":"疤痕体质","artist":"YangYang","album":"疤痕体质","platform":"netease","url":"https://music-dl.sayqz.com/api/?source=netease&id=2099939962&type=url","pic":"https://music-dl.sayqz.com/api/?source=netease&id=2099939962&type=pic","lrc":"https://music-dl.sayqz.com/api/?source=netease&id=2099939962&type=lrc"},{"id":"445181162","name":"关机又关机 (奥特曼版片段)","artist":"二次元空间","album":"奥特曼版歌曲集合·","platform":"kuwo","url":"https://music-dl.sayqz.com/api/?source=kuwo&id=445181162&type=url","pic":"https://music-dl.sayqz.com/api/?source=kuwo&id=445181162&type=pic","lrc":"https://music-dl.sayqz.com/api/?source=kuwo&id=445181162&type=lrc"}]},"timestamp":"2026-01-23T21:14:26.764+08:00"}
21:14:26.963 [Thread-77] INFO  c.s.d.p.node.SearchResultContainer - 搜索结果数量: 20
21:14:28.658 [JavaFX Application Thread] INFO  c.s.d.p.node.SearchResultContainer - 播放歌曲: YangYang - 关机又关机
21:14:29.247 [JavaFX Application Thread] INFO  c.s.d.p.n.MusicPlayDetailContainer - 加载专辑封面: https://music-dl.sayqz.com/api/?source=netease&id=1811408619&type=pic
21:14:29.248 [JavaFX Application Thread] INFO  c.s.d.p.n.MusicPlayDetailContainer - 当前旋转角度: 暂停--95.0
21:14:29.902 [Thread-80] INFO  c.s.d.p.n.MusicPlayDetailContainer - 实际专辑封面URL: https://p1.music.126.net/9N6kdF_ezlkgzbLaqJQiOw==/109951169878106104.jpg
21:14:29.955 [JavaFX Application Thread] INFO  c.s.d.p.n.MusicPlayDetailContainer - 图片加载进度: 10%
21:14:29.965 [JavaFX Application Thread] INFO  c.s.d.p.n.MusicPlayDetailContainer - 图片加载进度: 20%
21:14:29.973 [JavaFX Application Thread] INFO  c.s.d.p.n.MusicPlayDetailContainer - 图片加载进度: 30%
21:14:29.980 [JavaFX Application Thread] INFO  c.s.d.p.n.MusicPlayDetailContainer - 图片加载进度: 41%
21:14:29.990 [JavaFX Application Thread] INFO  c.s.d.p.n.MusicPlayDetailContainer - 图片加载进度: 51%
21:14:29.996 [JavaFX Application Thread] INFO  c.s.d.p.n.MusicPlayDetailContainer - 图片加载进度: 61%
21:14:30.007 [JavaFX Application Thread] INFO  c.s.d.p.n.MusicPlayDetailContainer - 图片加载进度: 72%
21:14:30.015 [JavaFX Application Thread] INFO  c.s.d.p.n.MusicPlayDetailContainer - 图片加载进度: 82%
21:14:30.025 [JavaFX Application Thread] INFO  c.s.d.p.n.MusicPlayDetailContainer - 图片加载进度: 92%
21:14:30.030 [JavaFX Application Thread] INFO  c.s.d.p.n.MusicPlayDetailContainer - 图片加载进度: 100%
21:14:30.031 [JavaFX Application Thread] INFO  c.s.d.p.n.MusicPlayDetailContainer - 图片加载完成，加入缓存
21:16:17.413 [JavaFX Application Thread] INFO  c.s.d.p.node.HomePageMenuItemPanel - === ToggleGroup 监听器被触发 ===
21:16:17.413 [JavaFX Application Thread] INFO  c.s.d.p.node.HomePageMenuItemPanel - oldToggle: null
21:16:17.413 [JavaFX Application Thread] INFO  c.s.d.p.node.HomePageMenuItemPanel - newToggle: myMusic
21:16:17.414 [JavaFX Application Thread] INFO  c.s.d.p.node.HomePageMenuItemPanel - 当前选中的菜单项：myMusic
21:16:17.414 [JavaFX Application Thread] INFO  c.s.d.p.node.HomePageMenuItemPanel - ================================
21:16:32.610 [JavaFX Application Thread] INFO  c.s.d.p.n.MusicPlayDetailContainer - 加载专辑封面: https://qnm.hunliji.com/o_1j4afpm441o4vceo1eilush18pj9.jpeg
21:16:32.616 [JavaFX Application Thread] INFO  c.s.d.p.n.MusicPlayDetailContainer - 暂停旋转
21:16:32.617 [JavaFX Application Thread] INFO  c.s.d.p.n.MusicPlayDetailContainer - 当前播放状态: STOPPED
21:16:32.624 [JavaFX Application Thread] INFO  c.s.d.p.n.MusicPlayDetailContainer - 当前旋转角度: 播放--95.0
21:16:32.626 [Thread-2423] INFO  c.s.d.p.n.MusicPlayDetailContainer - 实际专辑封面URL: https://qnm.hunliji.com/o_1j4afpm441o4vceo1eilush18pj9.jpeg
21:16:32.643 [JavaFX Application Thread] INFO  c.s.d.p.n.MusicPlayDetailContainer - 当前旋转角度: 暂停--95.0
21:16:32.661 [JavaFX Application Thread] INFO  c.s.d.p.n.MusicPlayDetailContainer - 图片加载进度: 10%
21:16:32.692 [JavaFX Application Thread] INFO  c.s.d.p.n.MusicPlayDetailContainer - 图片加载进度: 20%
21:16:32.695 [JavaFX Application Thread] INFO  c.s.d.p.n.MusicPlayDetailContainer - 图片加载进度: 36%
21:16:32.697 [JavaFX Application Thread] INFO  c.s.d.p.n.MusicPlayDetailContainer - 图片加载进度: 46%
21:16:32.697 [JavaFX Application Thread] INFO  c.s.d.p.n.MusicPlayDetailContainer - 图片加载进度: 56%
21:16:32.698 [JavaFX Application Thread] INFO  c.s.d.p.n.MusicPlayDetailContainer - 图片加载进度: 66%
21:16:32.699 [JavaFX Application Thread] INFO  c.s.d.p.n.MusicPlayDetailContainer - 图片加载进度: 76%
21:16:32.699 [JavaFX Application Thread] INFO  c.s.d.p.n.MusicPlayDetailContainer - 图片加载进度: 86%
21:16:32.699 [JavaFX Application Thread] INFO  c.s.d.p.n.MusicPlayDetailContainer - 图片加载进度: 96%
21:16:32.700 [JavaFX Application Thread] INFO  c.s.d.p.n.MusicPlayDetailContainer - 图片加载进度: 100%
21:16:32.700 [JavaFX Application Thread] INFO  c.s.d.p.n.MusicPlayDetailContainer - 图片加载完成，加入缓存
21:18:52.019 [JavaFX Application Thread] INFO  c.s.d.p.n.MusicPlayDetailContainer - 暂停旋转
21:18:52.019 [JavaFX Application Thread] INFO  c.s.d.p.n.MusicPlayDetailContainer - 当前播放状态: PAUSED
21:18:52.020 [JavaFX Application Thread] INFO  c.s.d.p.n.MusicPlayDetailContainer - 当前旋转角度: 播放--95.0
21:21:22.583 [JavaFX Application Thread] INFO  com.stickpoint.ddmusic.App - === 应用启动调试信息 ===
21:21:22.586 [JavaFX Application Thread] INFO  com.stickpoint.ddmusic.App - Java 版本: 21.0.8
21:21:22.587 [JavaFX Application Thread] INFO  com.stickpoint.ddmusic.App - JavaFX 版本: 21.0.7
21:21:22.587 [JavaFX Application Thread] INFO  com.stickpoint.ddmusic.App - 工作目录: E:\codeData\javaProject\javafx-ddmusic\ddmuisc2
21:21:22.588 [JavaFX Application Thread] INFO  com.stickpoint.ddmusic.App - 1. 开始创建 HomePage
21:21:24.263 [JavaFX Application Thread] INFO  c.s.ddmusic.common.utils.ConfigUtils - 配置文件读取成功: C:\Users\Administrator\ddmusic.dd
21:21:24.277 [JavaFX Application Thread] INFO  c.s.d.p.n.MusicPlayDetailContainer - 旋转角度: 60.0
21:21:24.409 [JavaFX Application Thread] INFO  com.stickpoint.ddmusic.App - 2. HomePage 创建成功
21:21:24.410 [JavaFX Application Thread] INFO  com.stickpoint.ddmusic.App - 3. 开始创建场景
21:21:24.487 [JavaFX Application Thread] INFO  com.stickpoint.ddmusic.App - 4. 场景创建成功
21:21:24.488 [JavaFX Application Thread] INFO  com.stickpoint.ddmusic.App - 5. 设置舞台属性
21:21:24.490 [JavaFX Application Thread] INFO  com.stickpoint.ddmusic.App - 6. 舞台属性设置完成
21:21:24.491 [JavaFX Application Thread] INFO  com.stickpoint.ddmusic.App - 7. 加载图标
21:21:24.492 [JavaFX Application Thread] INFO  com.stickpoint.ddmusic.App - 图标URL: file:/E:/codeData/javaProject/javafx-ddmusic/ddmuisc2/target/classes/img/logo.svg
21:21:24.493 [JavaFX Application Thread] INFO  com.stickpoint.ddmusic.App - 8. 图标加载成功
21:21:24.494 [JavaFX Application Thread] INFO  com.stickpoint.ddmusic.App - 9. 显示舞台
21:21:25.025 [JavaFX Application Thread] INFO  com.stickpoint.ddmusic.App - 10. 添加窗口缩放支持
21:21:25.027 [JavaFX Application Thread] INFO  com.stickpoint.ddmusic.App - 11. 居中显示
21:21:25.027 [JavaFX Application Thread] INFO  com.stickpoint.ddmusic.App - 12. 应用启动完成
21:22:25.866 [JavaFX Application Thread] INFO  c.s.d.p.node.HomePageMenuItemPanel - === ToggleGroup 监听器被触发 ===
21:22:25.867 [JavaFX Application Thread] INFO  c.s.d.p.node.HomePageMenuItemPanel - oldToggle: null
21:22:25.868 [JavaFX Application Thread] INFO  c.s.d.p.node.HomePageMenuItemPanel - newToggle: recommend
21:22:25.868 [JavaFX Application Thread] INFO  c.s.d.p.node.HomePageMenuItemPanel - 当前选中的菜单项：recommend
21:22:25.868 [JavaFX Application Thread] INFO  c.s.d.p.node.HomePageMenuItemPanel - ================================
21:23:14.554 [Thread-183] INFO  c.s.d.p.node.SearchResultContainer - 开始搜索关键词: 关机又关机
21:23:14.591 [Thread-183] INFO  c.s.d.common.utils.TuneHubApiUtils - 聚合搜索歌曲: 关键词=关机又关机
21:23:15.608 [Thread-183] INFO  c.s.d.p.node.SearchResultContainer - 搜索结果JSON: {"code":200,"message":"success","data":{"keyword":"关机又关机","limit":10,"page":1,"platforms":["netease","qq","kuwo"],"platformStats":{"netease":{"success":true,"count":10,"duration":380,"error":null},"qq":{"success":false,"count":0,"duration":567,"error":"搜索重试次数过多"},"kuwo":{"success":true,"count":10,"duration":192,"error":null}},"total":20,"results":[{"id":"1811408619","name":"关机又关机","artist":"YangYang","album":"关机又关机","platform":"netease","url":"https://music-dl.sayqz.com/api/?source=netease&id=1811408619&type=url","pic":"https://music-dl.sayqz.com/api/?source=netease&id=1811408619&type=pic","lrc":"https://music-dl.sayqz.com/api/?source=netease&id=1811408619&type=lrc"},{"id":"161989241","name":"关机又关机","artist":"YangYang","album":"关机又关机","platform":"kuwo","url":"https://music-dl.sayqz.com/api/?source=kuwo&id=161989241&type=url","pic":"https://music-dl.sayqz.com/api/?source=kuwo&id=161989241&type=pic","lrc":"https://music-dl.sayqz.com/api/?source=kuwo&id=161989241&type=lrc"},{"id":"2143695205","name":"关机又关机","artist":"丸子","album":"关机又关机","platform":"netease","url":"https://music-dl.sayqz.com/api/?source=netease&id=2143695205&type=url","pic":"https://music-dl.sayqz.com/api/?source=netease&id=2143695205&type=pic","lrc":"https://music-dl.sayqz.com/api/?source=netease&id=2143695205&type=lrc"},{"id":"163308104","name":"关机又关机（女声版）","artist":"念慈","album":"关机又关机","platform":"kuwo","url":"https://music-dl.sayqz.com/api/?source=kuwo&id=163308104&type=url","pic":"https://music-dl.sayqz.com/api/?source=kuwo&id=163308104&type=pic","lrc":"https://music-dl.sayqz.com/api/?source=kuwo&id=163308104&type=lrc"},{"id":"2641398715","name":"关机又关机 (0.8x)","artist":"Tafzero","album":"关机","platform":"netease","url":"https://music-dl.sayqz.com/api/?source=netease&id=2641398715&type=url","pic":"https://music-dl.sayqz.com/api/?source=netease&id=2641398715&type=pic","lrc":"https://music-dl.sayqz.com/api/?source=netease&id=2641398715&type=lrc"},{"id":"171577449","name":"关机又关机 (太空版) (cover: 陆鳐LuLu)","artist":"陆鳐LuLu","album":"Melodic","platform":"kuwo","url":"https://music-dl.sayqz.com/api/?source=kuwo&id=171577449&type=url","pic":"https://music-dl.sayqz.com/api/?source=kuwo&id=171577449&type=pic","lrc":"https://music-dl.sayqz.com/api/?source=kuwo&id=171577449&type=lrc"},{"id":"2106836013","name":"关机又关机","artist":"不高兴","album":"2023","platform":"netease","url":"https://music-dl.sayqz.com/api/?source=netease&id=2106836013&type=url","pic":"https://music-dl.sayqz.com/api/?source=netease&id=2106836013&type=pic","lrc":"https://music-dl.sayqz.com/api/?source=netease&id=2106836013&type=lrc"},{"id":"162137810","name":"关机又关机","artist":"洛天依","album":"关机又关机","platform":"kuwo","url":"https://music-dl.sayqz.com/api/?source=kuwo&id=162137810&type=url","pic":"https://music-dl.sayqz.com/api/?source=kuwo&id=162137810&type=pic","lrc":"https://music-dl.sayqz.com/api/?source=kuwo&id=162137810&type=lrc"},{"id":"2637136123","name":"关机又关机","artist":"墨明初雪","album":"初雪","platform":"netease","url":"https://music-dl.sayqz.com/api/?source=netease&id=2637136123&type=url","pic":"https://music-dl.sayqz.com/api/?source=netease&id=2637136123&type=pic","lrc":"https://music-dl.sayqz.com/api/?source=netease&id=2637136123&type=lrc"},{"id":"163429591","name":"关机又关机 (片段)","artist":"旺仔小乔","album":"","platform":"kuwo","url":"https://music-dl.sayqz.com/api/?source=kuwo&id=163429591&type=url","pic":"https://music-dl.sayqz.com/api/?source=kuwo&id=163429591&type=pic","lrc":"https://music-dl.sayqz.com/api/?source=kuwo&id=163429591&type=lrc"},{"id":"1811408621","name":"关机又关机（伴奏 和声版）","artist":"YangYang","album":"关机又关机","platform":"netease","url":"https://music-dl.sayqz.com/api/?source=netease&id=1811408621&type=url","pic":"https://music-dl.sayqz.com/api/?source=netease&id=1811408621&type=pic","lrc":"https://music-dl.sayqz.com/api/?source=netease&id=1811408621&type=lrc"},{"id":"162957523","name":"关机又关机 (片段)","artist":"皮卡丘多多","album":"","platform":"kuwo","url":"https://music-dl.sayqz.com/api/?source=kuwo&id=162957523&type=url","pic":"https://music-dl.sayqz.com/api/?source=kuwo&id=162957523&type=pic","lrc":"https://music-dl.sayqz.com/api/?source=kuwo&id=162957523&type=lrc"},{"id":"1486763122","name":"哎呦喂","artist":"YangYang","album":"哎呦喂","platform":"netease","url":"https://music-dl.sayqz.com/api/?source=netease&id=1486763122&type=url","pic":"https://music-dl.sayqz.com/api/?source=netease&id=1486763122&type=pic","lrc":"https://music-dl.sayqz.com/api/?source=netease&id=1486763122&type=lrc"},{"id":"168452592","name":"关机又关机","artist":"呆呆破","album":"","platform":"kuwo","url":"https://music-dl.sayqz.com/api/?source=kuwo&id=168452592&type=url","pic":"https://music-dl.sayqz.com/api/?source=kuwo&id=168452592&type=pic","lrc":"https://music-dl.sayqz.com/api/?source=kuwo&id=168452592&type=lrc"},{"id":"2714372725","name":"关机又关机","artist":"旺仔小乔","album":"","platform":"netease","url":"https://music-dl.sayqz.com/api/?source=netease&id=2714372725&type=url","pic":"https://music-dl.sayqz.com/api/?source=netease&id=2714372725&type=pic","lrc":"https://music-dl.sayqz.com/api/?source=netease&id=2714372725&type=lrc"},{"id":"163831814","name":"关机又关机 (片段)","artist":"七叔（叶泽浩）","album":"","platform":"kuwo","url":"https://music-dl.sayqz.com/api/?source=kuwo&id=163831814&type=url","pic":"https://music-dl.sayqz.com/api/?source=kuwo&id=163831814&type=pic","lrc":"https://music-dl.sayqz.com/api/?source=kuwo&id=163831814&type=lrc"},{"id":"2154589108","name":"关机又关机","artist":"小咪咪","album":"孤单北半球 (Live)","platform":"netease","url":"https://music-dl.sayqz.com/api/?source=netease&id=2154589108&type=url","pic":"https://music-dl.sayqz.com/api/?source=netease&id=2154589108&type=pic","lrc":"https://music-dl.sayqz.com/api/?source=netease&id=2154589108&type=lrc"},{"id":"372082823","name":"关机又关机","artist":"麦小兜","album":"","platform":"kuwo","url":"https://music-dl.sayqz.com/api/?source=kuwo&id=372082823&type=url","pic":"https://music-dl.sayqz.com/api/?source=kuwo&id=372082823&type=pic","lrc":"https://music-dl.sayqz.com/api/?source=kuwo&id=372082823&type=lrc"},{"id":"2099939962","name":"疤痕体质","artist":"YangYang","album":"疤痕体质","platform":"netease","url":"https://music-dl.sayqz.com/api/?source=netease&id=2099939962&type=url","pic":"https://music-dl.sayqz.com/api/?source=netease&id=2099939962&type=pic","lrc":"https://music-dl.sayqz.com/api/?source=netease&id=2099939962&type=lrc"},{"id":"445181162","name":"关机又关机 (奥特曼版片段)","artist":"二次元空间","album":"奥特曼版歌曲集合·","platform":"kuwo","url":"https://music-dl.sayqz.com/api/?source=kuwo&id=445181162&type=url","pic":"https://music-dl.sayqz.com/api/?source=kuwo&id=445181162&type=pic","lrc":"https://music-dl.sayqz.com/api/?source=kuwo&id=445181162&type=lrc"}]},"timestamp":"2026-01-23T21:23:15.207+08:00"}
21:23:15.722 [Thread-183] INFO  c.s.d.p.node.SearchResultContainer - 搜索结果数量: 20
21:27:34.568 [JavaFX Application Thread] INFO  com.stickpoint.ddmusic.App - === 应用启动调试信息 ===
21:27:34.570 [JavaFX Application Thread] INFO  com.stickpoint.ddmusic.App - Java 版本: 21.0.8
21:27:34.571 [JavaFX Application Thread] INFO  com.stickpoint.ddmusic.App - JavaFX 版本: 21.0.7
21:27:34.571 [JavaFX Application Thread] INFO  com.stickpoint.ddmusic.App - 工作目录: E:\codeData\javaProject\javafx-ddmusic\ddmuisc2
21:27:34.572 [JavaFX Application Thread] INFO  com.stickpoint.ddmusic.App - 1. 开始创建 HomePage
21:27:40.256 [JavaFX Application Thread] INFO  c.s.ddmusic.common.utils.ConfigUtils - 配置文件读取成功: C:\Users\Administrator\ddmusic.dd
21:27:40.263 [JavaFX Application Thread] INFO  c.s.d.p.n.MusicPlayDetailContainer - 旋转角度: 60.0
21:27:58.501 [JavaFX Application Thread] INFO  com.stickpoint.ddmusic.App - === 应用启动调试信息 ===
21:27:58.504 [JavaFX Application Thread] INFO  com.stickpoint.ddmusic.App - Java 版本: 21.0.8
21:27:58.504 [JavaFX Application Thread] INFO  com.stickpoint.ddmusic.App - JavaFX 版本: 21.0.7
21:27:58.506 [JavaFX Application Thread] INFO  com.stickpoint.ddmusic.App - 工作目录: E:\codeData\javaProject\javafx-ddmusic\ddmuisc2
21:27:58.507 [JavaFX Application Thread] INFO  com.stickpoint.ddmusic.App - 1. 开始创建 HomePage
21:28:00.544 [JavaFX Application Thread] INFO  c.s.ddmusic.common.utils.ConfigUtils - 配置文件读取成功: C:\Users\Administrator\ddmusic.dd
21:28:00.554 [JavaFX Application Thread] INFO  c.s.d.p.n.MusicPlayDetailContainer - 旋转角度: 60.0
21:30:03.164 [JavaFX Application Thread] INFO  com.stickpoint.ddmusic.App - === 应用启动调试信息 ===
21:30:03.168 [JavaFX Application Thread] INFO  com.stickpoint.ddmusic.App - Java 版本: 21.0.8
21:30:03.169 [JavaFX Application Thread] INFO  com.stickpoint.ddmusic.App - JavaFX 版本: 21.0.7
21:30:03.169 [JavaFX Application Thread] INFO  com.stickpoint.ddmusic.App - 工作目录: E:\codeData\javaProject\javafx-ddmusic\ddmuisc2
21:30:03.169 [JavaFX Application Thread] INFO  com.stickpoint.ddmusic.App - 1. 开始创建 HomePage
21:30:04.617 [JavaFX Application Thread] INFO  c.s.ddmusic.common.utils.ConfigUtils - 配置文件读取成功: C:\Users\Administrator\ddmusic.dd
21:30:04.631 [JavaFX Application Thread] INFO  c.s.d.p.n.MusicPlayDetailContainer - 旋转角度: 60.0
21:30:49.483 [JavaFX Application Thread] INFO  com.stickpoint.ddmusic.App - === 应用启动调试信息 ===
21:30:49.485 [JavaFX Application Thread] INFO  com.stickpoint.ddmusic.App - Java 版本: 21.0.8
21:30:49.486 [JavaFX Application Thread] INFO  com.stickpoint.ddmusic.App - JavaFX 版本: 21.0.7
21:30:49.487 [JavaFX Application Thread] INFO  com.stickpoint.ddmusic.App - 工作目录: E:\codeData\javaProject\javafx-ddmusic\ddmuisc2
21:30:49.487 [JavaFX Application Thread] INFO  com.stickpoint.ddmusic.App - 1. 开始创建 HomePage
21:30:50.639 [JavaFX Application Thread] INFO  c.s.ddmusic.common.utils.ConfigUtils - 配置文件读取成功: C:\Users\Administrator\ddmusic.dd
21:30:50.646 [JavaFX Application Thread] INFO  c.s.d.p.n.MusicPlayDetailContainer - 旋转角度: 60.0
21:31:23.510 [JavaFX Application Thread] INFO  com.stickpoint.ddmusic.App - === 应用启动调试信息 ===
21:31:23.513 [JavaFX Application Thread] INFO  com.stickpoint.ddmusic.App - Java 版本: 21.0.8
21:31:23.514 [JavaFX Application Thread] INFO  com.stickpoint.ddmusic.App - JavaFX 版本: 21.0.7
21:31:23.514 [JavaFX Application Thread] INFO  com.stickpoint.ddmusic.App - 工作目录: E:\codeData\javaProject\javafx-ddmusic\ddmuisc2
21:31:23.514 [JavaFX Application Thread] INFO  com.stickpoint.ddmusic.App - 1. 开始创建 HomePage
21:31:24.948 [JavaFX Application Thread] INFO  c.s.ddmusic.common.utils.ConfigUtils - 配置文件读取成功: C:\Users\Administrator\ddmusic.dd
21:31:24.956 [JavaFX Application Thread] INFO  c.s.d.p.n.MusicPlayDetailContainer - 旋转角度: 60.0
21:34:13.919 [JavaFX Application Thread] INFO  com.stickpoint.ddmusic.App - === 应用启动调试信息 ===
21:34:13.959 [JavaFX Application Thread] INFO  com.stickpoint.ddmusic.App - Java 版本: 21.0.8
21:34:13.988 [JavaFX Application Thread] INFO  com.stickpoint.ddmusic.App - JavaFX 版本: 21.0.7
21:34:14.027 [JavaFX Application Thread] INFO  com.stickpoint.ddmusic.App - 工作目录: E:\codeData\javaProject\javafx-ddmusic\ddmuisc2
21:34:14.038 [JavaFX Application Thread] INFO  com.stickpoint.ddmusic.App - 1. 开始创建 HomePage
21:34:15.216 [JavaFX Application Thread] INFO  c.s.ddmusic.common.utils.ConfigUtils - 配置文件读取成功: C:\Users\Administrator\ddmusic.dd
21:34:15.236 [JavaFX Application Thread] INFO  c.s.d.p.n.MusicPlayDetailContainer - 旋转角度: 60.0
21:35:11.283 [JavaFX Application Thread] INFO  com.stickpoint.ddmusic.App - === 应用启动调试信息 ===
21:35:11.285 [JavaFX Application Thread] INFO  com.stickpoint.ddmusic.App - Java 版本: 21.0.8
21:35:11.286 [JavaFX Application Thread] INFO  com.stickpoint.ddmusic.App - JavaFX 版本: 21.0.7
21:35:11.286 [JavaFX Application Thread] INFO  com.stickpoint.ddmusic.App - 工作目录: E:\codeData\javaProject\javafx-ddmusic\ddmuisc2
21:35:11.287 [JavaFX Application Thread] INFO  com.stickpoint.ddmusic.App - 1. 开始创建 HomePage
21:35:12.511 [JavaFX Application Thread] INFO  c.s.ddmusic.common.utils.ConfigUtils - 配置文件读取成功: C:\Users\Administrator\ddmusic.dd
21:35:12.522 [JavaFX Application Thread] INFO  c.s.d.p.n.MusicPlayDetailContainer - 旋转角度: 60.0
21:38:25.939 [JavaFX Application Thread] INFO  com.stickpoint.ddmusic.App - === 应用启动调试信息 ===
21:38:25.941 [JavaFX Application Thread] INFO  com.stickpoint.ddmusic.App - Java 版本: 21.0.8
21:38:25.941 [JavaFX Application Thread] INFO  com.stickpoint.ddmusic.App - JavaFX 版本: 21.0.7
21:38:25.941 [JavaFX Application Thread] INFO  com.stickpoint.ddmusic.App - 工作目录: E:\codeData\javaProject\javafx-ddmusic\ddmuisc2
21:38:27.491 [JavaFX Application Thread] INFO  c.s.ddmusic.common.utils.ConfigUtils - 配置文件读取成功: C:\Users\Administrator\ddmusic.dd
21:38:27.501 [JavaFX Application Thread] INFO  c.s.d.p.n.MusicPlayDetailContainer - 旋转角度: 60.0
21:41:05.839 [JavaFX Application Thread] INFO  com.stickpoint.ddmusic.App - === 应用启动调试信息 ===
21:41:05.841 [JavaFX Application Thread] INFO  com.stickpoint.ddmusic.App - Java 版本: 21.0.8
21:41:05.842 [JavaFX Application Thread] INFO  com.stickpoint.ddmusic.App - JavaFX 版本: 21.0.7
21:41:05.842 [JavaFX Application Thread] INFO  com.stickpoint.ddmusic.App - 工作目录: E:\codeData\javaProject\javafx-ddmusic\ddmuisc2
21:41:07.303 [JavaFX Application Thread] INFO  c.s.ddmusic.common.utils.ConfigUtils - 配置文件读取成功: C:\Users\Administrator\ddmusic.dd
21:41:07.314 [JavaFX Application Thread] INFO  c.s.d.p.n.MusicPlayDetailContainer - 旋转角度: 60.0
21:42:18.443 [JavaFX Application Thread] INFO  com.stickpoint.ddmusic.App - === 应用启动调试信息 ===
21:42:18.445 [JavaFX Application Thread] INFO  com.stickpoint.ddmusic.App - Java 版本: 21.0.8
21:42:18.446 [JavaFX Application Thread] INFO  com.stickpoint.ddmusic.App - JavaFX 版本: 21.0.7
21:42:18.446 [JavaFX Application Thread] INFO  com.stickpoint.ddmusic.App - 工作目录: E:\codeData\javaProject\javafx-ddmusic\ddmuisc2
21:44:10.088 [JavaFX Application Thread] INFO  com.stickpoint.ddmusic.App - === 应用启动调试信息 ===
21:44:10.090 [JavaFX Application Thread] INFO  com.stickpoint.ddmusic.App - Java 版本: 21.0.8
21:44:10.090 [JavaFX Application Thread] INFO  com.stickpoint.ddmusic.App - JavaFX 版本: 21.0.7
21:44:10.090 [JavaFX Application Thread] INFO  com.stickpoint.ddmusic.App - 工作目录: E:\codeData\javaProject\javafx-ddmusic\ddmuisc2
21:45:29.713 [JavaFX Application Thread] INFO  com.stickpoint.ddmusic.App - === 应用启动调试信息 ===
21:45:29.714 [JavaFX Application Thread] INFO  com.stickpoint.ddmusic.App - Java 版本: 21.0.8
21:45:29.716 [JavaFX Application Thread] INFO  com.stickpoint.ddmusic.App - JavaFX 版本: 21.0.7
21:45:29.716 [JavaFX Application Thread] INFO  com.stickpoint.ddmusic.App - 工作目录: E:\codeData\javaProject\javafx-ddmusic\ddmuisc2
21:46:59.530 [JavaFX Application Thread] INFO  com.stickpoint.ddmusic.App - === 应用启动调试信息 ===
21:46:59.532 [JavaFX Application Thread] INFO  com.stickpoint.ddmusic.App - Java 版本: 21.0.8
21:46:59.532 [JavaFX Application Thread] INFO  com.stickpoint.ddmusic.App - JavaFX 版本: 21.0.7
21:46:59.532 [JavaFX Application Thread] INFO  com.stickpoint.ddmusic.App - 工作目录: E:\codeData\javaProject\javafx-ddmusic\ddmuisc2
21:48:10.363 [JavaFX Application Thread] INFO  com.stickpoint.ddmusic.App - === 应用启动调试信息 ===
21:48:10.365 [JavaFX Application Thread] INFO  com.stickpoint.ddmusic.App - Java 版本: 21.0.8
21:48:10.365 [JavaFX Application Thread] INFO  com.stickpoint.ddmusic.App - JavaFX 版本: 21.0.7
21:48:10.366 [JavaFX Application Thread] INFO  com.stickpoint.ddmusic.App - 工作目录: E:\codeData\javaProject\javafx-ddmusic\ddmuisc2
21:48:58.178 [JavaFX Application Thread] INFO  com.stickpoint.ddmusic.App - === 应用启动调试信息 ===
21:48:58.180 [JavaFX Application Thread] INFO  com.stickpoint.ddmusic.App - Java 版本: 21.0.8
21:48:58.181 [JavaFX Application Thread] INFO  com.stickpoint.ddmusic.App - JavaFX 版本: 21.0.7
21:48:58.182 [JavaFX Application Thread] INFO  com.stickpoint.ddmusic.App - 工作目录: E:\codeData\javaProject\javafx-ddmusic\ddmuisc2
21:50:37.414 [JavaFX Application Thread] INFO  com.stickpoint.ddmusic.App - === 应用启动调试信息 ===
21:50:37.415 [JavaFX Application Thread] INFO  com.stickpoint.ddmusic.App - Java 版本: 21.0.8
21:50:37.415 [JavaFX Application Thread] INFO  com.stickpoint.ddmusic.App - JavaFX 版本: 21.0.7
21:50:37.416 [JavaFX Application Thread] INFO  com.stickpoint.ddmusic.App - 工作目录: E:\codeData\javaProject\javafx-ddmusic\ddmuisc2
21:51:32.333 [JavaFX Application Thread] INFO  com.stickpoint.ddmusic.App - === 应用启动调试信息 ===
21:51:32.335 [JavaFX Application Thread] INFO  com.stickpoint.ddmusic.App - Java 版本: 21.0.8
21:51:32.336 [JavaFX Application Thread] INFO  com.stickpoint.ddmusic.App - JavaFX 版本: 21.0.7
21:51:32.336 [JavaFX Application Thread] INFO  com.stickpoint.ddmusic.App - 工作目录: E:\codeData\javaProject\javafx-ddmusic\ddmuisc2
21:52:27.050 [JavaFX Application Thread] INFO  com.stickpoint.ddmusic.App - === 应用启动调试信息 ===
21:52:27.052 [JavaFX Application Thread] INFO  com.stickpoint.ddmusic.App - Java 版本: 21.0.8
21:52:27.052 [JavaFX Application Thread] INFO  com.stickpoint.ddmusic.App - JavaFX 版本: 21.0.7
21:52:27.053 [JavaFX Application Thread] INFO  com.stickpoint.ddmusic.App - 工作目录: E:\codeData\javaProject\javafx-ddmusic\ddmuisc2
21:54:22.714 [JavaFX Application Thread] INFO  com.stickpoint.ddmusic.App - === 应用启动调试信息 ===
21:54:22.716 [JavaFX Application Thread] INFO  com.stickpoint.ddmusic.App - Java 版本: 21.0.8
21:54:22.716 [JavaFX Application Thread] INFO  com.stickpoint.ddmusic.App - JavaFX 版本: 21.0.7
21:54:22.716 [JavaFX Application Thread] INFO  com.stickpoint.ddmusic.App - 工作目录: E:\codeData\javaProject\javafx-ddmusic\ddmuisc2
21:54:23.490 [JavaFX Application Thread] INFO  c.s.ddmusic.common.utils.ConfigUtils - 配置文件读取成功: C:\Users\Administrator\ddmusic.dd
21:54:23.498 [JavaFX Application Thread] INFO  c.s.d.p.n.MusicPlayDetailContainer - 旋转角度: 60.0
21:58:26.057 [JavaFX Application Thread] INFO  com.stickpoint.ddmusic.App - === 应用启动调试信息 ===
21:58:26.060 [JavaFX Application Thread] INFO  com.stickpoint.ddmusic.App - Java 版本: 21.0.8
21:58:26.061 [JavaFX Application Thread] INFO  com.stickpoint.ddmusic.App - JavaFX 版本: 21.0.7
21:58:26.061 [JavaFX Application Thread] INFO  com.stickpoint.ddmusic.App - 工作目录: E:\codeData\javaProject\javafx-ddmusic\ddmuisc2
21:58:27.273 [JavaFX Application Thread] INFO  c.s.ddmusic.common.utils.ConfigUtils - 配置文件读取成功: C:\Users\Administrator\ddmusic.dd
21:58:27.289 [JavaFX Application Thread] INFO  c.s.d.p.n.MusicPlayDetailContainer - 旋转角度: 60.0
21:58:32.970 [JavaFX Application Thread] INFO  c.s.d.p.node.HomePageMenuItemPanel - === ToggleGroup 监听器被触发 ===
21:58:32.971 [JavaFX Application Thread] INFO  c.s.d.p.node.HomePageMenuItemPanel - oldToggle: null
21:58:32.971 [JavaFX Application Thread] INFO  c.s.d.p.node.HomePageMenuItemPanel - newToggle: recommend
21:58:32.971 [JavaFX Application Thread] INFO  c.s.d.p.node.HomePageMenuItemPanel - 当前选中的菜单项：recommend
21:58:32.972 [JavaFX Application Thread] INFO  c.s.d.p.node.HomePageMenuItemPanel - ================================
21:59:52.175 [JavaFX Application Thread] INFO  com.stickpoint.ddmusic.App - === 应用启动调试信息 ===
21:59:52.177 [JavaFX Application Thread] INFO  com.stickpoint.ddmusic.App - Java 版本: 21.0.8
21:59:52.177 [JavaFX Application Thread] INFO  com.stickpoint.ddmusic.App - JavaFX 版本: 21.0.7
21:59:52.179 [JavaFX Application Thread] INFO  com.stickpoint.ddmusic.App - 工作目录: E:\codeData\javaProject\javafx-ddmusic\ddmuisc2
21:59:52.179 [JavaFX Application Thread] INFO  com.stickpoint.ddmusic.App - 1. 开始创建 HomePage
21:59:53.530 [JavaFX Application Thread] INFO  c.s.ddmusic.common.utils.ConfigUtils - 配置文件读取成功: C:\Users\Administrator\ddmusic.dd
21:59:53.536 [JavaFX Application Thread] INFO  c.s.d.p.n.MusicPlayDetailContainer - 旋转角度: 60.0
21:59:53.617 [JavaFX Application Thread] INFO  com.stickpoint.ddmusic.App - 2. HomePage 创建成功
21:59:53.618 [JavaFX Application Thread] INFO  com.stickpoint.ddmusic.App - 3. 开始创建场景
21:59:53.733 [JavaFX Application Thread] INFO  com.stickpoint.ddmusic.App - 4. 场景创建成功
21:59:53.734 [JavaFX Application Thread] INFO  com.stickpoint.ddmusic.App - 5. 设置舞台属性
21:59:53.735 [JavaFX Application Thread] INFO  com.stickpoint.ddmusic.App - 6. 舞台属性设置完成
21:59:53.736 [JavaFX Application Thread] INFO  com.stickpoint.ddmusic.App - 7. 加载图标
21:59:53.737 [JavaFX Application Thread] INFO  com.stickpoint.ddmusic.App - 图标URL: file:/E:/codeData/javaProject/javafx-ddmusic/ddmuisc2/target/classes/img/logo.svg
21:59:53.738 [JavaFX Application Thread] INFO  com.stickpoint.ddmusic.App - 8. 图标加载成功
21:59:53.738 [JavaFX Application Thread] INFO  com.stickpoint.ddmusic.App - 9. 显示舞台
21:59:54.092 [JavaFX Application Thread] INFO  com.stickpoint.ddmusic.App - 10. 添加窗口缩放支持
21:59:54.093 [JavaFX Application Thread] INFO  com.stickpoint.ddmusic.App - 11. 居中显示
21:59:54.094 [JavaFX Application Thread] INFO  com.stickpoint.ddmusic.App - 12. 应用启动完成
22:01:39.793 [Thread-76] INFO  c.s.d.p.node.SearchResultContainer - 开始搜索关键词: 关机又关机
22:01:39.795 [Thread-76] INFO  c.s.d.common.utils.TuneHubApiUtils - 聚合搜索歌曲: 关键词=关机又关机
22:01:40.825 [Thread-76] INFO  c.s.d.p.node.SearchResultContainer - 搜索结果JSON: {"code":200,"message":"success","data":{"keyword":"关机又关机","limit":10,"page":1,"platforms":["netease","qq","kuwo"],"platformStats":{"netease":{"success":true,"count":10,"duration":543,"error":null},"qq":{"success":false,"count":0,"duration":581,"error":"搜索重试次数过多"},"kuwo":{"success":true,"count":10,"duration":150,"error":null}},"total":20,"results":[{"id":"1811408619","name":"关机又关机","artist":"YangYang","album":"关机又关机","platform":"netease","url":"https://music-dl.sayqz.com/api/?source=netease&id=1811408619&type=url","pic":"https://music-dl.sayqz.com/api/?source=netease&id=1811408619&type=pic","lrc":"https://music-dl.sayqz.com/api/?source=netease&id=1811408619&type=lrc"},{"id":"161989241","name":"关机又关机","artist":"YangYang","album":"关机又关机","platform":"kuwo","url":"https://music-dl.sayqz.com/api/?source=kuwo&id=161989241&type=url","pic":"https://music-dl.sayqz.com/api/?source=kuwo&id=161989241&type=pic","lrc":"https://music-dl.sayqz.com/api/?source=kuwo&id=161989241&type=lrc"},{"id":"2143695205","name":"关机又关机","artist":"丸子","album":"关机又关机","platform":"netease","url":"https://music-dl.sayqz.com/api/?source=netease&id=2143695205&type=url","pic":"https://music-dl.sayqz.com/api/?source=netease&id=2143695205&type=pic","lrc":"https://music-dl.sayqz.com/api/?source=netease&id=2143695205&type=lrc"},{"id":"163308104","name":"关机又关机（女声版）","artist":"念慈","album":"关机又关机","platform":"kuwo","url":"https://music-dl.sayqz.com/api/?source=kuwo&id=163308104&type=url","pic":"https://music-dl.sayqz.com/api/?source=kuwo&id=163308104&type=pic","lrc":"https://music-dl.sayqz.com/api/?source=kuwo&id=163308104&type=lrc"},{"id":"2641398715","name":"关机又关机 (0.8x)","artist":"Tafzero","album":"关机","platform":"netease","url":"https://music-dl.sayqz.com/api/?source=netease&id=2641398715&type=url","pic":"https://music-dl.sayqz.com/api/?source=netease&id=2641398715&type=pic","lrc":"https://music-dl.sayqz.com/api/?source=netease&id=2641398715&type=lrc"},{"id":"171577449","name":"关机又关机 (太空版) (cover: 陆鳐LuLu)","artist":"陆鳐LuLu","album":"Melodic","platform":"kuwo","url":"https://music-dl.sayqz.com/api/?source=kuwo&id=171577449&type=url","pic":"https://music-dl.sayqz.com/api/?source=kuwo&id=171577449&type=pic","lrc":"https://music-dl.sayqz.com/api/?source=kuwo&id=171577449&type=lrc"},{"id":"2637136123","name":"关机又关机","artist":"墨明初雪","album":"初雪","platform":"netease","url":"https://music-dl.sayqz.com/api/?source=netease&id=2637136123&type=url","pic":"https://music-dl.sayqz.com/api/?source=netease&id=2637136123&type=pic","lrc":"https://music-dl.sayqz.com/api/?source=netease&id=2637136123&type=lrc"},{"id":"162137810","name":"关机又关机","artist":"洛天依","album":"关机又关机","platform":"kuwo","url":"https://music-dl.sayqz.com/api/?source=kuwo&id=162137810&type=url","pic":"https://music-dl.sayqz.com/api/?source=kuwo&id=162137810&type=pic","lrc":"https://music-dl.sayqz.com/api/?source=kuwo&id=162137810&type=lrc"},{"id":"2106836013","name":"关机又关机","artist":"不高兴","album":"2023","platform":"netease","url":"https://music-dl.sayqz.com/api/?source=netease&id=2106836013&type=url","pic":"https://music-dl.sayqz.com/api/?source=netease&id=2106836013&type=pic","lrc":"https://music-dl.sayqz.com/api/?source=netease&id=2106836013&type=lrc"},{"id":"163429591","name":"关机又关机 (片段)","artist":"旺仔小乔","album":"","platform":"kuwo","url":"https://music-dl.sayqz.com/api/?source=kuwo&id=163429591&type=url","pic":"https://music-dl.sayqz.com/api/?source=kuwo&id=163429591&type=pic","lrc":"https://music-dl.sayqz.com/api/?source=kuwo&id=163429591&type=lrc"},{"id":"2154589108","name":"关机又关机","artist":"小咪咪","album":"孤单北半球 (Live)","platform":"netease","url":"https://music-dl.sayqz.com/api/?source=netease&id=2154589108&type=url","pic":"https://music-dl.sayqz.com/api/?source=netease&id=2154589108&type=pic","lrc":"https://music-dl.sayqz.com/api/?source=netease&id=2154589108&type=lrc"},{"id":"162957523","name":"关机又关机 (片段)","artist":"皮卡丘多多","album":"","platform":"kuwo","url":"https://music-dl.sayqz.com/api/?source=kuwo&id=162957523&type=url","pic":"https://music-dl.sayqz.com/api/?source=kuwo&id=162957523&type=pic","lrc":"https://music-dl.sayqz.com/api/?source=kuwo&id=162957523&type=lrc"},{"id":"1486763122","name":"哎呦喂","artist":"YangYang","album":"哎呦喂","platform":"netease","url":"https://music-dl.sayqz.com/api/?source=netease&id=1486763122&type=url","pic":"https://music-dl.sayqz.com/api/?source=netease&id=1486763122&type=pic","lrc":"https://music-dl.sayqz.com/api/?source=netease&id=1486763122&type=lrc"},{"id":"168452592","name":"关机又关机","artist":"呆呆破","album":"","platform":"kuwo","url":"https://music-dl.sayqz.com/api/?source=kuwo&id=168452592&type=url","pic":"https://music-dl.sayqz.com/api/?source=kuwo&id=168452592&type=pic","lrc":"https://music-dl.sayqz.com/api/?source=kuwo&id=168452592&type=lrc"},{"id":"2714372725","name":"关机又关机","artist":"旺仔小乔","album":"","platform":"netease","url":"https://music-dl.sayqz.com/api/?source=netease&id=2714372725&type=url","pic":"https://music-dl.sayqz.com/api/?source=netease&id=2714372725&type=pic","lrc":"https://music-dl.sayqz.com/api/?source=netease&id=2714372725&type=lrc"},{"id":"163831814","name":"关机又关机 (片段)","artist":"七叔（叶泽浩）","album":"","platform":"kuwo","url":"https://music-dl.sayqz.com/api/?source=kuwo&id=163831814&type=url","pic":"https://music-dl.sayqz.com/api/?source=kuwo&id=163831814&type=pic","lrc":"https://music-dl.sayqz.com/api/?source=kuwo&id=163831814&type=lrc"},{"id":"1811408621","name":"关机又关机（伴奏 和声版）","artist":"YangYang","album":"关机又关机","platform":"netease","url":"https://music-dl.sayqz.com/api/?source=netease&id=1811408621&type=url","pic":"https://music-dl.sayqz.com/api/?source=netease&id=1811408621&type=pic","lrc":"https://music-dl.sayqz.com/api/?source=netease&id=1811408621&type=lrc"},{"id":"372082823","name":"关机又关机","artist":"麦小兜","album":"","platform":"kuwo","url":"https://music-dl.sayqz.com/api/?source=kuwo&id=372082823&type=url","pic":"https://music-dl.sayqz.com/api/?source=kuwo&id=372082823&type=pic","lrc":"https://music-dl.sayqz.com/api/?source=kuwo&id=372082823&type=lrc"},{"id":"2099939962","name":"疤痕体质","artist":"YangYang","album":"疤痕体质","platform":"netease","url":"https://music-dl.sayqz.com/api/?source=netease&id=2099939962&type=url","pic":"https://music-dl.sayqz.com/api/?source=netease&id=2099939962&type=pic","lrc":"https://music-dl.sayqz.com/api/?source=netease&id=2099939962&type=lrc"},{"id":"445181162","name":"关机又关机 (奥特曼版片段)","artist":"二次元空间","album":"奥特曼版歌曲集合·","platform":"kuwo","url":"https://music-dl.sayqz.com/api/?source=kuwo&id=445181162&type=url","pic":"https://music-dl.sayqz.com/api/?source=kuwo&id=445181162&type=pic","lrc":"https://music-dl.sayqz.com/api/?source=kuwo&id=445181162&type=lrc"}]},"timestamp":"2026-01-23T22:01:40.431+08:00"}
22:01:40.833 [Thread-76] INFO  c.s.d.p.node.SearchResultContainer - 搜索结果数量: 20
