19:04:04.675 [JavaFX Application Thread] INFO  com.stickpoint.ddmusic.App - === 应用启动调试信息 ===
19:04:04.676 [JavaFX Application Thread] INFO  com.stickpoint.ddmusic.App - Java 版本: 21.0.7
19:04:04.676 [JavaFX Application Thread] INFO  com.stickpoint.ddmusic.App - JavaFX 版本: 21.0.7
19:04:04.677 [JavaFX Application Thread] INFO  com.stickpoint.ddmusic.App - 工作目录: G:\codeData\java\javafxProjects\bendy2025\ddmusic
19:04:04.677 [JavaFX Application Thread] INFO  com.stickpoint.ddmusic.App - 1. 开始创建 HomePage
19:04:05.398 [JavaFX Application Thread] INFO  com.stickpoint.ddmusic.App - 2. HomePage 创建成功
19:04:05.399 [JavaFX Application Thread] INFO  com.stickpoint.ddmusic.App - 3. 开始创建场景
19:04:05.423 [JavaFX Application Thread] INFO  com.stickpoint.ddmusic.App - 4. 场景创建成功
19:04:05.424 [JavaFX Application Thread] INFO  com.stickpoint.ddmusic.App - 5. 设置舞台属性
19:04:05.424 [JavaFX Application Thread] INFO  com.stickpoint.ddmusic.App - 6. 舞台属性设置完成
19:04:05.424 [JavaFX Application Thread] INFO  com.stickpoint.ddmusic.App - 7. 加载图标
19:04:05.425 [JavaFX Application Thread] INFO  com.stickpoint.ddmusic.App - 图标URL: file:/G:/codeData/java/javafxProjects/bendy2025/ddmusic/target/classes/img/logo.svg
19:04:05.426 [JavaFX Application Thread] INFO  com.stickpoint.ddmusic.App - 8. 图标加载成功
19:04:05.427 [JavaFX Application Thread] INFO  com.stickpoint.ddmusic.App - 9. 显示舞台
19:04:05.654 [JavaFX Application Thread] INFO  com.stickpoint.ddmusic.App - 10. 添加窗口缩放支持
19:04:05.657 [JavaFX Application Thread] INFO  com.stickpoint.ddmusic.App - 11. 居中显示
19:04:05.657 [JavaFX Application Thread] INFO  com.stickpoint.ddmusic.App - 12. 应用启动完成
19:11:58.351 [JavaFX Application Thread] INFO  com.stickpoint.ddmusic.App - === 应用启动调试信息 ===
19:11:58.352 [JavaFX Application Thread] INFO  com.stickpoint.ddmusic.App - Java 版本: 21.0.7
19:11:58.352 [JavaFX Application Thread] INFO  com.stickpoint.ddmusic.App - JavaFX 版本: 21.0.7
19:11:58.352 [JavaFX Application Thread] INFO  com.stickpoint.ddmusic.App - 工作目录: G:\codeData\java\javafxProjects\bendy2025\ddmusic
19:11:58.353 [JavaFX Application Thread] INFO  com.stickpoint.ddmusic.App - 1. 开始创建 HomePage
19:11:58.820 [JavaFX Application Thread] INFO  com.stickpoint.ddmusic.App - 2. HomePage 创建成功
19:11:58.821 [JavaFX Application Thread] INFO  com.stickpoint.ddmusic.App - 3. 开始创建场景
19:11:58.848 [JavaFX Application Thread] INFO  com.stickpoint.ddmusic.App - 4. 场景创建成功
19:11:58.849 [JavaFX Application Thread] INFO  com.stickpoint.ddmusic.App - 5. 设置舞台属性
19:11:58.849 [JavaFX Application Thread] INFO  com.stickpoint.ddmusic.App - 6. 舞台属性设置完成
19:11:58.849 [JavaFX Application Thread] INFO  com.stickpoint.ddmusic.App - 7. 加载图标
19:11:58.850 [JavaFX Application Thread] INFO  com.stickpoint.ddmusic.App - 图标URL: file:/G:/codeData/java/javafxProjects/bendy2025/ddmusic/target/classes/img/logo.svg
19:11:58.850 [JavaFX Application Thread] INFO  com.stickpoint.ddmusic.App - 8. 图标加载成功
19:11:58.850 [JavaFX Application Thread] INFO  com.stickpoint.ddmusic.App - 9. 显示舞台
19:11:59.043 [JavaFX Application Thread] INFO  com.stickpoint.ddmusic.App - 10. 添加窗口缩放支持
19:11:59.044 [JavaFX Application Thread] INFO  com.stickpoint.ddmusic.App - 11. 居中显示
19:11:59.044 [JavaFX Application Thread] INFO  com.stickpoint.ddmusic.App - 12. 应用启动完成
19:12:44.220 [JavaFX Application Thread] INFO  com.stickpoint.ddmusic.App - === 应用启动调试信息 ===
19:12:44.222 [JavaFX Application Thread] INFO  com.stickpoint.ddmusic.App - Java 版本: 21.0.7
19:12:44.222 [JavaFX Application Thread] INFO  com.stickpoint.ddmusic.App - JavaFX 版本: 21.0.7
19:12:44.222 [JavaFX Application Thread] INFO  com.stickpoint.ddmusic.App - 工作目录: G:\codeData\java\javafxProjects\bendy2025\ddmusic
19:12:44.223 [JavaFX Application Thread] INFO  com.stickpoint.ddmusic.App - 1. 开始创建 HomePage
19:12:44.987 [JavaFX Application Thread] INFO  com.stickpoint.ddmusic.App - 2. HomePage 创建成功
19:12:44.987 [JavaFX Application Thread] INFO  com.stickpoint.ddmusic.App - 3. 开始创建场景
19:12:45.009 [JavaFX Application Thread] INFO  com.stickpoint.ddmusic.App - 4. 场景创建成功
19:12:45.010 [JavaFX Application Thread] INFO  com.stickpoint.ddmusic.App - 5. 设置舞台属性
19:12:45.010 [JavaFX Application Thread] INFO  com.stickpoint.ddmusic.App - 6. 舞台属性设置完成
19:12:45.010 [JavaFX Application Thread] INFO  com.stickpoint.ddmusic.App - 7. 加载图标
19:12:45.011 [JavaFX Application Thread] INFO  com.stickpoint.ddmusic.App - 图标URL: file:/G:/codeData/java/javafxProjects/bendy2025/ddmusic/target/classes/img/logo.svg
19:12:45.012 [JavaFX Application Thread] INFO  com.stickpoint.ddmusic.App - 8. 图标加载成功
19:12:45.012 [JavaFX Application Thread] INFO  com.stickpoint.ddmusic.App - 9. 显示舞台
19:12:45.230 [JavaFX Application Thread] INFO  com.stickpoint.ddmusic.App - 10. 添加窗口缩放支持
19:12:45.232 [JavaFX Application Thread] INFO  com.stickpoint.ddmusic.App - 11. 居中显示
19:12:45.232 [JavaFX Application Thread] INFO  com.stickpoint.ddmusic.App - 12. 应用启动完成
19:13:06.218 [JavaFX Application Thread] INFO  com.stickpoint.ddmusic.App - === 应用启动调试信息 ===
19:13:06.220 [JavaFX Application Thread] INFO  com.stickpoint.ddmusic.App - Java 版本: 21.0.7
19:13:06.220 [JavaFX Application Thread] INFO  com.stickpoint.ddmusic.App - JavaFX 版本: 21.0.7
19:13:06.220 [JavaFX Application Thread] INFO  com.stickpoint.ddmusic.App - 工作目录: G:\codeData\java\javafxProjects\bendy2025\ddmusic
19:13:06.220 [JavaFX Application Thread] INFO  com.stickpoint.ddmusic.App - 1. 开始创建 HomePage
19:13:06.817 [JavaFX Application Thread] INFO  com.stickpoint.ddmusic.App - 2. HomePage 创建成功
19:13:06.817 [JavaFX Application Thread] INFO  com.stickpoint.ddmusic.App - 3. 开始创建场景
19:13:06.836 [JavaFX Application Thread] INFO  com.stickpoint.ddmusic.App - 4. 场景创建成功
19:13:06.837 [JavaFX Application Thread] INFO  com.stickpoint.ddmusic.App - 5. 设置舞台属性
19:13:06.837 [JavaFX Application Thread] INFO  com.stickpoint.ddmusic.App - 6. 舞台属性设置完成
19:13:06.837 [JavaFX Application Thread] INFO  com.stickpoint.ddmusic.App - 7. 加载图标
19:13:06.838 [JavaFX Application Thread] INFO  com.stickpoint.ddmusic.App - 图标URL: file:/G:/codeData/java/javafxProjects/bendy2025/ddmusic/target/classes/img/logo.svg
19:13:06.838 [JavaFX Application Thread] INFO  com.stickpoint.ddmusic.App - 8. 图标加载成功
19:13:06.839 [JavaFX Application Thread] INFO  com.stickpoint.ddmusic.App - 9. 显示舞台
19:13:07.053 [JavaFX Application Thread] INFO  com.stickpoint.ddmusic.App - 10. 添加窗口缩放支持
19:13:07.054 [JavaFX Application Thread] INFO  com.stickpoint.ddmusic.App - 11. 居中显示
19:13:07.054 [JavaFX Application Thread] INFO  com.stickpoint.ddmusic.App - 12. 应用启动完成
19:14:55.634 [JavaFX Application Thread] INFO  com.stickpoint.ddmusic.App - === 应用启动调试信息 ===
19:14:55.635 [JavaFX Application Thread] INFO  com.stickpoint.ddmusic.App - Java 版本: 21.0.7
19:14:55.635 [JavaFX Application Thread] INFO  com.stickpoint.ddmusic.App - JavaFX 版本: 21.0.7
19:14:55.635 [JavaFX Application Thread] INFO  com.stickpoint.ddmusic.App - 工作目录: G:\codeData\java\javafxProjects\bendy2025\ddmusic
19:14:55.635 [JavaFX Application Thread] INFO  com.stickpoint.ddmusic.App - 1. 开始创建 HomePage
19:14:56.131 [JavaFX Application Thread] INFO  com.stickpoint.ddmusic.App - 2. HomePage 创建成功
19:14:56.131 [JavaFX Application Thread] INFO  com.stickpoint.ddmusic.App - 3. 开始创建场景
19:14:56.149 [JavaFX Application Thread] INFO  com.stickpoint.ddmusic.App - 4. 场景创建成功
19:14:56.150 [JavaFX Application Thread] INFO  com.stickpoint.ddmusic.App - 5. 设置舞台属性
19:14:56.150 [JavaFX Application Thread] INFO  com.stickpoint.ddmusic.App - 6. 舞台属性设置完成
19:14:56.150 [JavaFX Application Thread] INFO  com.stickpoint.ddmusic.App - 7. 加载图标
19:14:56.150 [JavaFX Application Thread] INFO  com.stickpoint.ddmusic.App - 图标URL: file:/G:/codeData/java/javafxProjects/bendy2025/ddmusic/target/classes/img/logo.svg
19:14:56.151 [JavaFX Application Thread] INFO  com.stickpoint.ddmusic.App - 8. 图标加载成功
19:14:56.151 [JavaFX Application Thread] INFO  com.stickpoint.ddmusic.App - 9. 显示舞台
19:14:56.372 [JavaFX Application Thread] INFO  com.stickpoint.ddmusic.App - 10. 添加窗口缩放支持
19:14:56.373 [JavaFX Application Thread] INFO  com.stickpoint.ddmusic.App - 11. 居中显示
19:14:56.373 [JavaFX Application Thread] INFO  com.stickpoint.ddmusic.App - 12. 应用启动完成
19:15:17.973 [JavaFX Application Thread] INFO  com.stickpoint.ddmusic.App - === 应用启动调试信息 ===
19:15:17.975 [JavaFX Application Thread] INFO  com.stickpoint.ddmusic.App - Java 版本: 21.0.7
19:15:17.975 [JavaFX Application Thread] INFO  com.stickpoint.ddmusic.App - JavaFX 版本: 21.0.7
19:15:17.975 [JavaFX Application Thread] INFO  com.stickpoint.ddmusic.App - 工作目录: G:\codeData\java\javafxProjects\bendy2025\ddmusic
19:15:17.975 [JavaFX Application Thread] INFO  com.stickpoint.ddmusic.App - 1. 开始创建 HomePage
19:15:18.460 [JavaFX Application Thread] INFO  com.stickpoint.ddmusic.App - 2. HomePage 创建成功
19:15:18.460 [JavaFX Application Thread] INFO  com.stickpoint.ddmusic.App - 3. 开始创建场景
19:15:18.478 [JavaFX Application Thread] INFO  com.stickpoint.ddmusic.App - 4. 场景创建成功
19:15:18.478 [JavaFX Application Thread] INFO  com.stickpoint.ddmusic.App - 5. 设置舞台属性
19:15:18.478 [JavaFX Application Thread] INFO  com.stickpoint.ddmusic.App - 6. 舞台属性设置完成
19:15:18.479 [JavaFX Application Thread] INFO  com.stickpoint.ddmusic.App - 7. 加载图标
19:15:18.479 [JavaFX Application Thread] INFO  com.stickpoint.ddmusic.App - 图标URL: file:/G:/codeData/java/javafxProjects/bendy2025/ddmusic/target/classes/img/logo.svg
19:15:18.479 [JavaFX Application Thread] INFO  com.stickpoint.ddmusic.App - 8. 图标加载成功
19:15:18.480 [JavaFX Application Thread] INFO  com.stickpoint.ddmusic.App - 9. 显示舞台
19:15:18.696 [JavaFX Application Thread] INFO  com.stickpoint.ddmusic.App - 10. 添加窗口缩放支持
19:15:18.697 [JavaFX Application Thread] INFO  com.stickpoint.ddmusic.App - 11. 居中显示
19:15:18.697 [JavaFX Application Thread] INFO  com.stickpoint.ddmusic.App - 12. 应用启动完成
19:15:46.736 [JavaFX Application Thread] INFO  com.stickpoint.ddmusic.App - === 应用启动调试信息 ===
19:15:46.738 [JavaFX Application Thread] INFO  com.stickpoint.ddmusic.App - Java 版本: 21.0.7
19:15:46.738 [JavaFX Application Thread] INFO  com.stickpoint.ddmusic.App - JavaFX 版本: 21.0.7
19:15:46.738 [JavaFX Application Thread] INFO  com.stickpoint.ddmusic.App - 工作目录: G:\codeData\java\javafxProjects\bendy2025\ddmusic
19:15:46.738 [JavaFX Application Thread] INFO  com.stickpoint.ddmusic.App - 1. 开始创建 HomePage
19:15:47.266 [JavaFX Application Thread] INFO  com.stickpoint.ddmusic.App - 2. HomePage 创建成功
19:15:47.267 [JavaFX Application Thread] INFO  com.stickpoint.ddmusic.App - 3. 开始创建场景
19:15:47.285 [JavaFX Application Thread] INFO  com.stickpoint.ddmusic.App - 4. 场景创建成功
19:15:47.285 [JavaFX Application Thread] INFO  com.stickpoint.ddmusic.App - 5. 设置舞台属性
19:15:47.285 [JavaFX Application Thread] INFO  com.stickpoint.ddmusic.App - 6. 舞台属性设置完成
19:15:47.286 [JavaFX Application Thread] INFO  com.stickpoint.ddmusic.App - 7. 加载图标
19:15:47.286 [JavaFX Application Thread] INFO  com.stickpoint.ddmusic.App - 图标URL: file:/G:/codeData/java/javafxProjects/bendy2025/ddmusic/target/classes/img/logo.svg
19:15:47.286 [JavaFX Application Thread] INFO  com.stickpoint.ddmusic.App - 8. 图标加载成功
19:15:47.287 [JavaFX Application Thread] INFO  com.stickpoint.ddmusic.App - 9. 显示舞台
19:15:47.509 [JavaFX Application Thread] INFO  com.stickpoint.ddmusic.App - 10. 添加窗口缩放支持
19:15:47.511 [JavaFX Application Thread] INFO  com.stickpoint.ddmusic.App - 11. 居中显示
19:15:47.511 [JavaFX Application Thread] INFO  com.stickpoint.ddmusic.App - 12. 应用启动完成
19:16:20.637 [JavaFX Application Thread] INFO  com.stickpoint.ddmusic.App - === 应用启动调试信息 ===
19:16:20.639 [JavaFX Application Thread] INFO  com.stickpoint.ddmusic.App - Java 版本: 21.0.7
19:16:20.639 [JavaFX Application Thread] INFO  com.stickpoint.ddmusic.App - JavaFX 版本: 21.0.7
19:16:20.639 [JavaFX Application Thread] INFO  com.stickpoint.ddmusic.App - 工作目录: G:\codeData\java\javafxProjects\bendy2025\ddmusic
19:16:20.639 [JavaFX Application Thread] INFO  com.stickpoint.ddmusic.App - 1. 开始创建 HomePage
19:16:21.147 [JavaFX Application Thread] INFO  com.stickpoint.ddmusic.App - 2. HomePage 创建成功
19:16:21.147 [JavaFX Application Thread] INFO  com.stickpoint.ddmusic.App - 3. 开始创建场景
19:16:21.166 [JavaFX Application Thread] INFO  com.stickpoint.ddmusic.App - 4. 场景创建成功
19:16:21.166 [JavaFX Application Thread] INFO  com.stickpoint.ddmusic.App - 5. 设置舞台属性
19:16:21.167 [JavaFX Application Thread] INFO  com.stickpoint.ddmusic.App - 6. 舞台属性设置完成
19:16:21.167 [JavaFX Application Thread] INFO  com.stickpoint.ddmusic.App - 7. 加载图标
19:16:21.167 [JavaFX Application Thread] INFO  com.stickpoint.ddmusic.App - 图标URL: file:/G:/codeData/java/javafxProjects/bendy2025/ddmusic/target/classes/img/logo.svg
19:16:21.168 [JavaFX Application Thread] INFO  com.stickpoint.ddmusic.App - 8. 图标加载成功
19:16:21.168 [JavaFX Application Thread] INFO  com.stickpoint.ddmusic.App - 9. 显示舞台
19:16:21.380 [JavaFX Application Thread] INFO  com.stickpoint.ddmusic.App - 10. 添加窗口缩放支持
19:16:21.381 [JavaFX Application Thread] INFO  com.stickpoint.ddmusic.App - 11. 居中显示
19:16:21.381 [JavaFX Application Thread] INFO  com.stickpoint.ddmusic.App - 12. 应用启动完成
19:16:55.759 [JavaFX Application Thread] INFO  com.stickpoint.ddmusic.App - === 应用启动调试信息 ===
19:16:55.760 [JavaFX Application Thread] INFO  com.stickpoint.ddmusic.App - Java 版本: 21.0.7
19:16:55.760 [JavaFX Application Thread] INFO  com.stickpoint.ddmusic.App - JavaFX 版本: 21.0.7
19:16:55.760 [JavaFX Application Thread] INFO  com.stickpoint.ddmusic.App - 工作目录: G:\codeData\java\javafxProjects\bendy2025\ddmusic
19:16:55.761 [JavaFX Application Thread] INFO  com.stickpoint.ddmusic.App - 1. 开始创建 HomePage
19:16:56.221 [JavaFX Application Thread] INFO  com.stickpoint.ddmusic.App - 2. HomePage 创建成功
19:16:56.221 [JavaFX Application Thread] INFO  com.stickpoint.ddmusic.App - 3. 开始创建场景
19:16:56.239 [JavaFX Application Thread] INFO  com.stickpoint.ddmusic.App - 4. 场景创建成功
19:16:56.239 [JavaFX Application Thread] INFO  com.stickpoint.ddmusic.App - 5. 设置舞台属性
19:16:56.239 [JavaFX Application Thread] INFO  com.stickpoint.ddmusic.App - 6. 舞台属性设置完成
19:16:56.239 [JavaFX Application Thread] INFO  com.stickpoint.ddmusic.App - 7. 加载图标
19:16:56.241 [JavaFX Application Thread] INFO  com.stickpoint.ddmusic.App - 图标URL: file:/G:/codeData/java/javafxProjects/bendy2025/ddmusic/target/classes/img/logo.svg
19:16:56.241 [JavaFX Application Thread] INFO  com.stickpoint.ddmusic.App - 8. 图标加载成功
19:16:56.241 [JavaFX Application Thread] INFO  com.stickpoint.ddmusic.App - 9. 显示舞台
19:16:56.447 [JavaFX Application Thread] INFO  com.stickpoint.ddmusic.App - 10. 添加窗口缩放支持
19:16:56.448 [JavaFX Application Thread] INFO  com.stickpoint.ddmusic.App - 11. 居中显示
19:16:56.448 [JavaFX Application Thread] INFO  com.stickpoint.ddmusic.App - 12. 应用启动完成
19:17:44.098 [JavaFX Application Thread] INFO  com.stickpoint.ddmusic.App - === 应用启动调试信息 ===
19:17:44.099 [JavaFX Application Thread] INFO  com.stickpoint.ddmusic.App - Java 版本: 21.0.7
19:17:44.099 [JavaFX Application Thread] INFO  com.stickpoint.ddmusic.App - JavaFX 版本: 21.0.7
19:17:44.101 [JavaFX Application Thread] INFO  com.stickpoint.ddmusic.App - 工作目录: G:\codeData\java\javafxProjects\bendy2025\ddmusic
19:17:44.101 [JavaFX Application Thread] INFO  com.stickpoint.ddmusic.App - 1. 开始创建 HomePage
19:17:44.614 [JavaFX Application Thread] INFO  com.stickpoint.ddmusic.App - 2. HomePage 创建成功
19:17:44.614 [JavaFX Application Thread] INFO  com.stickpoint.ddmusic.App - 3. 开始创建场景
19:17:44.634 [JavaFX Application Thread] INFO  com.stickpoint.ddmusic.App - 4. 场景创建成功
19:17:44.634 [JavaFX Application Thread] INFO  com.stickpoint.ddmusic.App - 5. 设置舞台属性
19:17:44.635 [JavaFX Application Thread] INFO  com.stickpoint.ddmusic.App - 6. 舞台属性设置完成
19:17:44.635 [JavaFX Application Thread] INFO  com.stickpoint.ddmusic.App - 7. 加载图标
19:17:44.636 [JavaFX Application Thread] INFO  com.stickpoint.ddmusic.App - 图标URL: file:/G:/codeData/java/javafxProjects/bendy2025/ddmusic/target/classes/img/logo.svg
19:17:44.636 [JavaFX Application Thread] INFO  com.stickpoint.ddmusic.App - 8. 图标加载成功
19:17:44.636 [JavaFX Application Thread] INFO  com.stickpoint.ddmusic.App - 9. 显示舞台
19:17:44.853 [JavaFX Application Thread] INFO  com.stickpoint.ddmusic.App - 10. 添加窗口缩放支持
19:17:44.854 [JavaFX Application Thread] INFO  com.stickpoint.ddmusic.App - 11. 居中显示
19:17:44.854 [JavaFX Application Thread] INFO  com.stickpoint.ddmusic.App - 12. 应用启动完成
19:18:12.804 [JavaFX Application Thread] INFO  com.stickpoint.ddmusic.App - === 应用启动调试信息 ===
19:18:12.806 [JavaFX Application Thread] INFO  com.stickpoint.ddmusic.App - Java 版本: 21.0.7
19:18:12.806 [JavaFX Application Thread] INFO  com.stickpoint.ddmusic.App - JavaFX 版本: 21.0.7
19:18:12.806 [JavaFX Application Thread] INFO  com.stickpoint.ddmusic.App - 工作目录: G:\codeData\java\javafxProjects\bendy2025\ddmusic
19:18:12.806 [JavaFX Application Thread] INFO  com.stickpoint.ddmusic.App - 1. 开始创建 HomePage
19:18:13.314 [JavaFX Application Thread] INFO  com.stickpoint.ddmusic.App - 2. HomePage 创建成功
19:18:13.314 [JavaFX Application Thread] INFO  com.stickpoint.ddmusic.App - 3. 开始创建场景
19:18:13.332 [JavaFX Application Thread] INFO  com.stickpoint.ddmusic.App - 4. 场景创建成功
19:18:13.332 [JavaFX Application Thread] INFO  com.stickpoint.ddmusic.App - 5. 设置舞台属性
19:18:13.332 [JavaFX Application Thread] INFO  com.stickpoint.ddmusic.App - 6. 舞台属性设置完成
19:18:13.333 [JavaFX Application Thread] INFO  com.stickpoint.ddmusic.App - 7. 加载图标
19:18:13.333 [JavaFX Application Thread] INFO  com.stickpoint.ddmusic.App - 图标URL: file:/G:/codeData/java/javafxProjects/bendy2025/ddmusic/target/classes/img/logo.svg
19:18:13.333 [JavaFX Application Thread] INFO  com.stickpoint.ddmusic.App - 8. 图标加载成功
19:18:13.334 [JavaFX Application Thread] INFO  com.stickpoint.ddmusic.App - 9. 显示舞台
19:18:13.550 [JavaFX Application Thread] INFO  com.stickpoint.ddmusic.App - 10. 添加窗口缩放支持
19:18:13.551 [JavaFX Application Thread] INFO  com.stickpoint.ddmusic.App - 11. 居中显示
19:18:13.552 [JavaFX Application Thread] INFO  com.stickpoint.ddmusic.App - 12. 应用启动完成
19:18:29.986 [JavaFX Application Thread] INFO  com.stickpoint.ddmusic.App - === 应用启动调试信息 ===
19:18:29.987 [JavaFX Application Thread] INFO  com.stickpoint.ddmusic.App - Java 版本: 21.0.7
19:18:29.987 [JavaFX Application Thread] INFO  com.stickpoint.ddmusic.App - JavaFX 版本: 21.0.7
19:18:29.988 [JavaFX Application Thread] INFO  com.stickpoint.ddmusic.App - 工作目录: G:\codeData\java\javafxProjects\bendy2025\ddmusic
19:18:29.988 [JavaFX Application Thread] INFO  com.stickpoint.ddmusic.App - 1. 开始创建 HomePage
19:18:30.508 [JavaFX Application Thread] INFO  com.stickpoint.ddmusic.App - 2. HomePage 创建成功
19:18:30.508 [JavaFX Application Thread] INFO  com.stickpoint.ddmusic.App - 3. 开始创建场景
19:18:30.532 [JavaFX Application Thread] INFO  com.stickpoint.ddmusic.App - 4. 场景创建成功
19:18:30.532 [JavaFX Application Thread] INFO  com.stickpoint.ddmusic.App - 5. 设置舞台属性
19:18:30.532 [JavaFX Application Thread] INFO  com.stickpoint.ddmusic.App - 6. 舞台属性设置完成
19:18:30.533 [JavaFX Application Thread] INFO  com.stickpoint.ddmusic.App - 7. 加载图标
19:18:30.533 [JavaFX Application Thread] INFO  com.stickpoint.ddmusic.App - 图标URL: file:/G:/codeData/java/javafxProjects/bendy2025/ddmusic/target/classes/img/logo.svg
19:18:30.533 [JavaFX Application Thread] INFO  com.stickpoint.ddmusic.App - 8. 图标加载成功
19:18:30.534 [JavaFX Application Thread] INFO  com.stickpoint.ddmusic.App - 9. 显示舞台
19:18:30.732 [JavaFX Application Thread] INFO  com.stickpoint.ddmusic.App - 10. 添加窗口缩放支持
19:18:30.733 [JavaFX Application Thread] INFO  com.stickpoint.ddmusic.App - 11. 居中显示
19:18:30.733 [JavaFX Application Thread] INFO  com.stickpoint.ddmusic.App - 12. 应用启动完成
19:19:47.532 [JavaFX Application Thread] INFO  com.stickpoint.ddmusic.App - === 应用启动调试信息 ===
19:19:47.533 [JavaFX Application Thread] INFO  com.stickpoint.ddmusic.App - Java 版本: 21.0.7
19:19:47.533 [JavaFX Application Thread] INFO  com.stickpoint.ddmusic.App - JavaFX 版本: 21.0.7
19:19:47.533 [JavaFX Application Thread] INFO  com.stickpoint.ddmusic.App - 工作目录: G:\codeData\java\javafxProjects\bendy2025\ddmusic
19:19:47.534 [JavaFX Application Thread] INFO  com.stickpoint.ddmusic.App - 1. 开始创建 HomePage
19:19:48.052 [JavaFX Application Thread] INFO  com.stickpoint.ddmusic.App - 2. HomePage 创建成功
19:19:48.052 [JavaFX Application Thread] INFO  com.stickpoint.ddmusic.App - 3. 开始创建场景
19:19:48.074 [JavaFX Application Thread] INFO  com.stickpoint.ddmusic.App - 4. 场景创建成功
19:19:48.074 [JavaFX Application Thread] INFO  com.stickpoint.ddmusic.App - 5. 设置舞台属性
19:19:48.075 [JavaFX Application Thread] INFO  com.stickpoint.ddmusic.App - 6. 舞台属性设置完成
19:19:48.075 [JavaFX Application Thread] INFO  com.stickpoint.ddmusic.App - 7. 加载图标
19:19:48.075 [JavaFX Application Thread] INFO  com.stickpoint.ddmusic.App - 图标URL: file:/G:/codeData/java/javafxProjects/bendy2025/ddmusic/target/classes/img/logo.svg
19:19:48.076 [JavaFX Application Thread] INFO  com.stickpoint.ddmusic.App - 8. 图标加载成功
19:19:48.076 [JavaFX Application Thread] INFO  com.stickpoint.ddmusic.App - 9. 显示舞台
19:19:48.291 [JavaFX Application Thread] INFO  com.stickpoint.ddmusic.App - 10. 添加窗口缩放支持
19:19:48.293 [JavaFX Application Thread] INFO  com.stickpoint.ddmusic.App - 11. 居中显示
19:19:48.293 [JavaFX Application Thread] INFO  com.stickpoint.ddmusic.App - 12. 应用启动完成
19:20:54.127 [JavaFX Application Thread] INFO  com.stickpoint.ddmusic.App - === 应用启动调试信息 ===
19:20:54.129 [JavaFX Application Thread] INFO  com.stickpoint.ddmusic.App - Java 版本: 21.0.7
19:20:54.129 [JavaFX Application Thread] INFO  com.stickpoint.ddmusic.App - JavaFX 版本: 21.0.7
19:20:54.129 [JavaFX Application Thread] INFO  com.stickpoint.ddmusic.App - 工作目录: G:\codeData\java\javafxProjects\bendy2025\ddmusic
19:20:54.129 [JavaFX Application Thread] INFO  com.stickpoint.ddmusic.App - 1. 开始创建 HomePage
19:20:54.638 [JavaFX Application Thread] INFO  com.stickpoint.ddmusic.App - 2. HomePage 创建成功
19:20:54.638 [JavaFX Application Thread] INFO  com.stickpoint.ddmusic.App - 3. 开始创建场景
19:20:54.658 [JavaFX Application Thread] INFO  com.stickpoint.ddmusic.App - 4. 场景创建成功
19:20:54.658 [JavaFX Application Thread] INFO  com.stickpoint.ddmusic.App - 5. 设置舞台属性
19:20:54.659 [JavaFX Application Thread] INFO  com.stickpoint.ddmusic.App - 6. 舞台属性设置完成
19:20:54.659 [JavaFX Application Thread] INFO  com.stickpoint.ddmusic.App - 7. 加载图标
19:20:54.659 [JavaFX Application Thread] INFO  com.stickpoint.ddmusic.App - 图标URL: file:/G:/codeData/java/javafxProjects/bendy2025/ddmusic/target/classes/img/logo.svg
19:20:54.660 [JavaFX Application Thread] INFO  com.stickpoint.ddmusic.App - 8. 图标加载成功
19:20:54.660 [JavaFX Application Thread] INFO  com.stickpoint.ddmusic.App - 9. 显示舞台
19:20:54.864 [JavaFX Application Thread] INFO  com.stickpoint.ddmusic.App - 10. 添加窗口缩放支持
19:20:54.865 [JavaFX Application Thread] INFO  com.stickpoint.ddmusic.App - 11. 居中显示
19:20:54.866 [JavaFX Application Thread] INFO  com.stickpoint.ddmusic.App - 12. 应用启动完成
19:22:02.509 [JavaFX Application Thread] INFO  com.stickpoint.ddmusic.App - === 应用启动调试信息 ===
19:22:02.511 [JavaFX Application Thread] INFO  com.stickpoint.ddmusic.App - Java 版本: 21.0.7
19:22:02.511 [JavaFX Application Thread] INFO  com.stickpoint.ddmusic.App - JavaFX 版本: 21.0.7
19:22:02.511 [JavaFX Application Thread] INFO  com.stickpoint.ddmusic.App - 工作目录: G:\codeData\java\javafxProjects\bendy2025\ddmusic
19:22:02.511 [JavaFX Application Thread] INFO  com.stickpoint.ddmusic.App - 1. 开始创建 HomePage
19:22:03.003 [JavaFX Application Thread] INFO  com.stickpoint.ddmusic.App - 2. HomePage 创建成功
19:22:03.003 [JavaFX Application Thread] INFO  com.stickpoint.ddmusic.App - 3. 开始创建场景
19:22:03.023 [JavaFX Application Thread] INFO  com.stickpoint.ddmusic.App - 4. 场景创建成功
19:22:03.024 [JavaFX Application Thread] INFO  com.stickpoint.ddmusic.App - 5. 设置舞台属性
19:22:03.025 [JavaFX Application Thread] INFO  com.stickpoint.ddmusic.App - 6. 舞台属性设置完成
19:22:03.025 [JavaFX Application Thread] INFO  com.stickpoint.ddmusic.App - 7. 加载图标
19:22:03.026 [JavaFX Application Thread] INFO  com.stickpoint.ddmusic.App - 图标URL: file:/G:/codeData/java/javafxProjects/bendy2025/ddmusic/target/classes/img/logo.svg
19:22:03.027 [JavaFX Application Thread] INFO  com.stickpoint.ddmusic.App - 8. 图标加载成功
19:22:03.027 [JavaFX Application Thread] INFO  com.stickpoint.ddmusic.App - 9. 显示舞台
19:22:03.255 [JavaFX Application Thread] INFO  com.stickpoint.ddmusic.App - 10. 添加窗口缩放支持
19:22:03.256 [JavaFX Application Thread] INFO  com.stickpoint.ddmusic.App - 11. 居中显示
19:22:03.256 [JavaFX Application Thread] INFO  com.stickpoint.ddmusic.App - 12. 应用启动完成
19:22:31.897 [JavaFX Application Thread] INFO  com.stickpoint.ddmusic.App - === 应用启动调试信息 ===
19:22:31.899 [JavaFX Application Thread] INFO  com.stickpoint.ddmusic.App - Java 版本: 21.0.7
19:22:31.899 [JavaFX Application Thread] INFO  com.stickpoint.ddmusic.App - JavaFX 版本: 21.0.7
19:22:31.899 [JavaFX Application Thread] INFO  com.stickpoint.ddmusic.App - 工作目录: G:\codeData\java\javafxProjects\bendy2025\ddmusic
19:22:31.899 [JavaFX Application Thread] INFO  com.stickpoint.ddmusic.App - 1. 开始创建 HomePage
19:22:32.399 [JavaFX Application Thread] INFO  com.stickpoint.ddmusic.App - 2. HomePage 创建成功
19:22:32.399 [JavaFX Application Thread] INFO  com.stickpoint.ddmusic.App - 3. 开始创建场景
19:22:32.416 [JavaFX Application Thread] INFO  com.stickpoint.ddmusic.App - 4. 场景创建成功
19:22:32.417 [JavaFX Application Thread] INFO  com.stickpoint.ddmusic.App - 5. 设置舞台属性
19:22:32.417 [JavaFX Application Thread] INFO  com.stickpoint.ddmusic.App - 6. 舞台属性设置完成
19:22:32.417 [JavaFX Application Thread] INFO  com.stickpoint.ddmusic.App - 7. 加载图标
19:22:32.418 [JavaFX Application Thread] INFO  com.stickpoint.ddmusic.App - 图标URL: file:/G:/codeData/java/javafxProjects/bendy2025/ddmusic/target/classes/img/logo.svg
19:22:32.418 [JavaFX Application Thread] INFO  com.stickpoint.ddmusic.App - 8. 图标加载成功
19:22:32.419 [JavaFX Application Thread] INFO  com.stickpoint.ddmusic.App - 9. 显示舞台
19:22:32.637 [JavaFX Application Thread] INFO  com.stickpoint.ddmusic.App - 10. 添加窗口缩放支持
19:22:32.638 [JavaFX Application Thread] INFO  com.stickpoint.ddmusic.App - 11. 居中显示
19:22:32.638 [JavaFX Application Thread] INFO  com.stickpoint.ddmusic.App - 12. 应用启动完成
19:23:25.541 [JavaFX Application Thread] INFO  com.stickpoint.ddmusic.App - === 应用启动调试信息 ===
19:23:25.542 [JavaFX Application Thread] INFO  com.stickpoint.ddmusic.App - Java 版本: 21.0.7
19:23:25.543 [JavaFX Application Thread] INFO  com.stickpoint.ddmusic.App - JavaFX 版本: 21.0.7
19:23:25.543 [JavaFX Application Thread] INFO  com.stickpoint.ddmusic.App - 工作目录: G:\codeData\java\javafxProjects\bendy2025\ddmusic
19:23:25.543 [JavaFX Application Thread] INFO  com.stickpoint.ddmusic.App - 1. 开始创建 HomePage
19:23:26.326 [JavaFX Application Thread] INFO  com.stickpoint.ddmusic.App - 2. HomePage 创建成功
19:23:26.326 [JavaFX Application Thread] INFO  com.stickpoint.ddmusic.App - 3. 开始创建场景
19:23:26.350 [JavaFX Application Thread] INFO  com.stickpoint.ddmusic.App - 4. 场景创建成功
19:23:26.350 [JavaFX Application Thread] INFO  com.stickpoint.ddmusic.App - 5. 设置舞台属性
19:23:26.351 [JavaFX Application Thread] INFO  com.stickpoint.ddmusic.App - 6. 舞台属性设置完成
19:23:26.351 [JavaFX Application Thread] INFO  com.stickpoint.ddmusic.App - 7. 加载图标
19:23:26.351 [JavaFX Application Thread] INFO  com.stickpoint.ddmusic.App - 图标URL: file:/G:/codeData/java/javafxProjects/bendy2025/ddmusic/target/classes/img/logo.svg
19:23:26.352 [JavaFX Application Thread] INFO  com.stickpoint.ddmusic.App - 8. 图标加载成功
19:23:26.352 [JavaFX Application Thread] INFO  com.stickpoint.ddmusic.App - 9. 显示舞台
19:23:26.531 [JavaFX Application Thread] INFO  com.stickpoint.ddmusic.App - 10. 添加窗口缩放支持
19:23:26.533 [JavaFX Application Thread] INFO  com.stickpoint.ddmusic.App - 11. 居中显示
19:23:26.533 [JavaFX Application Thread] INFO  com.stickpoint.ddmusic.App - 12. 应用启动完成
19:23:51.061 [JavaFX Application Thread] INFO  com.stickpoint.ddmusic.App - === 应用启动调试信息 ===
19:23:51.062 [JavaFX Application Thread] INFO  com.stickpoint.ddmusic.App - Java 版本: 21.0.7
19:23:51.062 [JavaFX Application Thread] INFO  com.stickpoint.ddmusic.App - JavaFX 版本: 21.0.7
19:23:51.062 [JavaFX Application Thread] INFO  com.stickpoint.ddmusic.App - 工作目录: G:\codeData\java\javafxProjects\bendy2025\ddmusic
19:23:51.063 [JavaFX Application Thread] INFO  com.stickpoint.ddmusic.App - 1. 开始创建 HomePage
19:23:51.657 [JavaFX Application Thread] INFO  com.stickpoint.ddmusic.App - 2. HomePage 创建成功
19:23:51.657 [JavaFX Application Thread] INFO  com.stickpoint.ddmusic.App - 3. 开始创建场景
19:23:51.676 [JavaFX Application Thread] INFO  com.stickpoint.ddmusic.App - 4. 场景创建成功
19:23:51.676 [JavaFX Application Thread] INFO  com.stickpoint.ddmusic.App - 5. 设置舞台属性
19:23:51.676 [JavaFX Application Thread] INFO  com.stickpoint.ddmusic.App - 6. 舞台属性设置完成
19:23:51.677 [JavaFX Application Thread] INFO  com.stickpoint.ddmusic.App - 7. 加载图标
19:23:51.677 [JavaFX Application Thread] INFO  com.stickpoint.ddmusic.App - 图标URL: file:/G:/codeData/java/javafxProjects/bendy2025/ddmusic/target/classes/img/logo.svg
19:23:51.678 [JavaFX Application Thread] INFO  com.stickpoint.ddmusic.App - 8. 图标加载成功
19:23:51.678 [JavaFX Application Thread] INFO  com.stickpoint.ddmusic.App - 9. 显示舞台
19:23:51.877 [JavaFX Application Thread] INFO  com.stickpoint.ddmusic.App - 10. 添加窗口缩放支持
19:23:51.878 [JavaFX Application Thread] INFO  com.stickpoint.ddmusic.App - 11. 居中显示
19:23:51.878 [JavaFX Application Thread] INFO  com.stickpoint.ddmusic.App - 12. 应用启动完成
19:24:23.716 [JavaFX Application Thread] INFO  com.stickpoint.ddmusic.App - === 应用启动调试信息 ===
19:24:23.717 [JavaFX Application Thread] INFO  com.stickpoint.ddmusic.App - Java 版本: 21.0.7
19:24:23.717 [JavaFX Application Thread] INFO  com.stickpoint.ddmusic.App - JavaFX 版本: 21.0.7
19:24:23.717 [JavaFX Application Thread] INFO  com.stickpoint.ddmusic.App - 工作目录: G:\codeData\java\javafxProjects\bendy2025\ddmusic
19:24:23.717 [JavaFX Application Thread] INFO  com.stickpoint.ddmusic.App - 1. 开始创建 HomePage
19:24:24.203 [JavaFX Application Thread] INFO  com.stickpoint.ddmusic.App - 2. HomePage 创建成功
19:24:24.204 [JavaFX Application Thread] INFO  com.stickpoint.ddmusic.App - 3. 开始创建场景
19:24:24.222 [JavaFX Application Thread] INFO  com.stickpoint.ddmusic.App - 4. 场景创建成功
19:24:24.222 [JavaFX Application Thread] INFO  com.stickpoint.ddmusic.App - 5. 设置舞台属性
19:24:24.222 [JavaFX Application Thread] INFO  com.stickpoint.ddmusic.App - 6. 舞台属性设置完成
19:24:24.223 [JavaFX Application Thread] INFO  com.stickpoint.ddmusic.App - 7. 加载图标
19:24:24.223 [JavaFX Application Thread] INFO  com.stickpoint.ddmusic.App - 图标URL: file:/G:/codeData/java/javafxProjects/bendy2025/ddmusic/target/classes/img/logo.svg
19:24:24.223 [JavaFX Application Thread] INFO  com.stickpoint.ddmusic.App - 8. 图标加载成功
19:24:24.223 [JavaFX Application Thread] INFO  com.stickpoint.ddmusic.App - 9. 显示舞台
19:24:24.423 [JavaFX Application Thread] INFO  com.stickpoint.ddmusic.App - 10. 添加窗口缩放支持
19:24:24.425 [JavaFX Application Thread] INFO  com.stickpoint.ddmusic.App - 11. 居中显示
19:24:24.425 [JavaFX Application Thread] INFO  com.stickpoint.ddmusic.App - 12. 应用启动完成
19:42:16.853 [JavaFX Application Thread] INFO  com.stickpoint.ddmusic.App - === 应用启动调试信息 ===
19:42:16.856 [JavaFX Application Thread] INFO  com.stickpoint.ddmusic.App - Java 版本: 21.0.7
19:42:16.856 [JavaFX Application Thread] INFO  com.stickpoint.ddmusic.App - JavaFX 版本: 21.0.7
19:42:16.856 [JavaFX Application Thread] INFO  com.stickpoint.ddmusic.App - 工作目录: G:\codeData\java\javafxProjects\bendy2025\ddmusic
19:42:16.857 [JavaFX Application Thread] INFO  com.stickpoint.ddmusic.App - 1. 开始创建 HomePage
19:42:17.578 [JavaFX Application Thread] INFO  com.stickpoint.ddmusic.App - 2. HomePage 创建成功
19:42:17.578 [JavaFX Application Thread] INFO  com.stickpoint.ddmusic.App - 3. 开始创建场景
19:42:17.610 [JavaFX Application Thread] INFO  com.stickpoint.ddmusic.App - 4. 场景创建成功
19:42:17.610 [JavaFX Application Thread] INFO  com.stickpoint.ddmusic.App - 5. 设置舞台属性
19:42:17.613 [JavaFX Application Thread] INFO  com.stickpoint.ddmusic.App - 6. 舞台属性设置完成
19:42:17.614 [JavaFX Application Thread] INFO  com.stickpoint.ddmusic.App - 7. 加载图标
19:42:17.615 [JavaFX Application Thread] INFO  com.stickpoint.ddmusic.App - 图标URL: file:/G:/codeData/java/javafxProjects/bendy2025/ddmusic/target/classes/img/logo.svg
19:42:17.616 [JavaFX Application Thread] INFO  com.stickpoint.ddmusic.App - 8. 图标加载成功
19:42:17.616 [JavaFX Application Thread] INFO  com.stickpoint.ddmusic.App - 9. 显示舞台
19:42:17.940 [JavaFX Application Thread] INFO  com.stickpoint.ddmusic.App - 10. 添加窗口缩放支持
19:42:17.942 [JavaFX Application Thread] INFO  com.stickpoint.ddmusic.App - 11. 居中显示
19:42:17.943 [JavaFX Application Thread] INFO  com.stickpoint.ddmusic.App - 12. 应用启动完成
19:47:19.160 [JavaFX Application Thread] INFO  com.stickpoint.ddmusic.App - === 应用启动调试信息 ===
19:47:19.162 [JavaFX Application Thread] INFO  com.stickpoint.ddmusic.App - Java 版本: 21.0.7
19:47:19.162 [JavaFX Application Thread] INFO  com.stickpoint.ddmusic.App - JavaFX 版本: 21.0.7
19:47:19.163 [JavaFX Application Thread] INFO  com.stickpoint.ddmusic.App - 工作目录: G:\codeData\java\javafxProjects\bendy2025\ddmusic
19:47:19.163 [JavaFX Application Thread] INFO  com.stickpoint.ddmusic.App - 1. 开始创建 HomePage
19:47:19.746 [JavaFX Application Thread] INFO  com.stickpoint.ddmusic.App - 2. HomePage 创建成功
19:47:19.746 [JavaFX Application Thread] INFO  com.stickpoint.ddmusic.App - 3. 开始创建场景
19:47:19.770 [JavaFX Application Thread] INFO  com.stickpoint.ddmusic.App - 4. 场景创建成功
19:47:19.770 [JavaFX Application Thread] INFO  com.stickpoint.ddmusic.App - 5. 设置舞台属性
19:47:19.771 [JavaFX Application Thread] INFO  com.stickpoint.ddmusic.App - 6. 舞台属性设置完成
19:47:19.771 [JavaFX Application Thread] INFO  com.stickpoint.ddmusic.App - 7. 加载图标
19:47:19.772 [JavaFX Application Thread] INFO  com.stickpoint.ddmusic.App - 图标URL: file:/G:/codeData/java/javafxProjects/bendy2025/ddmusic/target/classes/img/logo.svg
19:47:19.772 [JavaFX Application Thread] INFO  com.stickpoint.ddmusic.App - 8. 图标加载成功
19:47:19.772 [JavaFX Application Thread] INFO  com.stickpoint.ddmusic.App - 9. 显示舞台
19:47:20.041 [JavaFX Application Thread] INFO  com.stickpoint.ddmusic.App - 10. 添加窗口缩放支持
19:47:20.042 [JavaFX Application Thread] INFO  com.stickpoint.ddmusic.App - 11. 居中显示
19:47:20.043 [JavaFX Application Thread] INFO  com.stickpoint.ddmusic.App - 12. 应用启动完成
19:48:35.961 [JavaFX Application Thread] INFO  com.stickpoint.ddmusic.App - === 应用启动调试信息 ===
19:48:35.963 [JavaFX Application Thread] INFO  com.stickpoint.ddmusic.App - Java 版本: 21.0.7
19:48:35.963 [JavaFX Application Thread] INFO  com.stickpoint.ddmusic.App - JavaFX 版本: 21.0.7
19:48:35.963 [JavaFX Application Thread] INFO  com.stickpoint.ddmusic.App - 工作目录: G:\codeData\java\javafxProjects\bendy2025\ddmusic
19:48:35.963 [JavaFX Application Thread] INFO  com.stickpoint.ddmusic.App - 1. 开始创建 HomePage
19:48:36.502 [JavaFX Application Thread] INFO  com.stickpoint.ddmusic.App - 2. HomePage 创建成功
19:48:36.503 [JavaFX Application Thread] INFO  com.stickpoint.ddmusic.App - 3. 开始创建场景
19:48:36.523 [JavaFX Application Thread] INFO  com.stickpoint.ddmusic.App - 4. 场景创建成功
19:48:36.524 [JavaFX Application Thread] INFO  com.stickpoint.ddmusic.App - 5. 设置舞台属性
19:48:36.524 [JavaFX Application Thread] INFO  com.stickpoint.ddmusic.App - 6. 舞台属性设置完成
19:48:36.524 [JavaFX Application Thread] INFO  com.stickpoint.ddmusic.App - 7. 加载图标
19:48:36.524 [JavaFX Application Thread] INFO  com.stickpoint.ddmusic.App - 图标URL: file:/G:/codeData/java/javafxProjects/bendy2025/ddmusic/target/classes/img/logo.svg
19:48:36.525 [JavaFX Application Thread] INFO  com.stickpoint.ddmusic.App - 8. 图标加载成功
19:48:36.525 [JavaFX Application Thread] INFO  com.stickpoint.ddmusic.App - 9. 显示舞台
19:48:36.799 [JavaFX Application Thread] INFO  com.stickpoint.ddmusic.App - 10. 添加窗口缩放支持
19:48:36.799 [JavaFX Application Thread] INFO  com.stickpoint.ddmusic.App - 11. 居中显示
19:48:36.800 [JavaFX Application Thread] INFO  com.stickpoint.ddmusic.App - 12. 应用启动完成
19:50:15.865 [JavaFX Application Thread] INFO  com.stickpoint.ddmusic.App - === 应用启动调试信息 ===
19:50:15.868 [JavaFX Application Thread] INFO  com.stickpoint.ddmusic.App - Java 版本: 21.0.7
19:50:15.868 [JavaFX Application Thread] INFO  com.stickpoint.ddmusic.App - JavaFX 版本: 21.0.7
19:50:15.868 [JavaFX Application Thread] INFO  com.stickpoint.ddmusic.App - 工作目录: G:\codeData\java\javafxProjects\bendy2025\ddmusic
19:50:15.868 [JavaFX Application Thread] INFO  com.stickpoint.ddmusic.App - 1. 开始创建 HomePage
19:50:16.388 [JavaFX Application Thread] INFO  com.stickpoint.ddmusic.App - 2. HomePage 创建成功
19:50:16.389 [JavaFX Application Thread] INFO  com.stickpoint.ddmusic.App - 3. 开始创建场景
19:50:16.417 [JavaFX Application Thread] INFO  com.stickpoint.ddmusic.App - 4. 场景创建成功
19:50:16.417 [JavaFX Application Thread] INFO  com.stickpoint.ddmusic.App - 5. 设置舞台属性
19:50:16.418 [JavaFX Application Thread] INFO  com.stickpoint.ddmusic.App - 6. 舞台属性设置完成
19:50:16.418 [JavaFX Application Thread] INFO  com.stickpoint.ddmusic.App - 7. 加载图标
19:50:16.419 [JavaFX Application Thread] INFO  com.stickpoint.ddmusic.App - 图标URL: file:/G:/codeData/java/javafxProjects/bendy2025/ddmusic/target/classes/img/logo.svg
19:50:16.420 [JavaFX Application Thread] INFO  com.stickpoint.ddmusic.App - 8. 图标加载成功
19:50:16.420 [JavaFX Application Thread] INFO  com.stickpoint.ddmusic.App - 9. 显示舞台
19:50:16.668 [JavaFX Application Thread] INFO  com.stickpoint.ddmusic.App - 10. 添加窗口缩放支持
19:50:16.669 [JavaFX Application Thread] INFO  com.stickpoint.ddmusic.App - 11. 居中显示
19:50:16.669 [JavaFX Application Thread] INFO  com.stickpoint.ddmusic.App - 12. 应用启动完成
19:53:39.596 [JavaFX Application Thread] INFO  com.stickpoint.ddmusic.App - === 应用启动调试信息 ===
19:53:39.597 [JavaFX Application Thread] INFO  com.stickpoint.ddmusic.App - Java 版本: 21.0.7
19:53:39.597 [JavaFX Application Thread] INFO  com.stickpoint.ddmusic.App - JavaFX 版本: 21.0.7
19:53:39.597 [JavaFX Application Thread] INFO  com.stickpoint.ddmusic.App - 工作目录: G:\codeData\java\javafxProjects\bendy2025\ddmusic
19:53:39.597 [JavaFX Application Thread] INFO  com.stickpoint.ddmusic.App - 1. 开始创建 HomePage
19:53:40.173 [JavaFX Application Thread] INFO  com.stickpoint.ddmusic.App - 2. HomePage 创建成功
19:53:40.174 [JavaFX Application Thread] INFO  com.stickpoint.ddmusic.App - 3. 开始创建场景
19:53:40.198 [JavaFX Application Thread] INFO  com.stickpoint.ddmusic.App - 4. 场景创建成功
19:53:40.198 [JavaFX Application Thread] INFO  com.stickpoint.ddmusic.App - 5. 设置舞台属性
19:53:40.198 [JavaFX Application Thread] INFO  com.stickpoint.ddmusic.App - 6. 舞台属性设置完成
19:53:40.198 [JavaFX Application Thread] INFO  com.stickpoint.ddmusic.App - 7. 加载图标
19:53:40.199 [JavaFX Application Thread] INFO  com.stickpoint.ddmusic.App - 图标URL: file:/G:/codeData/java/javafxProjects/bendy2025/ddmusic/target/classes/img/logo.svg
19:53:40.200 [JavaFX Application Thread] INFO  com.stickpoint.ddmusic.App - 8. 图标加载成功
19:53:40.200 [JavaFX Application Thread] INFO  com.stickpoint.ddmusic.App - 9. 显示舞台
19:53:40.452 [JavaFX Application Thread] INFO  com.stickpoint.ddmusic.App - 10. 添加窗口缩放支持
19:53:40.453 [JavaFX Application Thread] INFO  com.stickpoint.ddmusic.App - 11. 居中显示
19:53:40.454 [JavaFX Application Thread] INFO  com.stickpoint.ddmusic.App - 12. 应用启动完成
19:54:02.987 [JavaFX Application Thread] INFO  com.stickpoint.ddmusic.App - === 应用启动调试信息 ===
19:54:02.990 [JavaFX Application Thread] INFO  com.stickpoint.ddmusic.App - Java 版本: 21.0.7
19:54:02.990 [JavaFX Application Thread] INFO  com.stickpoint.ddmusic.App - JavaFX 版本: 21.0.7
19:54:02.990 [JavaFX Application Thread] INFO  com.stickpoint.ddmusic.App - 工作目录: G:\codeData\java\javafxProjects\bendy2025\ddmusic
19:54:02.990 [JavaFX Application Thread] INFO  com.stickpoint.ddmusic.App - 1. 开始创建 HomePage
19:54:03.570 [JavaFX Application Thread] INFO  com.stickpoint.ddmusic.App - 2. HomePage 创建成功
19:54:03.571 [JavaFX Application Thread] INFO  com.stickpoint.ddmusic.App - 3. 开始创建场景
19:54:03.592 [JavaFX Application Thread] INFO  com.stickpoint.ddmusic.App - 4. 场景创建成功
19:54:03.592 [JavaFX Application Thread] INFO  com.stickpoint.ddmusic.App - 5. 设置舞台属性
19:54:03.593 [JavaFX Application Thread] INFO  com.stickpoint.ddmusic.App - 6. 舞台属性设置完成
19:54:03.593 [JavaFX Application Thread] INFO  com.stickpoint.ddmusic.App - 7. 加载图标
19:54:03.593 [JavaFX Application Thread] INFO  com.stickpoint.ddmusic.App - 图标URL: file:/G:/codeData/java/javafxProjects/bendy2025/ddmusic/target/classes/img/logo.svg
19:54:03.594 [JavaFX Application Thread] INFO  com.stickpoint.ddmusic.App - 8. 图标加载成功
19:54:03.594 [JavaFX Application Thread] INFO  com.stickpoint.ddmusic.App - 9. 显示舞台
19:54:03.835 [JavaFX Application Thread] INFO  com.stickpoint.ddmusic.App - 10. 添加窗口缩放支持
19:54:03.836 [JavaFX Application Thread] INFO  com.stickpoint.ddmusic.App - 11. 居中显示
19:54:03.837 [JavaFX Application Thread] INFO  com.stickpoint.ddmusic.App - 12. 应用启动完成
19:54:26.846 [JavaFX Application Thread] INFO  com.stickpoint.ddmusic.App - === 应用启动调试信息 ===
19:54:26.847 [JavaFX Application Thread] INFO  com.stickpoint.ddmusic.App - Java 版本: 21.0.7
19:54:26.848 [JavaFX Application Thread] INFO  com.stickpoint.ddmusic.App - JavaFX 版本: 21.0.7
19:54:26.848 [JavaFX Application Thread] INFO  com.stickpoint.ddmusic.App - 工作目录: G:\codeData\java\javafxProjects\bendy2025\ddmusic
19:54:26.848 [JavaFX Application Thread] INFO  com.stickpoint.ddmusic.App - 1. 开始创建 HomePage
19:54:27.366 [JavaFX Application Thread] INFO  com.stickpoint.ddmusic.App - 2. HomePage 创建成功
19:54:27.366 [JavaFX Application Thread] INFO  com.stickpoint.ddmusic.App - 3. 开始创建场景
19:54:27.386 [JavaFX Application Thread] INFO  com.stickpoint.ddmusic.App - 4. 场景创建成功
19:54:27.387 [JavaFX Application Thread] INFO  com.stickpoint.ddmusic.App - 5. 设置舞台属性
19:54:27.387 [JavaFX Application Thread] INFO  com.stickpoint.ddmusic.App - 6. 舞台属性设置完成
19:54:27.387 [JavaFX Application Thread] INFO  com.stickpoint.ddmusic.App - 7. 加载图标
19:54:27.388 [JavaFX Application Thread] INFO  com.stickpoint.ddmusic.App - 图标URL: file:/G:/codeData/java/javafxProjects/bendy2025/ddmusic/target/classes/img/logo.svg
19:54:27.388 [JavaFX Application Thread] INFO  com.stickpoint.ddmusic.App - 8. 图标加载成功
19:54:27.389 [JavaFX Application Thread] INFO  com.stickpoint.ddmusic.App - 9. 显示舞台
19:54:27.605 [JavaFX Application Thread] INFO  com.stickpoint.ddmusic.App - 10. 添加窗口缩放支持
19:54:27.607 [JavaFX Application Thread] INFO  com.stickpoint.ddmusic.App - 11. 居中显示
19:54:27.607 [JavaFX Application Thread] INFO  com.stickpoint.ddmusic.App - 12. 应用启动完成
19:54:54.539 [JavaFX Application Thread] INFO  com.stickpoint.ddmusic.App - === 应用启动调试信息 ===
19:54:54.541 [JavaFX Application Thread] INFO  com.stickpoint.ddmusic.App - Java 版本: 21.0.7
19:54:54.541 [JavaFX Application Thread] INFO  com.stickpoint.ddmusic.App - JavaFX 版本: 21.0.7
19:54:54.541 [JavaFX Application Thread] INFO  com.stickpoint.ddmusic.App - 工作目录: G:\codeData\java\javafxProjects\bendy2025\ddmusic
19:54:54.541 [JavaFX Application Thread] INFO  com.stickpoint.ddmusic.App - 1. 开始创建 HomePage
19:54:55.074 [JavaFX Application Thread] INFO  com.stickpoint.ddmusic.App - 2. HomePage 创建成功
19:54:55.074 [JavaFX Application Thread] INFO  com.stickpoint.ddmusic.App - 3. 开始创建场景
19:54:55.096 [JavaFX Application Thread] INFO  com.stickpoint.ddmusic.App - 4. 场景创建成功
19:54:55.096 [JavaFX Application Thread] INFO  com.stickpoint.ddmusic.App - 5. 设置舞台属性
19:54:55.096 [JavaFX Application Thread] INFO  com.stickpoint.ddmusic.App - 6. 舞台属性设置完成
19:54:55.097 [JavaFX Application Thread] INFO  com.stickpoint.ddmusic.App - 7. 加载图标
19:54:55.097 [JavaFX Application Thread] INFO  com.stickpoint.ddmusic.App - 图标URL: file:/G:/codeData/java/javafxProjects/bendy2025/ddmusic/target/classes/img/logo.svg
19:54:55.098 [JavaFX Application Thread] INFO  com.stickpoint.ddmusic.App - 8. 图标加载成功
19:54:55.098 [JavaFX Application Thread] INFO  com.stickpoint.ddmusic.App - 9. 显示舞台
19:54:55.326 [JavaFX Application Thread] INFO  com.stickpoint.ddmusic.App - 10. 添加窗口缩放支持
19:54:55.328 [JavaFX Application Thread] INFO  com.stickpoint.ddmusic.App - 11. 居中显示
19:54:55.329 [JavaFX Application Thread] INFO  com.stickpoint.ddmusic.App - 12. 应用启动完成
19:55:27.198 [JavaFX Application Thread] INFO  com.stickpoint.ddmusic.App - === 应用启动调试信息 ===
19:55:27.200 [JavaFX Application Thread] INFO  com.stickpoint.ddmusic.App - Java 版本: 21.0.7
19:55:27.200 [JavaFX Application Thread] INFO  com.stickpoint.ddmusic.App - JavaFX 版本: 21.0.7
19:55:27.200 [JavaFX Application Thread] INFO  com.stickpoint.ddmusic.App - 工作目录: G:\codeData\java\javafxProjects\bendy2025\ddmusic
19:55:27.200 [JavaFX Application Thread] INFO  com.stickpoint.ddmusic.App - 1. 开始创建 HomePage
19:55:27.722 [JavaFX Application Thread] INFO  com.stickpoint.ddmusic.App - 2. HomePage 创建成功
19:55:27.723 [JavaFX Application Thread] INFO  com.stickpoint.ddmusic.App - 3. 开始创建场景
19:55:27.745 [JavaFX Application Thread] INFO  com.stickpoint.ddmusic.App - 4. 场景创建成功
19:55:27.746 [JavaFX Application Thread] INFO  com.stickpoint.ddmusic.App - 5. 设置舞台属性
19:55:27.747 [JavaFX Application Thread] INFO  com.stickpoint.ddmusic.App - 6. 舞台属性设置完成
19:55:27.747 [JavaFX Application Thread] INFO  com.stickpoint.ddmusic.App - 7. 加载图标
19:55:27.747 [JavaFX Application Thread] INFO  com.stickpoint.ddmusic.App - 图标URL: file:/G:/codeData/java/javafxProjects/bendy2025/ddmusic/target/classes/img/logo.svg
19:55:27.748 [JavaFX Application Thread] INFO  com.stickpoint.ddmusic.App - 8. 图标加载成功
19:55:27.749 [JavaFX Application Thread] INFO  com.stickpoint.ddmusic.App - 9. 显示舞台
19:55:27.981 [JavaFX Application Thread] INFO  com.stickpoint.ddmusic.App - 10. 添加窗口缩放支持
19:55:27.982 [JavaFX Application Thread] INFO  com.stickpoint.ddmusic.App - 11. 居中显示
19:55:27.983 [JavaFX Application Thread] INFO  com.stickpoint.ddmusic.App - 12. 应用启动完成
19:55:46.680 [JavaFX Application Thread] INFO  com.stickpoint.ddmusic.App - === 应用启动调试信息 ===
19:55:46.681 [JavaFX Application Thread] INFO  com.stickpoint.ddmusic.App - Java 版本: 21.0.7
19:55:46.682 [JavaFX Application Thread] INFO  com.stickpoint.ddmusic.App - JavaFX 版本: 21.0.7
19:55:46.682 [JavaFX Application Thread] INFO  com.stickpoint.ddmusic.App - 工作目录: G:\codeData\java\javafxProjects\bendy2025\ddmusic
19:55:46.682 [JavaFX Application Thread] INFO  com.stickpoint.ddmusic.App - 1. 开始创建 HomePage
19:55:47.224 [JavaFX Application Thread] INFO  com.stickpoint.ddmusic.App - 2. HomePage 创建成功
19:55:47.224 [JavaFX Application Thread] INFO  com.stickpoint.ddmusic.App - 3. 开始创建场景
19:55:47.245 [JavaFX Application Thread] INFO  com.stickpoint.ddmusic.App - 4. 场景创建成功
19:55:47.245 [JavaFX Application Thread] INFO  com.stickpoint.ddmusic.App - 5. 设置舞台属性
19:55:47.246 [JavaFX Application Thread] INFO  com.stickpoint.ddmusic.App - 6. 舞台属性设置完成
19:55:47.246 [JavaFX Application Thread] INFO  com.stickpoint.ddmusic.App - 7. 加载图标
19:55:47.246 [JavaFX Application Thread] INFO  com.stickpoint.ddmusic.App - 图标URL: file:/G:/codeData/java/javafxProjects/bendy2025/ddmusic/target/classes/img/logo.svg
19:55:47.247 [JavaFX Application Thread] INFO  com.stickpoint.ddmusic.App - 8. 图标加载成功
19:55:47.247 [JavaFX Application Thread] INFO  com.stickpoint.ddmusic.App - 9. 显示舞台
19:55:47.496 [JavaFX Application Thread] INFO  com.stickpoint.ddmusic.App - 10. 添加窗口缩放支持
19:55:47.497 [JavaFX Application Thread] INFO  com.stickpoint.ddmusic.App - 11. 居中显示
19:55:47.498 [JavaFX Application Thread] INFO  com.stickpoint.ddmusic.App - 12. 应用启动完成
19:56:07.010 [JavaFX Application Thread] INFO  com.stickpoint.ddmusic.App - === 应用启动调试信息 ===
19:56:07.012 [JavaFX Application Thread] INFO  com.stickpoint.ddmusic.App - Java 版本: 21.0.7
19:56:07.013 [JavaFX Application Thread] INFO  com.stickpoint.ddmusic.App - JavaFX 版本: 21.0.7
19:56:07.013 [JavaFX Application Thread] INFO  com.stickpoint.ddmusic.App - 工作目录: G:\codeData\java\javafxProjects\bendy2025\ddmusic
19:56:07.013 [JavaFX Application Thread] INFO  com.stickpoint.ddmusic.App - 1. 开始创建 HomePage
19:56:07.570 [JavaFX Application Thread] INFO  com.stickpoint.ddmusic.App - 2. HomePage 创建成功
19:56:07.570 [JavaFX Application Thread] INFO  com.stickpoint.ddmusic.App - 3. 开始创建场景
19:56:07.591 [JavaFX Application Thread] INFO  com.stickpoint.ddmusic.App - 4. 场景创建成功
19:56:07.591 [JavaFX Application Thread] INFO  com.stickpoint.ddmusic.App - 5. 设置舞台属性
19:56:07.592 [JavaFX Application Thread] INFO  com.stickpoint.ddmusic.App - 6. 舞台属性设置完成
19:56:07.592 [JavaFX Application Thread] INFO  com.stickpoint.ddmusic.App - 7. 加载图标
19:56:07.592 [JavaFX Application Thread] INFO  com.stickpoint.ddmusic.App - 图标URL: file:/G:/codeData/java/javafxProjects/bendy2025/ddmusic/target/classes/img/logo.svg
19:56:07.593 [JavaFX Application Thread] INFO  com.stickpoint.ddmusic.App - 8. 图标加载成功
19:56:07.593 [JavaFX Application Thread] INFO  com.stickpoint.ddmusic.App - 9. 显示舞台
19:56:07.820 [JavaFX Application Thread] INFO  com.stickpoint.ddmusic.App - 10. 添加窗口缩放支持
19:56:07.821 [JavaFX Application Thread] INFO  com.stickpoint.ddmusic.App - 11. 居中显示
19:56:07.822 [JavaFX Application Thread] INFO  com.stickpoint.ddmusic.App - 12. 应用启动完成
19:59:44.320 [JavaFX Application Thread] INFO  com.stickpoint.ddmusic.App - === 应用启动调试信息 ===
19:59:44.322 [JavaFX Application Thread] INFO  com.stickpoint.ddmusic.App - Java 版本: 21.0.7
19:59:44.322 [JavaFX Application Thread] INFO  com.stickpoint.ddmusic.App - JavaFX 版本: 21.0.7
19:59:44.322 [JavaFX Application Thread] INFO  com.stickpoint.ddmusic.App - 工作目录: G:\codeData\java\javafxProjects\bendy2025\ddmusic
19:59:44.322 [JavaFX Application Thread] INFO  com.stickpoint.ddmusic.App - 1. 开始创建 HomePage
19:59:44.944 [JavaFX Application Thread] INFO  com.stickpoint.ddmusic.App - 2. HomePage 创建成功
19:59:44.944 [JavaFX Application Thread] INFO  com.stickpoint.ddmusic.App - 3. 开始创建场景
19:59:44.970 [JavaFX Application Thread] INFO  com.stickpoint.ddmusic.App - 4. 场景创建成功
19:59:44.978 [JavaFX Application Thread] INFO  com.stickpoint.ddmusic.App - 5. 设置舞台属性
19:59:44.979 [JavaFX Application Thread] INFO  com.stickpoint.ddmusic.App - 6. 舞台属性设置完成
19:59:44.979 [JavaFX Application Thread] INFO  com.stickpoint.ddmusic.App - 7. 加载图标
19:59:44.980 [JavaFX Application Thread] INFO  com.stickpoint.ddmusic.App - 图标URL: file:/G:/codeData/java/javafxProjects/bendy2025/ddmusic/target/classes/img/logo.svg
19:59:44.981 [JavaFX Application Thread] INFO  com.stickpoint.ddmusic.App - 8. 图标加载成功
19:59:44.981 [JavaFX Application Thread] INFO  com.stickpoint.ddmusic.App - 9. 显示舞台
19:59:45.195 [JavaFX Application Thread] INFO  com.stickpoint.ddmusic.App - 10. 添加窗口缩放支持
19:59:45.197 [JavaFX Application Thread] INFO  com.stickpoint.ddmusic.App - 11. 居中显示
19:59:45.197 [JavaFX Application Thread] INFO  com.stickpoint.ddmusic.App - 12. 应用启动完成
20:51:57.491 [JavaFX Application Thread] INFO  c.s.d.p.n.MusicPlayDetailContainer - 暂停旋转
20:51:57.492 [JavaFX Application Thread] INFO  c.s.d.p.n.MusicPlayDetailContainer - 当前播放状态: PAUSED
20:52:04.107 [JavaFX Application Thread] INFO  c.s.d.p.n.MusicPlayDetailContainer - 暂停旋转
20:52:04.107 [JavaFX Application Thread] INFO  c.s.d.p.n.MusicPlayDetailContainer - 当前播放状态: PAUSED
20:54:14.098 [JavaFX Application Thread] INFO  com.stickpoint.ddmusic.App - === 应用启动调试信息 ===
20:54:14.100 [JavaFX Application Thread] INFO  com.stickpoint.ddmusic.App - Java 版本: 21.0.7
20:54:14.100 [JavaFX Application Thread] INFO  com.stickpoint.ddmusic.App - JavaFX 版本: 21.0.7
20:54:14.100 [JavaFX Application Thread] INFO  com.stickpoint.ddmusic.App - 工作目录: G:\codeData\java\javafxProjects\bendy2025\ddmusic
20:54:14.100 [JavaFX Application Thread] INFO  com.stickpoint.ddmusic.App - 1. 开始创建 HomePage
20:54:14.606 [JavaFX Application Thread] INFO  com.stickpoint.ddmusic.App - 2. HomePage 创建成功
20:54:14.606 [JavaFX Application Thread] INFO  com.stickpoint.ddmusic.App - 3. 开始创建场景
20:54:14.626 [JavaFX Application Thread] INFO  com.stickpoint.ddmusic.App - 4. 场景创建成功
20:54:14.626 [JavaFX Application Thread] INFO  com.stickpoint.ddmusic.App - 5. 设置舞台属性
20:54:14.627 [JavaFX Application Thread] INFO  com.stickpoint.ddmusic.App - 6. 舞台属性设置完成
20:54:14.627 [JavaFX Application Thread] INFO  com.stickpoint.ddmusic.App - 7. 加载图标
20:54:14.628 [JavaFX Application Thread] INFO  com.stickpoint.ddmusic.App - 图标URL: file:/G:/codeData/java/javafxProjects/bendy2025/ddmusic/target/classes/img/logo.svg
20:54:14.628 [JavaFX Application Thread] INFO  com.stickpoint.ddmusic.App - 8. 图标加载成功
20:54:14.628 [JavaFX Application Thread] INFO  com.stickpoint.ddmusic.App - 9. 显示舞台
20:54:14.849 [JavaFX Application Thread] INFO  com.stickpoint.ddmusic.App - 10. 添加窗口缩放支持
20:54:14.851 [JavaFX Application Thread] INFO  com.stickpoint.ddmusic.App - 11. 居中显示
20:54:14.851 [JavaFX Application Thread] INFO  com.stickpoint.ddmusic.App - 12. 应用启动完成
20:54:32.701 [JavaFX Application Thread] INFO  c.s.d.p.n.MusicPlayDetailContainer - 暂停旋转
20:54:32.701 [JavaFX Application Thread] INFO  c.s.d.p.n.MusicPlayDetailContainer - 当前播放状态: PAUSED
20:56:04.431 [JavaFX Application Thread] INFO  com.stickpoint.ddmusic.App - === 应用启动调试信息 ===
20:56:04.433 [JavaFX Application Thread] INFO  com.stickpoint.ddmusic.App - Java 版本: 21.0.7
20:56:04.434 [JavaFX Application Thread] INFO  com.stickpoint.ddmusic.App - JavaFX 版本: 21.0.7
20:56:04.434 [JavaFX Application Thread] INFO  com.stickpoint.ddmusic.App - 工作目录: G:\codeData\java\javafxProjects\bendy2025\ddmusic
20:56:04.434 [JavaFX Application Thread] INFO  com.stickpoint.ddmusic.App - 1. 开始创建 HomePage
20:56:04.940 [JavaFX Application Thread] INFO  com.stickpoint.ddmusic.App - 2. HomePage 创建成功
20:56:04.940 [JavaFX Application Thread] INFO  com.stickpoint.ddmusic.App - 3. 开始创建场景
20:56:04.959 [JavaFX Application Thread] INFO  com.stickpoint.ddmusic.App - 4. 场景创建成功
20:56:04.959 [JavaFX Application Thread] INFO  com.stickpoint.ddmusic.App - 5. 设置舞台属性
20:56:04.960 [JavaFX Application Thread] INFO  com.stickpoint.ddmusic.App - 6. 舞台属性设置完成
20:56:04.960 [JavaFX Application Thread] INFO  com.stickpoint.ddmusic.App - 7. 加载图标
20:56:04.960 [JavaFX Application Thread] INFO  com.stickpoint.ddmusic.App - 图标URL: file:/G:/codeData/java/javafxProjects/bendy2025/ddmusic/target/classes/img/logo.svg
20:56:04.961 [JavaFX Application Thread] INFO  com.stickpoint.ddmusic.App - 8. 图标加载成功
20:56:04.961 [JavaFX Application Thread] INFO  com.stickpoint.ddmusic.App - 9. 显示舞台
20:56:05.164 [JavaFX Application Thread] INFO  com.stickpoint.ddmusic.App - 10. 添加窗口缩放支持
20:56:05.165 [JavaFX Application Thread] INFO  com.stickpoint.ddmusic.App - 11. 居中显示
20:56:05.165 [JavaFX Application Thread] INFO  com.stickpoint.ddmusic.App - 12. 应用启动完成
20:56:07.924 [JavaFX Application Thread] INFO  c.s.d.p.n.MusicPlayDetailContainer - 暂停旋转
20:56:07.924 [JavaFX Application Thread] INFO  c.s.d.p.n.MusicPlayDetailContainer - 当前播放状态: PAUSED
20:57:41.601 [JavaFX Application Thread] INFO  com.stickpoint.ddmusic.App - === 应用启动调试信息 ===
20:57:41.603 [JavaFX Application Thread] INFO  com.stickpoint.ddmusic.App - Java 版本: 21.0.7
20:57:41.603 [JavaFX Application Thread] INFO  com.stickpoint.ddmusic.App - JavaFX 版本: 21.0.7
20:57:41.603 [JavaFX Application Thread] INFO  com.stickpoint.ddmusic.App - 工作目录: G:\codeData\java\javafxProjects\bendy2025\ddmusic
20:57:41.603 [JavaFX Application Thread] INFO  com.stickpoint.ddmusic.App - 1. 开始创建 HomePage
20:57:42.105 [JavaFX Application Thread] INFO  com.stickpoint.ddmusic.App - 2. HomePage 创建成功
20:57:42.105 [JavaFX Application Thread] INFO  com.stickpoint.ddmusic.App - 3. 开始创建场景
20:57:42.123 [JavaFX Application Thread] INFO  com.stickpoint.ddmusic.App - 4. 场景创建成功
20:57:42.124 [JavaFX Application Thread] INFO  com.stickpoint.ddmusic.App - 5. 设置舞台属性
20:57:42.124 [JavaFX Application Thread] INFO  com.stickpoint.ddmusic.App - 6. 舞台属性设置完成
20:57:42.124 [JavaFX Application Thread] INFO  com.stickpoint.ddmusic.App - 7. 加载图标
20:57:42.124 [JavaFX Application Thread] INFO  com.stickpoint.ddmusic.App - 图标URL: file:/G:/codeData/java/javafxProjects/bendy2025/ddmusic/target/classes/img/logo.svg
20:57:42.125 [JavaFX Application Thread] INFO  com.stickpoint.ddmusic.App - 8. 图标加载成功
20:57:42.125 [JavaFX Application Thread] INFO  com.stickpoint.ddmusic.App - 9. 显示舞台
20:57:42.294 [JavaFX Application Thread] INFO  com.stickpoint.ddmusic.App - 10. 添加窗口缩放支持
20:57:42.295 [JavaFX Application Thread] INFO  com.stickpoint.ddmusic.App - 11. 居中显示
20:57:42.295 [JavaFX Application Thread] INFO  com.stickpoint.ddmusic.App - 12. 应用启动完成
20:57:47.411 [JavaFX Application Thread] INFO  c.s.d.p.n.MusicPlayDetailContainer - 暂停旋转
20:57:47.411 [JavaFX Application Thread] INFO  c.s.d.p.n.MusicPlayDetailContainer - 当前播放状态: PAUSED
20:59:06.675 [JavaFX Application Thread] INFO  com.stickpoint.ddmusic.App - === 应用启动调试信息 ===
20:59:06.677 [JavaFX Application Thread] INFO  com.stickpoint.ddmusic.App - Java 版本: 21.0.7
20:59:06.677 [JavaFX Application Thread] INFO  com.stickpoint.ddmusic.App - JavaFX 版本: 21.0.7
20:59:06.677 [JavaFX Application Thread] INFO  com.stickpoint.ddmusic.App - 工作目录: G:\codeData\java\javafxProjects\bendy2025\ddmusic
20:59:06.677 [JavaFX Application Thread] INFO  com.stickpoint.ddmusic.App - 1. 开始创建 HomePage
20:59:07.196 [JavaFX Application Thread] INFO  com.stickpoint.ddmusic.App - 2. HomePage 创建成功
20:59:07.196 [JavaFX Application Thread] INFO  com.stickpoint.ddmusic.App - 3. 开始创建场景
20:59:07.218 [JavaFX Application Thread] INFO  com.stickpoint.ddmusic.App - 4. 场景创建成功
20:59:07.219 [JavaFX Application Thread] INFO  com.stickpoint.ddmusic.App - 5. 设置舞台属性
20:59:07.220 [JavaFX Application Thread] INFO  com.stickpoint.ddmusic.App - 6. 舞台属性设置完成
20:59:07.220 [JavaFX Application Thread] INFO  com.stickpoint.ddmusic.App - 7. 加载图标
20:59:07.221 [JavaFX Application Thread] INFO  com.stickpoint.ddmusic.App - 图标URL: file:/G:/codeData/java/javafxProjects/bendy2025/ddmusic/target/classes/img/logo.svg
20:59:07.222 [JavaFX Application Thread] INFO  com.stickpoint.ddmusic.App - 8. 图标加载成功
20:59:07.222 [JavaFX Application Thread] INFO  com.stickpoint.ddmusic.App - 9. 显示舞台
20:59:07.445 [JavaFX Application Thread] INFO  com.stickpoint.ddmusic.App - 10. 添加窗口缩放支持
20:59:07.447 [JavaFX Application Thread] INFO  com.stickpoint.ddmusic.App - 11. 居中显示
20:59:07.447 [JavaFX Application Thread] INFO  com.stickpoint.ddmusic.App - 12. 应用启动完成
20:59:13.107 [JavaFX Application Thread] INFO  c.s.d.p.n.MusicPlayDetailContainer - 暂停旋转
20:59:13.108 [JavaFX Application Thread] INFO  c.s.d.p.n.MusicPlayDetailContainer - 当前播放状态: PAUSED
20:59:18.075 [JavaFX Application Thread] INFO  c.s.d.p.n.MusicPlayDetailContainer - 暂停旋转
20:59:18.076 [JavaFX Application Thread] INFO  c.s.d.p.n.MusicPlayDetailContainer - 当前播放状态: PAUSED
20:59:46.795 [JavaFX Application Thread] INFO  com.stickpoint.ddmusic.App - === 应用启动调试信息 ===
20:59:46.797 [JavaFX Application Thread] INFO  com.stickpoint.ddmusic.App - Java 版本: 21.0.7
20:59:46.797 [JavaFX Application Thread] INFO  com.stickpoint.ddmusic.App - JavaFX 版本: 21.0.7
20:59:46.797 [JavaFX Application Thread] INFO  com.stickpoint.ddmusic.App - 工作目录: G:\codeData\java\javafxProjects\bendy2025\ddmusic
20:59:46.797 [JavaFX Application Thread] INFO  com.stickpoint.ddmusic.App - 1. 开始创建 HomePage
20:59:47.346 [JavaFX Application Thread] INFO  com.stickpoint.ddmusic.App - 2. HomePage 创建成功
20:59:47.346 [JavaFX Application Thread] INFO  com.stickpoint.ddmusic.App - 3. 开始创建场景
20:59:47.365 [JavaFX Application Thread] INFO  com.stickpoint.ddmusic.App - 4. 场景创建成功
20:59:47.366 [JavaFX Application Thread] INFO  com.stickpoint.ddmusic.App - 5. 设置舞台属性
20:59:47.366 [JavaFX Application Thread] INFO  com.stickpoint.ddmusic.App - 6. 舞台属性设置完成
20:59:47.366 [JavaFX Application Thread] INFO  com.stickpoint.ddmusic.App - 7. 加载图标
20:59:47.366 [JavaFX Application Thread] INFO  com.stickpoint.ddmusic.App - 图标URL: file:/G:/codeData/java/javafxProjects/bendy2025/ddmusic/target/classes/img/logo.svg
20:59:47.367 [JavaFX Application Thread] INFO  com.stickpoint.ddmusic.App - 8. 图标加载成功
20:59:47.367 [JavaFX Application Thread] INFO  com.stickpoint.ddmusic.App - 9. 显示舞台
20:59:47.563 [JavaFX Application Thread] INFO  com.stickpoint.ddmusic.App - 10. 添加窗口缩放支持
20:59:47.564 [JavaFX Application Thread] INFO  com.stickpoint.ddmusic.App - 11. 居中显示
20:59:47.564 [JavaFX Application Thread] INFO  com.stickpoint.ddmusic.App - 12. 应用启动完成
20:59:52.987 [JavaFX Application Thread] INFO  c.s.d.p.n.MusicPlayDetailContainer - 暂停旋转
20:59:52.988 [JavaFX Application Thread] INFO  c.s.d.p.n.MusicPlayDetailContainer - 当前播放状态: PAUSED
20:59:57.810 [JavaFX Application Thread] INFO  c.s.d.p.n.MusicPlayDetailContainer - 暂停旋转
20:59:57.811 [JavaFX Application Thread] INFO  c.s.d.p.n.MusicPlayDetailContainer - 当前播放状态: PAUSED
21:12:53.176 [JavaFX Application Thread] INFO  com.stickpoint.ddmusic.App - === 应用启动调试信息 ===
21:12:53.178 [JavaFX Application Thread] INFO  com.stickpoint.ddmusic.App - Java 版本: 21.0.7
21:12:53.178 [JavaFX Application Thread] INFO  com.stickpoint.ddmusic.App - JavaFX 版本: 21.0.7
21:12:53.179 [JavaFX Application Thread] INFO  com.stickpoint.ddmusic.App - 工作目录: G:\codeData\java\javafxProjects\bendy2025\ddmusic
21:12:53.179 [JavaFX Application Thread] INFO  com.stickpoint.ddmusic.App - 1. 开始创建 HomePage
21:12:53.687 [JavaFX Application Thread] INFO  com.stickpoint.ddmusic.App - 2. HomePage 创建成功
21:12:53.688 [JavaFX Application Thread] INFO  com.stickpoint.ddmusic.App - 3. 开始创建场景
21:12:53.706 [JavaFX Application Thread] INFO  com.stickpoint.ddmusic.App - 4. 场景创建成功
21:12:53.706 [JavaFX Application Thread] INFO  com.stickpoint.ddmusic.App - 5. 设置舞台属性
21:12:53.706 [JavaFX Application Thread] INFO  com.stickpoint.ddmusic.App - 6. 舞台属性设置完成
21:12:53.706 [JavaFX Application Thread] INFO  com.stickpoint.ddmusic.App - 7. 加载图标
21:12:53.707 [JavaFX Application Thread] INFO  com.stickpoint.ddmusic.App - 图标URL: file:/G:/codeData/java/javafxProjects/bendy2025/ddmusic/target/classes/img/logo.svg
21:12:53.707 [JavaFX Application Thread] INFO  com.stickpoint.ddmusic.App - 8. 图标加载成功
21:12:53.708 [JavaFX Application Thread] INFO  com.stickpoint.ddmusic.App - 9. 显示舞台
21:12:53.906 [JavaFX Application Thread] INFO  com.stickpoint.ddmusic.App - 10. 添加窗口缩放支持
21:12:53.907 [JavaFX Application Thread] INFO  com.stickpoint.ddmusic.App - 11. 居中显示
21:12:53.908 [JavaFX Application Thread] INFO  com.stickpoint.ddmusic.App - 12. 应用启动完成
21:12:57.596 [JavaFX Application Thread] INFO  c.s.d.p.n.MusicPlayDetailContainer - 暂停旋转
21:12:57.596 [JavaFX Application Thread] INFO  c.s.d.p.n.MusicPlayDetailContainer - 当前播放状态: PAUSED
21:29:02.891 [JavaFX Application Thread] INFO  com.stickpoint.ddmusic.App - === 应用启动调试信息 ===
21:29:02.892 [JavaFX Application Thread] INFO  com.stickpoint.ddmusic.App - Java 版本: 21.0.7
21:29:02.893 [JavaFX Application Thread] INFO  com.stickpoint.ddmusic.App - JavaFX 版本: 21.0.7
21:29:02.893 [JavaFX Application Thread] INFO  com.stickpoint.ddmusic.App - 工作目录: G:\codeData\java\javafxProjects\bendy2025\ddmusic
21:29:02.893 [JavaFX Application Thread] INFO  com.stickpoint.ddmusic.App - 1. 开始创建 HomePage
21:29:03.474 [JavaFX Application Thread] INFO  com.stickpoint.ddmusic.App - 2. HomePage 创建成功
21:29:03.475 [JavaFX Application Thread] INFO  com.stickpoint.ddmusic.App - 3. 开始创建场景
21:29:03.496 [JavaFX Application Thread] INFO  com.stickpoint.ddmusic.App - 4. 场景创建成功
21:29:03.496 [JavaFX Application Thread] INFO  com.stickpoint.ddmusic.App - 5. 设置舞台属性
21:29:03.497 [JavaFX Application Thread] INFO  com.stickpoint.ddmusic.App - 6. 舞台属性设置完成
21:29:03.497 [JavaFX Application Thread] INFO  com.stickpoint.ddmusic.App - 7. 加载图标
21:29:03.497 [JavaFX Application Thread] INFO  com.stickpoint.ddmusic.App - 图标URL: file:/G:/codeData/java/javafxProjects/bendy2025/ddmusic/target/classes/img/logo.svg
21:29:03.498 [JavaFX Application Thread] INFO  com.stickpoint.ddmusic.App - 8. 图标加载成功
21:29:03.498 [JavaFX Application Thread] INFO  com.stickpoint.ddmusic.App - 9. 显示舞台
21:29:03.667 [JavaFX Application Thread] INFO  com.stickpoint.ddmusic.App - 10. 添加窗口缩放支持
21:29:03.668 [JavaFX Application Thread] INFO  com.stickpoint.ddmusic.App - 11. 居中显示
21:29:03.669 [JavaFX Application Thread] INFO  com.stickpoint.ddmusic.App - 12. 应用启动完成
21:29:08.186 [JavaFX Application Thread] INFO  c.s.d.p.n.MusicPlayDetailContainer - 暂停旋转
21:29:08.187 [JavaFX Application Thread] INFO  c.s.d.p.n.MusicPlayDetailContainer - 当前播放状态: PAUSED
21:29:10.163 [JavaFX Application Thread] INFO  c.s.d.p.n.MusicPlayDetailContainer - 暂停旋转
21:29:10.163 [JavaFX Application Thread] INFO  c.s.d.p.n.MusicPlayDetailContainer - 当前播放状态: PAUSED
21:29:43.802 [JavaFX Application Thread] INFO  com.stickpoint.ddmusic.App - === 应用启动调试信息 ===
21:29:43.803 [JavaFX Application Thread] INFO  com.stickpoint.ddmusic.App - Java 版本: 21.0.7
21:29:43.803 [JavaFX Application Thread] INFO  com.stickpoint.ddmusic.App - JavaFX 版本: 21.0.7
21:29:43.804 [JavaFX Application Thread] INFO  com.stickpoint.ddmusic.App - 工作目录: G:\codeData\java\javafxProjects\bendy2025\ddmusic
21:29:43.804 [JavaFX Application Thread] INFO  com.stickpoint.ddmusic.App - 1. 开始创建 HomePage
21:29:44.517 [JavaFX Application Thread] INFO  com.stickpoint.ddmusic.App - 2. HomePage 创建成功
21:29:44.517 [JavaFX Application Thread] INFO  com.stickpoint.ddmusic.App - 3. 开始创建场景
21:29:44.543 [JavaFX Application Thread] INFO  com.stickpoint.ddmusic.App - 4. 场景创建成功
21:29:44.544 [JavaFX Application Thread] INFO  com.stickpoint.ddmusic.App - 5. 设置舞台属性
21:29:44.544 [JavaFX Application Thread] INFO  com.stickpoint.ddmusic.App - 6. 舞台属性设置完成
21:29:44.544 [JavaFX Application Thread] INFO  com.stickpoint.ddmusic.App - 7. 加载图标
21:29:44.545 [JavaFX Application Thread] INFO  com.stickpoint.ddmusic.App - 图标URL: file:/G:/codeData/java/javafxProjects/bendy2025/ddmusic/target/classes/img/logo.svg
21:29:44.545 [JavaFX Application Thread] INFO  com.stickpoint.ddmusic.App - 8. 图标加载成功
21:29:44.545 [JavaFX Application Thread] INFO  com.stickpoint.ddmusic.App - 9. 显示舞台
21:29:44.756 [JavaFX Application Thread] INFO  com.stickpoint.ddmusic.App - 10. 添加窗口缩放支持
21:29:44.758 [JavaFX Application Thread] INFO  com.stickpoint.ddmusic.App - 11. 居中显示
21:29:44.758 [JavaFX Application Thread] INFO  com.stickpoint.ddmusic.App - 12. 应用启动完成
21:29:47.715 [JavaFX Application Thread] INFO  c.s.d.p.n.MusicPlayDetailContainer - 暂停旋转
21:29:47.715 [JavaFX Application Thread] INFO  c.s.d.p.n.MusicPlayDetailContainer - 当前播放状态: PAUSED
21:29:49.099 [JavaFX Application Thread] INFO  c.s.d.p.n.MusicPlayDetailContainer - 暂停旋转
21:29:49.099 [JavaFX Application Thread] INFO  c.s.d.p.n.MusicPlayDetailContainer - 当前播放状态: PAUSED
21:41:03.600 [JavaFX Application Thread] INFO  com.stickpoint.ddmusic.App - === 应用启动调试信息 ===
21:41:03.602 [JavaFX Application Thread] INFO  com.stickpoint.ddmusic.App - Java 版本: 21.0.7
21:41:03.602 [JavaFX Application Thread] INFO  com.stickpoint.ddmusic.App - JavaFX 版本: 21.0.7
21:41:03.602 [JavaFX Application Thread] INFO  com.stickpoint.ddmusic.App - 工作目录: G:\codeData\java\javafxProjects\bendy2025\ddmusic
21:41:03.602 [JavaFX Application Thread] INFO  com.stickpoint.ddmusic.App - 1. 开始创建 HomePage
21:41:04.114 [JavaFX Application Thread] INFO  com.stickpoint.ddmusic.App - 2. HomePage 创建成功
21:41:04.115 [JavaFX Application Thread] INFO  com.stickpoint.ddmusic.App - 3. 开始创建场景
21:41:04.134 [JavaFX Application Thread] INFO  com.stickpoint.ddmusic.App - 4. 场景创建成功
21:41:04.134 [JavaFX Application Thread] INFO  com.stickpoint.ddmusic.App - 5. 设置舞台属性
21:41:04.135 [JavaFX Application Thread] INFO  com.stickpoint.ddmusic.App - 6. 舞台属性设置完成
21:41:04.135 [JavaFX Application Thread] INFO  com.stickpoint.ddmusic.App - 7. 加载图标
21:41:04.136 [JavaFX Application Thread] INFO  com.stickpoint.ddmusic.App - 图标URL: file:/G:/codeData/java/javafxProjects/bendy2025/ddmusic/target/classes/img/logo.svg
21:41:04.136 [JavaFX Application Thread] INFO  com.stickpoint.ddmusic.App - 8. 图标加载成功
21:41:04.136 [JavaFX Application Thread] INFO  com.stickpoint.ddmusic.App - 9. 显示舞台
21:41:04.360 [JavaFX Application Thread] INFO  com.stickpoint.ddmusic.App - 10. 添加窗口缩放支持
21:41:04.362 [JavaFX Application Thread] INFO  com.stickpoint.ddmusic.App - 11. 居中显示
21:41:04.363 [JavaFX Application Thread] INFO  com.stickpoint.ddmusic.App - 12. 应用启动完成
21:42:30.362 [JavaFX Application Thread] INFO  com.stickpoint.ddmusic.App - === 应用启动调试信息 ===
21:42:30.364 [JavaFX Application Thread] INFO  com.stickpoint.ddmusic.App - Java 版本: 21.0.7
21:42:30.364 [JavaFX Application Thread] INFO  com.stickpoint.ddmusic.App - JavaFX 版本: 21.0.7
21:42:30.364 [JavaFX Application Thread] INFO  com.stickpoint.ddmusic.App - 工作目录: G:\codeData\java\javafxProjects\bendy2025\ddmusic
21:42:30.364 [JavaFX Application Thread] INFO  com.stickpoint.ddmusic.App - 1. 开始创建 HomePage
21:42:31.136 [JavaFX Application Thread] INFO  com.stickpoint.ddmusic.App - 2. HomePage 创建成功
21:42:31.136 [JavaFX Application Thread] INFO  com.stickpoint.ddmusic.App - 3. 开始创建场景
21:42:31.159 [JavaFX Application Thread] INFO  com.stickpoint.ddmusic.App - 4. 场景创建成功
21:42:31.160 [JavaFX Application Thread] INFO  com.stickpoint.ddmusic.App - 5. 设置舞台属性
21:42:31.160 [JavaFX Application Thread] INFO  com.stickpoint.ddmusic.App - 6. 舞台属性设置完成
21:42:31.160 [JavaFX Application Thread] INFO  com.stickpoint.ddmusic.App - 7. 加载图标
21:42:31.160 [JavaFX Application Thread] INFO  com.stickpoint.ddmusic.App - 图标URL: file:/G:/codeData/java/javafxProjects/bendy2025/ddmusic/target/classes/img/logo.svg
21:42:31.161 [JavaFX Application Thread] INFO  com.stickpoint.ddmusic.App - 8. 图标加载成功
21:42:31.161 [JavaFX Application Thread] INFO  com.stickpoint.ddmusic.App - 9. 显示舞台
21:42:31.378 [JavaFX Application Thread] INFO  com.stickpoint.ddmusic.App - 10. 添加窗口缩放支持
21:42:31.379 [JavaFX Application Thread] INFO  com.stickpoint.ddmusic.App - 11. 居中显示
21:42:31.379 [JavaFX Application Thread] INFO  com.stickpoint.ddmusic.App - 12. 应用启动完成
21:42:38.453 [JavaFX Application Thread] INFO  c.s.d.p.n.MusicPlayDetailContainer - 暂停旋转
21:42:38.456 [JavaFX Application Thread] INFO  c.s.d.p.n.MusicPlayDetailContainer - 当前播放状态: PAUSED
21:42:41.012 [JavaFX Application Thread] INFO  c.s.d.p.n.MusicPlayDetailContainer - 暂停旋转
21:42:41.012 [JavaFX Application Thread] INFO  c.s.d.p.n.MusicPlayDetailContainer - 当前播放状态: PAUSED
21:50:13.676 [JavaFX Application Thread] INFO  com.stickpoint.ddmusic.App - === 应用启动调试信息 ===
21:50:13.677 [JavaFX Application Thread] INFO  com.stickpoint.ddmusic.App - Java 版本: 21.0.7
21:50:13.678 [JavaFX Application Thread] INFO  com.stickpoint.ddmusic.App - JavaFX 版本: 21.0.7
21:50:13.678 [JavaFX Application Thread] INFO  com.stickpoint.ddmusic.App - 工作目录: G:\codeData\java\javafxProjects\bendy2025\ddmusic
21:50:13.678 [JavaFX Application Thread] INFO  com.stickpoint.ddmusic.App - 1. 开始创建 HomePage
21:50:14.183 [JavaFX Application Thread] INFO  com.stickpoint.ddmusic.App - 2. HomePage 创建成功
21:50:14.183 [JavaFX Application Thread] INFO  com.stickpoint.ddmusic.App - 3. 开始创建场景
21:50:14.202 [JavaFX Application Thread] INFO  com.stickpoint.ddmusic.App - 4. 场景创建成功
21:50:14.203 [JavaFX Application Thread] INFO  com.stickpoint.ddmusic.App - 5. 设置舞台属性
21:50:14.203 [JavaFX Application Thread] INFO  com.stickpoint.ddmusic.App - 6. 舞台属性设置完成
21:50:14.203 [JavaFX Application Thread] INFO  com.stickpoint.ddmusic.App - 7. 加载图标
21:50:14.204 [JavaFX Application Thread] INFO  com.stickpoint.ddmusic.App - 图标URL: file:/G:/codeData/java/javafxProjects/bendy2025/ddmusic/target/classes/img/logo.svg
21:50:14.204 [JavaFX Application Thread] INFO  com.stickpoint.ddmusic.App - 8. 图标加载成功
21:50:14.204 [JavaFX Application Thread] INFO  com.stickpoint.ddmusic.App - 9. 显示舞台
21:50:14.410 [JavaFX Application Thread] INFO  com.stickpoint.ddmusic.App - 10. 添加窗口缩放支持
21:50:14.411 [JavaFX Application Thread] INFO  com.stickpoint.ddmusic.App - 11. 居中显示
21:50:14.411 [JavaFX Application Thread] INFO  com.stickpoint.ddmusic.App - 12. 应用启动完成
21:50:19.450 [JavaFX Application Thread] INFO  c.s.d.p.n.MusicPlayDetailContainer - 暂停旋转
21:50:19.450 [JavaFX Application Thread] INFO  c.s.d.p.n.MusicPlayDetailContainer - 当前播放状态: PAUSED
21:50:46.818 [JavaFX Application Thread] INFO  com.stickpoint.ddmusic.App - === 应用启动调试信息 ===
21:50:46.820 [JavaFX Application Thread] INFO  com.stickpoint.ddmusic.App - Java 版本: 21.0.7
21:50:46.821 [JavaFX Application Thread] INFO  com.stickpoint.ddmusic.App - JavaFX 版本: 21.0.7
21:50:46.821 [JavaFX Application Thread] INFO  com.stickpoint.ddmusic.App - 工作目录: G:\codeData\java\javafxProjects\bendy2025\ddmusic
21:50:46.821 [JavaFX Application Thread] INFO  com.stickpoint.ddmusic.App - 1. 开始创建 HomePage
21:50:47.312 [JavaFX Application Thread] INFO  com.stickpoint.ddmusic.App - 2. HomePage 创建成功
21:50:47.312 [JavaFX Application Thread] INFO  com.stickpoint.ddmusic.App - 3. 开始创建场景
21:50:47.331 [JavaFX Application Thread] INFO  com.stickpoint.ddmusic.App - 4. 场景创建成功
21:50:47.331 [JavaFX Application Thread] INFO  com.stickpoint.ddmusic.App - 5. 设置舞台属性
21:50:47.331 [JavaFX Application Thread] INFO  com.stickpoint.ddmusic.App - 6. 舞台属性设置完成
21:50:47.331 [JavaFX Application Thread] INFO  com.stickpoint.ddmusic.App - 7. 加载图标
21:50:47.332 [JavaFX Application Thread] INFO  com.stickpoint.ddmusic.App - 图标URL: file:/G:/codeData/java/javafxProjects/bendy2025/ddmusic/target/classes/img/logo.svg
21:50:47.333 [JavaFX Application Thread] INFO  com.stickpoint.ddmusic.App - 8. 图标加载成功
21:50:47.333 [JavaFX Application Thread] INFO  com.stickpoint.ddmusic.App - 9. 显示舞台
21:50:47.551 [JavaFX Application Thread] INFO  com.stickpoint.ddmusic.App - 10. 添加窗口缩放支持
21:50:47.553 [JavaFX Application Thread] INFO  com.stickpoint.ddmusic.App - 11. 居中显示
21:50:47.553 [JavaFX Application Thread] INFO  com.stickpoint.ddmusic.App - 12. 应用启动完成
21:50:53.014 [JavaFX Application Thread] INFO  c.s.d.p.n.MusicPlayDetailContainer - 暂停旋转
21:50:53.017 [JavaFX Application Thread] INFO  c.s.d.p.n.MusicPlayDetailContainer - 当前播放状态: PAUSED
21:50:56.842 [JavaFX Application Thread] INFO  c.s.d.p.n.MusicPlayDetailContainer - 暂停旋转
21:50:56.843 [JavaFX Application Thread] INFO  c.s.d.p.n.MusicPlayDetailContainer - 当前播放状态: PAUSED
21:51:14.833 [JavaFX Application Thread] INFO  c.s.d.p.n.MusicPlayDetailContainer - 暂停旋转
21:51:14.834 [JavaFX Application Thread] INFO  c.s.d.p.n.MusicPlayDetailContainer - 当前播放状态: PAUSED
21:53:37.241 [JavaFX Application Thread] INFO  c.s.d.p.n.MusicPlayDetailContainer - 暂停旋转
21:53:37.242 [JavaFX Application Thread] INFO  c.s.d.p.n.MusicPlayDetailContainer - 当前播放状态: PAUSED
21:54:14.088 [JavaFX Application Thread] INFO  com.stickpoint.ddmusic.App - === 应用启动调试信息 ===
21:54:14.090 [JavaFX Application Thread] INFO  com.stickpoint.ddmusic.App - Java 版本: 21.0.7
21:54:14.090 [JavaFX Application Thread] INFO  com.stickpoint.ddmusic.App - JavaFX 版本: 21.0.7
21:54:14.090 [JavaFX Application Thread] INFO  com.stickpoint.ddmusic.App - 工作目录: G:\codeData\java\javafxProjects\bendy2025\ddmusic
21:54:14.090 [JavaFX Application Thread] INFO  com.stickpoint.ddmusic.App - 1. 开始创建 HomePage
21:54:14.827 [JavaFX Application Thread] INFO  com.stickpoint.ddmusic.App - 2. HomePage 创建成功
21:54:14.827 [JavaFX Application Thread] INFO  com.stickpoint.ddmusic.App - 3. 开始创建场景
21:54:14.847 [JavaFX Application Thread] INFO  com.stickpoint.ddmusic.App - 4. 场景创建成功
21:54:14.847 [JavaFX Application Thread] INFO  com.stickpoint.ddmusic.App - 5. 设置舞台属性
21:54:14.847 [JavaFX Application Thread] INFO  com.stickpoint.ddmusic.App - 6. 舞台属性设置完成
21:54:14.847 [JavaFX Application Thread] INFO  com.stickpoint.ddmusic.App - 7. 加载图标
21:54:14.848 [JavaFX Application Thread] INFO  com.stickpoint.ddmusic.App - 图标URL: file:/G:/codeData/java/javafxProjects/bendy2025/ddmusic/target/classes/img/logo.svg
21:54:14.848 [JavaFX Application Thread] INFO  com.stickpoint.ddmusic.App - 8. 图标加载成功
21:54:14.849 [JavaFX Application Thread] INFO  com.stickpoint.ddmusic.App - 9. 显示舞台
21:54:15.039 [JavaFX Application Thread] INFO  com.stickpoint.ddmusic.App - 10. 添加窗口缩放支持
21:54:15.040 [JavaFX Application Thread] INFO  com.stickpoint.ddmusic.App - 11. 居中显示
21:54:15.040 [JavaFX Application Thread] INFO  com.stickpoint.ddmusic.App - 12. 应用启动完成
21:54:27.674 [JavaFX Application Thread] INFO  com.stickpoint.ddmusic.App - === 应用启动调试信息 ===
21:54:27.676 [JavaFX Application Thread] INFO  com.stickpoint.ddmusic.App - Java 版本: 21.0.7
21:54:27.677 [JavaFX Application Thread] INFO  com.stickpoint.ddmusic.App - JavaFX 版本: 21.0.7
21:54:27.677 [JavaFX Application Thread] INFO  com.stickpoint.ddmusic.App - 工作目录: G:\codeData\java\javafxProjects\bendy2025\ddmusic
21:54:27.677 [JavaFX Application Thread] INFO  com.stickpoint.ddmusic.App - 1. 开始创建 HomePage
21:54:28.183 [JavaFX Application Thread] INFO  com.stickpoint.ddmusic.App - 2. HomePage 创建成功
21:54:28.183 [JavaFX Application Thread] INFO  com.stickpoint.ddmusic.App - 3. 开始创建场景
21:54:28.201 [JavaFX Application Thread] INFO  com.stickpoint.ddmusic.App - 4. 场景创建成功
21:54:28.201 [JavaFX Application Thread] INFO  com.stickpoint.ddmusic.App - 5. 设置舞台属性
21:54:28.202 [JavaFX Application Thread] INFO  com.stickpoint.ddmusic.App - 6. 舞台属性设置完成
21:54:28.202 [JavaFX Application Thread] INFO  com.stickpoint.ddmusic.App - 7. 加载图标
21:54:28.202 [JavaFX Application Thread] INFO  com.stickpoint.ddmusic.App - 图标URL: file:/G:/codeData/java/javafxProjects/bendy2025/ddmusic/target/classes/img/logo.svg
21:54:28.203 [JavaFX Application Thread] INFO  com.stickpoint.ddmusic.App - 8. 图标加载成功
21:54:28.203 [JavaFX Application Thread] INFO  com.stickpoint.ddmusic.App - 9. 显示舞台
21:54:28.417 [JavaFX Application Thread] INFO  com.stickpoint.ddmusic.App - 10. 添加窗口缩放支持
21:54:28.419 [JavaFX Application Thread] INFO  com.stickpoint.ddmusic.App - 11. 居中显示
21:54:28.419 [JavaFX Application Thread] INFO  com.stickpoint.ddmusic.App - 12. 应用启动完成
21:54:53.411 [JavaFX Application Thread] INFO  com.stickpoint.ddmusic.App - === 应用启动调试信息 ===
21:54:53.412 [JavaFX Application Thread] INFO  com.stickpoint.ddmusic.App - Java 版本: 21.0.7
21:54:53.412 [JavaFX Application Thread] INFO  com.stickpoint.ddmusic.App - JavaFX 版本: 21.0.7
21:54:53.412 [JavaFX Application Thread] INFO  com.stickpoint.ddmusic.App - 工作目录: G:\codeData\java\javafxProjects\bendy2025\ddmusic
21:54:53.412 [JavaFX Application Thread] INFO  com.stickpoint.ddmusic.App - 1. 开始创建 HomePage
21:54:53.919 [JavaFX Application Thread] INFO  com.stickpoint.ddmusic.App - 2. HomePage 创建成功
21:54:53.919 [JavaFX Application Thread] INFO  com.stickpoint.ddmusic.App - 3. 开始创建场景
21:54:53.941 [JavaFX Application Thread] INFO  com.stickpoint.ddmusic.App - 4. 场景创建成功
21:54:53.941 [JavaFX Application Thread] INFO  com.stickpoint.ddmusic.App - 5. 设置舞台属性
21:54:53.942 [JavaFX Application Thread] INFO  com.stickpoint.ddmusic.App - 6. 舞台属性设置完成
21:54:53.942 [JavaFX Application Thread] INFO  com.stickpoint.ddmusic.App - 7. 加载图标
21:54:53.942 [JavaFX Application Thread] INFO  com.stickpoint.ddmusic.App - 图标URL: file:/G:/codeData/java/javafxProjects/bendy2025/ddmusic/target/classes/img/logo.svg
21:54:53.943 [JavaFX Application Thread] INFO  com.stickpoint.ddmusic.App - 8. 图标加载成功
21:54:53.943 [JavaFX Application Thread] INFO  com.stickpoint.ddmusic.App - 9. 显示舞台
21:54:54.155 [JavaFX Application Thread] INFO  com.stickpoint.ddmusic.App - 10. 添加窗口缩放支持
21:54:54.156 [JavaFX Application Thread] INFO  com.stickpoint.ddmusic.App - 11. 居中显示
21:54:54.156 [JavaFX Application Thread] INFO  com.stickpoint.ddmusic.App - 12. 应用启动完成
21:55:04.756 [JavaFX Application Thread] INFO  com.stickpoint.ddmusic.App - === 应用启动调试信息 ===
21:55:04.757 [JavaFX Application Thread] INFO  com.stickpoint.ddmusic.App - Java 版本: 21.0.7
21:55:04.757 [JavaFX Application Thread] INFO  com.stickpoint.ddmusic.App - JavaFX 版本: 21.0.7
21:55:04.758 [JavaFX Application Thread] INFO  com.stickpoint.ddmusic.App - 工作目录: G:\codeData\java\javafxProjects\bendy2025\ddmusic
21:55:04.758 [JavaFX Application Thread] INFO  com.stickpoint.ddmusic.App - 1. 开始创建 HomePage
21:55:05.253 [JavaFX Application Thread] INFO  com.stickpoint.ddmusic.App - 2. HomePage 创建成功
21:55:05.253 [JavaFX Application Thread] INFO  com.stickpoint.ddmusic.App - 3. 开始创建场景
21:55:05.272 [JavaFX Application Thread] INFO  com.stickpoint.ddmusic.App - 4. 场景创建成功
21:55:05.272 [JavaFX Application Thread] INFO  com.stickpoint.ddmusic.App - 5. 设置舞台属性
21:55:05.273 [JavaFX Application Thread] INFO  com.stickpoint.ddmusic.App - 6. 舞台属性设置完成
21:55:05.273 [JavaFX Application Thread] INFO  com.stickpoint.ddmusic.App - 7. 加载图标
21:55:05.273 [JavaFX Application Thread] INFO  com.stickpoint.ddmusic.App - 图标URL: file:/G:/codeData/java/javafxProjects/bendy2025/ddmusic/target/classes/img/logo.svg
21:55:05.274 [JavaFX Application Thread] INFO  com.stickpoint.ddmusic.App - 8. 图标加载成功
21:55:05.274 [JavaFX Application Thread] INFO  com.stickpoint.ddmusic.App - 9. 显示舞台
21:55:05.495 [JavaFX Application Thread] INFO  com.stickpoint.ddmusic.App - 10. 添加窗口缩放支持
21:55:05.496 [JavaFX Application Thread] INFO  com.stickpoint.ddmusic.App - 11. 居中显示
21:55:05.496 [JavaFX Application Thread] INFO  com.stickpoint.ddmusic.App - 12. 应用启动完成
21:55:19.792 [JavaFX Application Thread] INFO  com.stickpoint.ddmusic.App - === 应用启动调试信息 ===
21:55:19.793 [JavaFX Application Thread] INFO  com.stickpoint.ddmusic.App - Java 版本: 21.0.7
21:55:19.793 [JavaFX Application Thread] INFO  com.stickpoint.ddmusic.App - JavaFX 版本: 21.0.7
21:55:19.793 [JavaFX Application Thread] INFO  com.stickpoint.ddmusic.App - 工作目录: G:\codeData\java\javafxProjects\bendy2025\ddmusic
21:55:19.793 [JavaFX Application Thread] INFO  com.stickpoint.ddmusic.App - 1. 开始创建 HomePage
21:55:20.327 [JavaFX Application Thread] INFO  com.stickpoint.ddmusic.App - 2. HomePage 创建成功
21:55:20.327 [JavaFX Application Thread] INFO  com.stickpoint.ddmusic.App - 3. 开始创建场景
21:55:20.345 [JavaFX Application Thread] INFO  com.stickpoint.ddmusic.App - 4. 场景创建成功
21:55:20.345 [JavaFX Application Thread] INFO  com.stickpoint.ddmusic.App - 5. 设置舞台属性
21:55:20.346 [JavaFX Application Thread] INFO  com.stickpoint.ddmusic.App - 6. 舞台属性设置完成
21:55:20.346 [JavaFX Application Thread] INFO  com.stickpoint.ddmusic.App - 7. 加载图标
21:55:20.346 [JavaFX Application Thread] INFO  com.stickpoint.ddmusic.App - 图标URL: file:/G:/codeData/java/javafxProjects/bendy2025/ddmusic/target/classes/img/logo.svg
21:55:20.347 [JavaFX Application Thread] INFO  com.stickpoint.ddmusic.App - 8. 图标加载成功
21:55:20.347 [JavaFX Application Thread] INFO  com.stickpoint.ddmusic.App - 9. 显示舞台
21:55:20.550 [JavaFX Application Thread] INFO  com.stickpoint.ddmusic.App - 10. 添加窗口缩放支持
21:55:20.550 [JavaFX Application Thread] INFO  com.stickpoint.ddmusic.App - 11. 居中显示
21:55:20.552 [JavaFX Application Thread] INFO  com.stickpoint.ddmusic.App - 12. 应用启动完成
21:55:30.955 [JavaFX Application Thread] INFO  com.stickpoint.ddmusic.App - === 应用启动调试信息 ===
21:55:30.957 [JavaFX Application Thread] INFO  com.stickpoint.ddmusic.App - Java 版本: 21.0.7
21:55:30.958 [JavaFX Application Thread] INFO  com.stickpoint.ddmusic.App - JavaFX 版本: 21.0.7
21:55:30.958 [JavaFX Application Thread] INFO  com.stickpoint.ddmusic.App - 工作目录: G:\codeData\java\javafxProjects\bendy2025\ddmusic
21:55:30.958 [JavaFX Application Thread] INFO  com.stickpoint.ddmusic.App - 1. 开始创建 HomePage
21:55:31.498 [JavaFX Application Thread] INFO  com.stickpoint.ddmusic.App - 2. HomePage 创建成功
21:55:31.498 [JavaFX Application Thread] INFO  com.stickpoint.ddmusic.App - 3. 开始创建场景
21:55:31.520 [JavaFX Application Thread] INFO  com.stickpoint.ddmusic.App - 4. 场景创建成功
21:55:31.520 [JavaFX Application Thread] INFO  com.stickpoint.ddmusic.App - 5. 设置舞台属性
21:55:31.521 [JavaFX Application Thread] INFO  com.stickpoint.ddmusic.App - 6. 舞台属性设置完成
21:55:31.521 [JavaFX Application Thread] INFO  com.stickpoint.ddmusic.App - 7. 加载图标
21:55:31.521 [JavaFX Application Thread] INFO  com.stickpoint.ddmusic.App - 图标URL: file:/G:/codeData/java/javafxProjects/bendy2025/ddmusic/target/classes/img/logo.svg
21:55:31.522 [JavaFX Application Thread] INFO  com.stickpoint.ddmusic.App - 8. 图标加载成功
21:55:31.522 [JavaFX Application Thread] INFO  com.stickpoint.ddmusic.App - 9. 显示舞台
21:55:31.729 [JavaFX Application Thread] INFO  com.stickpoint.ddmusic.App - 10. 添加窗口缩放支持
21:55:31.730 [JavaFX Application Thread] INFO  com.stickpoint.ddmusic.App - 11. 居中显示
21:55:31.730 [JavaFX Application Thread] INFO  com.stickpoint.ddmusic.App - 12. 应用启动完成
21:55:36.489 [JavaFX Application Thread] INFO  c.s.d.p.n.MusicPlayDetailContainer - 暂停旋转
21:55:36.489 [JavaFX Application Thread] INFO  c.s.d.p.n.MusicPlayDetailContainer - 当前播放状态: PAUSED
21:55:48.309 [JavaFX Application Thread] INFO  com.stickpoint.ddmusic.App - === 应用启动调试信息 ===
21:55:48.310 [JavaFX Application Thread] INFO  com.stickpoint.ddmusic.App - Java 版本: 21.0.7
21:55:48.311 [JavaFX Application Thread] INFO  com.stickpoint.ddmusic.App - JavaFX 版本: 21.0.7
21:55:48.311 [JavaFX Application Thread] INFO  com.stickpoint.ddmusic.App - 工作目录: G:\codeData\java\javafxProjects\bendy2025\ddmusic
21:55:48.311 [JavaFX Application Thread] INFO  com.stickpoint.ddmusic.App - 1. 开始创建 HomePage
21:55:48.770 [JavaFX Application Thread] INFO  com.stickpoint.ddmusic.App - 2. HomePage 创建成功
21:55:48.770 [JavaFX Application Thread] INFO  com.stickpoint.ddmusic.App - 3. 开始创建场景
21:55:48.789 [JavaFX Application Thread] INFO  com.stickpoint.ddmusic.App - 4. 场景创建成功
21:55:48.789 [JavaFX Application Thread] INFO  com.stickpoint.ddmusic.App - 5. 设置舞台属性
21:55:48.789 [JavaFX Application Thread] INFO  com.stickpoint.ddmusic.App - 6. 舞台属性设置完成
21:55:48.790 [JavaFX Application Thread] INFO  com.stickpoint.ddmusic.App - 7. 加载图标
21:55:48.790 [JavaFX Application Thread] INFO  com.stickpoint.ddmusic.App - 图标URL: file:/G:/codeData/java/javafxProjects/bendy2025/ddmusic/target/classes/img/logo.svg
21:55:48.791 [JavaFX Application Thread] INFO  com.stickpoint.ddmusic.App - 8. 图标加载成功
21:55:48.791 [JavaFX Application Thread] INFO  com.stickpoint.ddmusic.App - 9. 显示舞台
21:55:48.985 [JavaFX Application Thread] INFO  com.stickpoint.ddmusic.App - 10. 添加窗口缩放支持
21:55:48.986 [JavaFX Application Thread] INFO  com.stickpoint.ddmusic.App - 11. 居中显示
21:55:48.987 [JavaFX Application Thread] INFO  com.stickpoint.ddmusic.App - 12. 应用启动完成
21:55:53.417 [JavaFX Application Thread] INFO  c.s.d.p.n.MusicPlayDetailContainer - 暂停旋转
21:55:53.418 [JavaFX Application Thread] INFO  c.s.d.p.n.MusicPlayDetailContainer - 当前播放状态: PAUSED
21:55:55.954 [JavaFX Application Thread] INFO  c.s.d.p.n.MusicPlayDetailContainer - 暂停旋转
21:55:55.955 [JavaFX Application Thread] INFO  c.s.d.p.n.MusicPlayDetailContainer - 当前播放状态: PAUSED
21:56:24.877 [JavaFX Application Thread] INFO  com.stickpoint.ddmusic.App - === 应用启动调试信息 ===
21:56:24.878 [JavaFX Application Thread] INFO  com.stickpoint.ddmusic.App - Java 版本: 21.0.7
21:56:24.879 [JavaFX Application Thread] INFO  com.stickpoint.ddmusic.App - JavaFX 版本: 21.0.7
21:56:24.879 [JavaFX Application Thread] INFO  com.stickpoint.ddmusic.App - 工作目录: G:\codeData\java\javafxProjects\bendy2025\ddmusic
21:56:24.879 [JavaFX Application Thread] INFO  com.stickpoint.ddmusic.App - 1. 开始创建 HomePage
21:56:25.389 [JavaFX Application Thread] INFO  com.stickpoint.ddmusic.App - 2. HomePage 创建成功
21:56:25.389 [JavaFX Application Thread] INFO  com.stickpoint.ddmusic.App - 3. 开始创建场景
21:56:25.412 [JavaFX Application Thread] INFO  com.stickpoint.ddmusic.App - 4. 场景创建成功
21:56:25.412 [JavaFX Application Thread] INFO  com.stickpoint.ddmusic.App - 5. 设置舞台属性
21:56:25.412 [JavaFX Application Thread] INFO  com.stickpoint.ddmusic.App - 6. 舞台属性设置完成
21:56:25.413 [JavaFX Application Thread] INFO  com.stickpoint.ddmusic.App - 7. 加载图标
21:56:25.413 [JavaFX Application Thread] INFO  com.stickpoint.ddmusic.App - 图标URL: file:/G:/codeData/java/javafxProjects/bendy2025/ddmusic/target/classes/img/logo.svg
21:56:25.414 [JavaFX Application Thread] INFO  com.stickpoint.ddmusic.App - 8. 图标加载成功
21:56:25.414 [JavaFX Application Thread] INFO  com.stickpoint.ddmusic.App - 9. 显示舞台
21:56:25.636 [JavaFX Application Thread] INFO  com.stickpoint.ddmusic.App - 10. 添加窗口缩放支持
21:56:25.637 [JavaFX Application Thread] INFO  com.stickpoint.ddmusic.App - 11. 居中显示
21:56:25.637 [JavaFX Application Thread] INFO  com.stickpoint.ddmusic.App - 12. 应用启动完成
21:56:39.801 [JavaFX Application Thread] INFO  com.stickpoint.ddmusic.App - === 应用启动调试信息 ===
21:56:39.802 [JavaFX Application Thread] INFO  com.stickpoint.ddmusic.App - Java 版本: 21.0.7
21:56:39.802 [JavaFX Application Thread] INFO  com.stickpoint.ddmusic.App - JavaFX 版本: 21.0.7
21:56:39.803 [JavaFX Application Thread] INFO  com.stickpoint.ddmusic.App - 工作目录: G:\codeData\java\javafxProjects\bendy2025\ddmusic
21:56:39.803 [JavaFX Application Thread] INFO  com.stickpoint.ddmusic.App - 1. 开始创建 HomePage
21:56:40.293 [JavaFX Application Thread] INFO  com.stickpoint.ddmusic.App - 2. HomePage 创建成功
21:56:40.293 [JavaFX Application Thread] INFO  com.stickpoint.ddmusic.App - 3. 开始创建场景
21:56:40.322 [JavaFX Application Thread] INFO  com.stickpoint.ddmusic.App - 4. 场景创建成功
21:56:40.322 [JavaFX Application Thread] INFO  com.stickpoint.ddmusic.App - 5. 设置舞台属性
21:56:40.323 [JavaFX Application Thread] INFO  com.stickpoint.ddmusic.App - 6. 舞台属性设置完成
21:56:40.323 [JavaFX Application Thread] INFO  com.stickpoint.ddmusic.App - 7. 加载图标
21:56:40.323 [JavaFX Application Thread] INFO  com.stickpoint.ddmusic.App - 图标URL: file:/G:/codeData/java/javafxProjects/bendy2025/ddmusic/target/classes/img/logo.svg
21:56:40.324 [JavaFX Application Thread] INFO  com.stickpoint.ddmusic.App - 8. 图标加载成功
21:56:40.324 [JavaFX Application Thread] INFO  com.stickpoint.ddmusic.App - 9. 显示舞台
21:56:40.514 [JavaFX Application Thread] INFO  com.stickpoint.ddmusic.App - 10. 添加窗口缩放支持
21:56:40.515 [JavaFX Application Thread] INFO  com.stickpoint.ddmusic.App - 11. 居中显示
21:56:40.516 [JavaFX Application Thread] INFO  com.stickpoint.ddmusic.App - 12. 应用启动完成
21:56:50.222 [JavaFX Application Thread] INFO  com.stickpoint.ddmusic.App - === 应用启动调试信息 ===
21:56:50.224 [JavaFX Application Thread] INFO  com.stickpoint.ddmusic.App - Java 版本: 21.0.7
21:56:50.224 [JavaFX Application Thread] INFO  com.stickpoint.ddmusic.App - JavaFX 版本: 21.0.7
21:56:50.224 [JavaFX Application Thread] INFO  com.stickpoint.ddmusic.App - 工作目录: G:\codeData\java\javafxProjects\bendy2025\ddmusic
21:56:50.224 [JavaFX Application Thread] INFO  com.stickpoint.ddmusic.App - 1. 开始创建 HomePage
21:56:50.714 [JavaFX Application Thread] INFO  com.stickpoint.ddmusic.App - 2. HomePage 创建成功
21:56:50.714 [JavaFX Application Thread] INFO  com.stickpoint.ddmusic.App - 3. 开始创建场景
21:56:50.732 [JavaFX Application Thread] INFO  com.stickpoint.ddmusic.App - 4. 场景创建成功
21:56:50.732 [JavaFX Application Thread] INFO  com.stickpoint.ddmusic.App - 5. 设置舞台属性
21:56:50.733 [JavaFX Application Thread] INFO  com.stickpoint.ddmusic.App - 6. 舞台属性设置完成
21:56:50.733 [JavaFX Application Thread] INFO  com.stickpoint.ddmusic.App - 7. 加载图标
21:56:50.734 [JavaFX Application Thread] INFO  com.stickpoint.ddmusic.App - 图标URL: file:/G:/codeData/java/javafxProjects/bendy2025/ddmusic/target/classes/img/logo.svg
21:56:50.734 [JavaFX Application Thread] INFO  com.stickpoint.ddmusic.App - 8. 图标加载成功
21:56:50.734 [JavaFX Application Thread] INFO  com.stickpoint.ddmusic.App - 9. 显示舞台
21:56:50.942 [JavaFX Application Thread] INFO  com.stickpoint.ddmusic.App - 10. 添加窗口缩放支持
21:56:50.944 [JavaFX Application Thread] INFO  com.stickpoint.ddmusic.App - 11. 居中显示
21:56:50.944 [JavaFX Application Thread] INFO  com.stickpoint.ddmusic.App - 12. 应用启动完成
21:57:16.138 [JavaFX Application Thread] INFO  com.stickpoint.ddmusic.App - === 应用启动调试信息 ===
21:57:16.139 [JavaFX Application Thread] INFO  com.stickpoint.ddmusic.App - Java 版本: 21.0.7
21:57:16.140 [JavaFX Application Thread] INFO  com.stickpoint.ddmusic.App - JavaFX 版本: 21.0.7
21:57:16.140 [JavaFX Application Thread] INFO  com.stickpoint.ddmusic.App - 工作目录: G:\codeData\java\javafxProjects\bendy2025\ddmusic
21:57:16.140 [JavaFX Application Thread] INFO  com.stickpoint.ddmusic.App - 1. 开始创建 HomePage
21:57:16.620 [JavaFX Application Thread] INFO  com.stickpoint.ddmusic.App - 2. HomePage 创建成功
21:57:16.620 [JavaFX Application Thread] INFO  com.stickpoint.ddmusic.App - 3. 开始创建场景
21:57:16.642 [JavaFX Application Thread] INFO  com.stickpoint.ddmusic.App - 4. 场景创建成功
21:57:16.642 [JavaFX Application Thread] INFO  com.stickpoint.ddmusic.App - 5. 设置舞台属性
21:57:16.643 [JavaFX Application Thread] INFO  com.stickpoint.ddmusic.App - 6. 舞台属性设置完成
21:57:16.644 [JavaFX Application Thread] INFO  com.stickpoint.ddmusic.App - 7. 加载图标
21:57:16.644 [JavaFX Application Thread] INFO  com.stickpoint.ddmusic.App - 图标URL: file:/G:/codeData/java/javafxProjects/bendy2025/ddmusic/target/classes/img/logo.svg
21:57:16.645 [JavaFX Application Thread] INFO  com.stickpoint.ddmusic.App - 8. 图标加载成功
21:57:16.645 [JavaFX Application Thread] INFO  com.stickpoint.ddmusic.App - 9. 显示舞台
21:57:16.866 [JavaFX Application Thread] INFO  com.stickpoint.ddmusic.App - 10. 添加窗口缩放支持
21:57:16.867 [JavaFX Application Thread] INFO  com.stickpoint.ddmusic.App - 11. 居中显示
21:57:16.868 [JavaFX Application Thread] INFO  com.stickpoint.ddmusic.App - 12. 应用启动完成
21:57:22.618 [JavaFX Application Thread] INFO  c.s.d.p.n.MusicPlayDetailContainer - 暂停旋转
21:57:22.619 [JavaFX Application Thread] INFO  c.s.d.p.n.MusicPlayDetailContainer - 当前播放状态: PAUSED
21:59:12.754 [JavaFX Application Thread] INFO  com.stickpoint.ddmusic.App - === 应用启动调试信息 ===
21:59:12.755 [JavaFX Application Thread] INFO  com.stickpoint.ddmusic.App - Java 版本: 21.0.7
21:59:12.755 [JavaFX Application Thread] INFO  com.stickpoint.ddmusic.App - JavaFX 版本: 21.0.7
21:59:12.756 [JavaFX Application Thread] INFO  com.stickpoint.ddmusic.App - 工作目录: G:\codeData\java\javafxProjects\bendy2025\ddmusic
21:59:12.756 [JavaFX Application Thread] INFO  com.stickpoint.ddmusic.App - 1. 开始创建 HomePage
21:59:13.349 [JavaFX Application Thread] INFO  com.stickpoint.ddmusic.App - 2. HomePage 创建成功
21:59:13.350 [JavaFX Application Thread] INFO  com.stickpoint.ddmusic.App - 3. 开始创建场景
21:59:13.371 [JavaFX Application Thread] INFO  com.stickpoint.ddmusic.App - 4. 场景创建成功
21:59:13.371 [JavaFX Application Thread] INFO  com.stickpoint.ddmusic.App - 5. 设置舞台属性
21:59:13.372 [JavaFX Application Thread] INFO  com.stickpoint.ddmusic.App - 6. 舞台属性设置完成
21:59:13.372 [JavaFX Application Thread] INFO  com.stickpoint.ddmusic.App - 7. 加载图标
21:59:13.372 [JavaFX Application Thread] INFO  com.stickpoint.ddmusic.App - 图标URL: file:/G:/codeData/java/javafxProjects/bendy2025/ddmusic/target/classes/img/logo.svg
21:59:13.373 [JavaFX Application Thread] INFO  com.stickpoint.ddmusic.App - 8. 图标加载成功
21:59:13.373 [JavaFX Application Thread] INFO  com.stickpoint.ddmusic.App - 9. 显示舞台
21:59:13.588 [JavaFX Application Thread] INFO  com.stickpoint.ddmusic.App - 10. 添加窗口缩放支持
21:59:13.590 [JavaFX Application Thread] INFO  com.stickpoint.ddmusic.App - 11. 居中显示
21:59:13.590 [JavaFX Application Thread] INFO  com.stickpoint.ddmusic.App - 12. 应用启动完成
21:59:18.066 [JavaFX Application Thread] INFO  c.s.d.p.n.MusicPlayDetailContainer - 暂停旋转
21:59:18.066 [JavaFX Application Thread] INFO  c.s.d.p.n.MusicPlayDetailContainer - 当前播放状态: PAUSED
21:59:31.697 [JavaFX Application Thread] INFO  com.stickpoint.ddmusic.App - === 应用启动调试信息 ===
21:59:31.699 [JavaFX Application Thread] INFO  com.stickpoint.ddmusic.App - Java 版本: 21.0.7
21:59:31.699 [JavaFX Application Thread] INFO  com.stickpoint.ddmusic.App - JavaFX 版本: 21.0.7
21:59:31.699 [JavaFX Application Thread] INFO  com.stickpoint.ddmusic.App - 工作目录: G:\codeData\java\javafxProjects\bendy2025\ddmusic
21:59:31.699 [JavaFX Application Thread] INFO  com.stickpoint.ddmusic.App - 1. 开始创建 HomePage
21:59:32.212 [JavaFX Application Thread] INFO  com.stickpoint.ddmusic.App - 2. HomePage 创建成功
21:59:32.212 [JavaFX Application Thread] INFO  com.stickpoint.ddmusic.App - 3. 开始创建场景
21:59:32.231 [JavaFX Application Thread] INFO  com.stickpoint.ddmusic.App - 4. 场景创建成功
21:59:32.231 [JavaFX Application Thread] INFO  com.stickpoint.ddmusic.App - 5. 设置舞台属性
21:59:32.232 [JavaFX Application Thread] INFO  com.stickpoint.ddmusic.App - 6. 舞台属性设置完成
21:59:32.232 [JavaFX Application Thread] INFO  com.stickpoint.ddmusic.App - 7. 加载图标
21:59:32.232 [JavaFX Application Thread] INFO  com.stickpoint.ddmusic.App - 图标URL: file:/G:/codeData/java/javafxProjects/bendy2025/ddmusic/target/classes/img/logo.svg
21:59:32.233 [JavaFX Application Thread] INFO  com.stickpoint.ddmusic.App - 8. 图标加载成功
21:59:32.233 [JavaFX Application Thread] INFO  com.stickpoint.ddmusic.App - 9. 显示舞台
21:59:32.453 [JavaFX Application Thread] INFO  com.stickpoint.ddmusic.App - 10. 添加窗口缩放支持
21:59:32.454 [JavaFX Application Thread] INFO  com.stickpoint.ddmusic.App - 11. 居中显示
21:59:32.455 [JavaFX Application Thread] INFO  com.stickpoint.ddmusic.App - 12. 应用启动完成
21:59:36.242 [JavaFX Application Thread] INFO  c.s.d.p.n.MusicPlayDetailContainer - 暂停旋转
21:59:36.243 [JavaFX Application Thread] INFO  c.s.d.p.n.MusicPlayDetailContainer - 当前播放状态: PAUSED
22:00:22.388 [JavaFX Application Thread] INFO  com.stickpoint.ddmusic.App - === 应用启动调试信息 ===
22:00:22.390 [JavaFX Application Thread] INFO  com.stickpoint.ddmusic.App - Java 版本: 21.0.7
22:00:22.391 [JavaFX Application Thread] INFO  com.stickpoint.ddmusic.App - JavaFX 版本: 21.0.7
22:00:22.391 [JavaFX Application Thread] INFO  com.stickpoint.ddmusic.App - 工作目录: G:\codeData\java\javafxProjects\bendy2025\ddmusic
22:00:22.391 [JavaFX Application Thread] INFO  com.stickpoint.ddmusic.App - 1. 开始创建 HomePage
22:00:22.884 [JavaFX Application Thread] INFO  com.stickpoint.ddmusic.App - 2. HomePage 创建成功
22:00:22.884 [JavaFX Application Thread] INFO  com.stickpoint.ddmusic.App - 3. 开始创建场景
22:00:22.902 [JavaFX Application Thread] INFO  com.stickpoint.ddmusic.App - 4. 场景创建成功
22:00:22.903 [JavaFX Application Thread] INFO  com.stickpoint.ddmusic.App - 5. 设置舞台属性
22:00:22.903 [JavaFX Application Thread] INFO  com.stickpoint.ddmusic.App - 6. 舞台属性设置完成
22:00:22.903 [JavaFX Application Thread] INFO  com.stickpoint.ddmusic.App - 7. 加载图标
22:00:22.904 [JavaFX Application Thread] INFO  com.stickpoint.ddmusic.App - 图标URL: file:/G:/codeData/java/javafxProjects/bendy2025/ddmusic/target/classes/img/logo.svg
22:00:22.908 [JavaFX Application Thread] INFO  com.stickpoint.ddmusic.App - 8. 图标加载成功
22:00:22.908 [JavaFX Application Thread] INFO  com.stickpoint.ddmusic.App - 9. 显示舞台
22:00:23.125 [JavaFX Application Thread] INFO  com.stickpoint.ddmusic.App - 10. 添加窗口缩放支持
22:00:23.127 [JavaFX Application Thread] INFO  com.stickpoint.ddmusic.App - 11. 居中显示
22:00:23.127 [JavaFX Application Thread] INFO  com.stickpoint.ddmusic.App - 12. 应用启动完成
22:00:31.569 [JavaFX Application Thread] INFO  com.stickpoint.ddmusic.App - === 应用启动调试信息 ===
22:00:31.570 [JavaFX Application Thread] INFO  com.stickpoint.ddmusic.App - Java 版本: 21.0.7
22:00:31.571 [JavaFX Application Thread] INFO  com.stickpoint.ddmusic.App - JavaFX 版本: 21.0.7
22:00:31.571 [JavaFX Application Thread] INFO  com.stickpoint.ddmusic.App - 工作目录: G:\codeData\java\javafxProjects\bendy2025\ddmusic
22:00:31.571 [JavaFX Application Thread] INFO  com.stickpoint.ddmusic.App - 1. 开始创建 HomePage
22:00:32.071 [JavaFX Application Thread] INFO  com.stickpoint.ddmusic.App - 2. HomePage 创建成功
22:00:32.071 [JavaFX Application Thread] INFO  com.stickpoint.ddmusic.App - 3. 开始创建场景
22:00:32.092 [JavaFX Application Thread] INFO  com.stickpoint.ddmusic.App - 4. 场景创建成功
22:00:32.092 [JavaFX Application Thread] INFO  com.stickpoint.ddmusic.App - 5. 设置舞台属性
22:00:32.092 [JavaFX Application Thread] INFO  com.stickpoint.ddmusic.App - 6. 舞台属性设置完成
22:00:32.093 [JavaFX Application Thread] INFO  com.stickpoint.ddmusic.App - 7. 加载图标
22:00:32.093 [JavaFX Application Thread] INFO  com.stickpoint.ddmusic.App - 图标URL: file:/G:/codeData/java/javafxProjects/bendy2025/ddmusic/target/classes/img/logo.svg
22:00:32.097 [JavaFX Application Thread] INFO  com.stickpoint.ddmusic.App - 8. 图标加载成功
22:00:32.098 [JavaFX Application Thread] INFO  com.stickpoint.ddmusic.App - 9. 显示舞台
22:00:32.306 [JavaFX Application Thread] INFO  com.stickpoint.ddmusic.App - 10. 添加窗口缩放支持
22:00:32.307 [JavaFX Application Thread] INFO  com.stickpoint.ddmusic.App - 11. 居中显示
22:00:32.307 [JavaFX Application Thread] INFO  com.stickpoint.ddmusic.App - 12. 应用启动完成
22:00:36.586 [JavaFX Application Thread] INFO  c.s.d.p.n.MusicPlayDetailContainer - 暂停旋转
22:00:36.587 [JavaFX Application Thread] INFO  c.s.d.p.n.MusicPlayDetailContainer - 当前播放状态: PAUSED
22:00:39.770 [JavaFX Application Thread] INFO  c.s.d.p.n.MusicPlayDetailContainer - 暂停旋转
22:00:39.770 [JavaFX Application Thread] INFO  c.s.d.p.n.MusicPlayDetailContainer - 当前播放状态: PAUSED
22:01:02.017 [JavaFX Application Thread] INFO  c.s.d.p.n.MusicPlayDetailContainer - 暂停旋转
22:01:02.018 [JavaFX Application Thread] INFO  c.s.d.p.n.MusicPlayDetailContainer - 当前播放状态: PAUSED
22:01:04.970 [JavaFX Application Thread] INFO  c.s.d.p.n.MusicPlayDetailContainer - 暂停旋转
22:01:04.970 [JavaFX Application Thread] INFO  c.s.d.p.n.MusicPlayDetailContainer - 当前播放状态: PAUSED
22:01:26.209 [JavaFX Application Thread] INFO  c.s.d.p.n.MusicPlayDetailContainer - 暂停旋转
22:01:26.212 [JavaFX Application Thread] INFO  c.s.d.p.n.MusicPlayDetailContainer - 当前播放状态: PAUSED
22:01:33.457 [JavaFX Application Thread] INFO  c.s.d.p.n.MusicPlayDetailContainer - 暂停旋转
22:01:33.458 [JavaFX Application Thread] INFO  c.s.d.p.n.MusicPlayDetailContainer - 当前播放状态: PAUSED
22:01:47.909 [JavaFX Application Thread] INFO  com.stickpoint.ddmusic.App - === 应用启动调试信息 ===
22:01:47.911 [JavaFX Application Thread] INFO  com.stickpoint.ddmusic.App - Java 版本: 21.0.7
22:01:47.911 [JavaFX Application Thread] INFO  com.stickpoint.ddmusic.App - JavaFX 版本: 21.0.7
22:01:47.911 [JavaFX Application Thread] INFO  com.stickpoint.ddmusic.App - 工作目录: G:\codeData\java\javafxProjects\bendy2025\ddmusic
22:01:47.912 [JavaFX Application Thread] INFO  com.stickpoint.ddmusic.App - 1. 开始创建 HomePage
22:01:48.398 [JavaFX Application Thread] INFO  com.stickpoint.ddmusic.App - 2. HomePage 创建成功
22:01:48.398 [JavaFX Application Thread] INFO  com.stickpoint.ddmusic.App - 3. 开始创建场景
22:01:48.417 [JavaFX Application Thread] INFO  com.stickpoint.ddmusic.App - 4. 场景创建成功
22:01:48.417 [JavaFX Application Thread] INFO  com.stickpoint.ddmusic.App - 5. 设置舞台属性
22:01:48.417 [JavaFX Application Thread] INFO  com.stickpoint.ddmusic.App - 6. 舞台属性设置完成
22:01:48.417 [JavaFX Application Thread] INFO  com.stickpoint.ddmusic.App - 7. 加载图标
22:01:48.418 [JavaFX Application Thread] INFO  com.stickpoint.ddmusic.App - 图标URL: file:/G:/codeData/java/javafxProjects/bendy2025/ddmusic/target/classes/img/logo.svg
22:01:48.418 [JavaFX Application Thread] INFO  com.stickpoint.ddmusic.App - 8. 图标加载成功
22:01:48.418 [JavaFX Application Thread] INFO  com.stickpoint.ddmusic.App - 9. 显示舞台
22:01:48.630 [JavaFX Application Thread] INFO  com.stickpoint.ddmusic.App - 10. 添加窗口缩放支持
22:01:48.631 [JavaFX Application Thread] INFO  com.stickpoint.ddmusic.App - 11. 居中显示
22:01:48.631 [JavaFX Application Thread] INFO  com.stickpoint.ddmusic.App - 12. 应用启动完成
22:02:07.718 [JavaFX Application Thread] INFO  com.stickpoint.ddmusic.App - === 应用启动调试信息 ===
22:02:07.720 [JavaFX Application Thread] INFO  com.stickpoint.ddmusic.App - Java 版本: 21.0.7
22:02:07.720 [JavaFX Application Thread] INFO  com.stickpoint.ddmusic.App - JavaFX 版本: 21.0.7
22:02:07.720 [JavaFX Application Thread] INFO  com.stickpoint.ddmusic.App - 工作目录: G:\codeData\java\javafxProjects\bendy2025\ddmusic
22:02:07.720 [JavaFX Application Thread] INFO  com.stickpoint.ddmusic.App - 1. 开始创建 HomePage
22:02:08.221 [JavaFX Application Thread] INFO  com.stickpoint.ddmusic.App - 2. HomePage 创建成功
22:02:08.221 [JavaFX Application Thread] INFO  com.stickpoint.ddmusic.App - 3. 开始创建场景
22:02:08.243 [JavaFX Application Thread] INFO  com.stickpoint.ddmusic.App - 4. 场景创建成功
22:02:08.243 [JavaFX Application Thread] INFO  com.stickpoint.ddmusic.App - 5. 设置舞台属性
22:02:08.244 [JavaFX Application Thread] INFO  com.stickpoint.ddmusic.App - 6. 舞台属性设置完成
22:02:08.244 [JavaFX Application Thread] INFO  com.stickpoint.ddmusic.App - 7. 加载图标
22:02:08.244 [JavaFX Application Thread] INFO  com.stickpoint.ddmusic.App - 图标URL: file:/G:/codeData/java/javafxProjects/bendy2025/ddmusic/target/classes/img/logo.svg
22:02:08.245 [JavaFX Application Thread] INFO  com.stickpoint.ddmusic.App - 8. 图标加载成功
22:02:08.245 [JavaFX Application Thread] INFO  com.stickpoint.ddmusic.App - 9. 显示舞台
22:02:08.446 [JavaFX Application Thread] INFO  com.stickpoint.ddmusic.App - 10. 添加窗口缩放支持
22:02:08.447 [JavaFX Application Thread] INFO  com.stickpoint.ddmusic.App - 11. 居中显示
22:02:08.448 [JavaFX Application Thread] INFO  com.stickpoint.ddmusic.App - 12. 应用启动完成
22:02:12.650 [JavaFX Application Thread] INFO  c.s.d.p.n.MusicPlayDetailContainer - 暂停旋转
22:02:12.650 [JavaFX Application Thread] INFO  c.s.d.p.n.MusicPlayDetailContainer - 当前播放状态: PAUSED
22:02:16.582 [JavaFX Application Thread] INFO  c.s.d.p.n.MusicPlayDetailContainer - 暂停旋转
22:02:16.582 [JavaFX Application Thread] INFO  c.s.d.p.n.MusicPlayDetailContainer - 当前播放状态: PAUSED
22:02:19.578 [JavaFX Application Thread] INFO  c.s.d.p.n.MusicPlayDetailContainer - 暂停旋转
22:02:19.579 [JavaFX Application Thread] INFO  c.s.d.p.n.MusicPlayDetailContainer - 当前播放状态: PAUSED
22:02:22.200 [JavaFX Application Thread] INFO  c.s.d.p.n.MusicPlayDetailContainer - 暂停旋转
22:02:22.202 [JavaFX Application Thread] INFO  c.s.d.p.n.MusicPlayDetailContainer - 当前播放状态: PAUSED
22:02:46.074 [JavaFX Application Thread] INFO  com.stickpoint.ddmusic.App - === 应用启动调试信息 ===
22:02:46.075 [JavaFX Application Thread] INFO  com.stickpoint.ddmusic.App - Java 版本: 21.0.7
22:02:46.075 [JavaFX Application Thread] INFO  com.stickpoint.ddmusic.App - JavaFX 版本: 21.0.7
22:02:46.075 [JavaFX Application Thread] INFO  com.stickpoint.ddmusic.App - 工作目录: G:\codeData\java\javafxProjects\bendy2025\ddmusic
22:02:46.075 [JavaFX Application Thread] INFO  com.stickpoint.ddmusic.App - 1. 开始创建 HomePage
22:02:46.574 [JavaFX Application Thread] INFO  com.stickpoint.ddmusic.App - 2. HomePage 创建成功
22:02:46.574 [JavaFX Application Thread] INFO  com.stickpoint.ddmusic.App - 3. 开始创建场景
22:02:46.592 [JavaFX Application Thread] INFO  com.stickpoint.ddmusic.App - 4. 场景创建成功
22:02:46.593 [JavaFX Application Thread] INFO  com.stickpoint.ddmusic.App - 5. 设置舞台属性
22:02:46.593 [JavaFX Application Thread] INFO  com.stickpoint.ddmusic.App - 6. 舞台属性设置完成
22:02:46.594 [JavaFX Application Thread] INFO  com.stickpoint.ddmusic.App - 7. 加载图标
22:02:46.598 [JavaFX Application Thread] INFO  com.stickpoint.ddmusic.App - 图标URL: file:/G:/codeData/java/javafxProjects/bendy2025/ddmusic/target/classes/img/logo.svg
22:02:46.598 [JavaFX Application Thread] INFO  com.stickpoint.ddmusic.App - 8. 图标加载成功
22:02:46.599 [JavaFX Application Thread] INFO  com.stickpoint.ddmusic.App - 9. 显示舞台
22:02:46.798 [JavaFX Application Thread] INFO  com.stickpoint.ddmusic.App - 10. 添加窗口缩放支持
22:02:46.799 [JavaFX Application Thread] INFO  com.stickpoint.ddmusic.App - 11. 居中显示
22:02:46.800 [JavaFX Application Thread] INFO  com.stickpoint.ddmusic.App - 12. 应用启动完成
22:02:50.571 [JavaFX Application Thread] INFO  c.s.d.p.n.MusicPlayDetailContainer - 暂停旋转
22:02:50.572 [JavaFX Application Thread] INFO  c.s.d.p.n.MusicPlayDetailContainer - 当前播放状态: PAUSED
22:02:58.226 [JavaFX Application Thread] INFO  c.s.d.p.n.MusicPlayDetailContainer - 暂停旋转
22:02:58.226 [JavaFX Application Thread] INFO  c.s.d.p.n.MusicPlayDetailContainer - 当前播放状态: PAUSED
22:03:16.161 [JavaFX Application Thread] INFO  com.stickpoint.ddmusic.App - === 应用启动调试信息 ===
22:03:16.163 [JavaFX Application Thread] INFO  com.stickpoint.ddmusic.App - Java 版本: 21.0.7
22:03:16.163 [JavaFX Application Thread] INFO  com.stickpoint.ddmusic.App - JavaFX 版本: 21.0.7
22:03:16.163 [JavaFX Application Thread] INFO  com.stickpoint.ddmusic.App - 工作目录: G:\codeData\java\javafxProjects\bendy2025\ddmusic
22:03:16.163 [JavaFX Application Thread] INFO  com.stickpoint.ddmusic.App - 1. 开始创建 HomePage
22:03:16.653 [JavaFX Application Thread] INFO  com.stickpoint.ddmusic.App - 2. HomePage 创建成功
22:03:16.654 [JavaFX Application Thread] INFO  com.stickpoint.ddmusic.App - 3. 开始创建场景
22:03:16.674 [JavaFX Application Thread] INFO  com.stickpoint.ddmusic.App - 4. 场景创建成功
22:03:16.674 [JavaFX Application Thread] INFO  com.stickpoint.ddmusic.App - 5. 设置舞台属性
22:03:16.674 [JavaFX Application Thread] INFO  com.stickpoint.ddmusic.App - 6. 舞台属性设置完成
22:03:16.674 [JavaFX Application Thread] INFO  com.stickpoint.ddmusic.App - 7. 加载图标
22:03:16.675 [JavaFX Application Thread] INFO  com.stickpoint.ddmusic.App - 图标URL: file:/G:/codeData/java/javafxProjects/bendy2025/ddmusic/target/classes/img/logo.svg
22:03:16.675 [JavaFX Application Thread] INFO  com.stickpoint.ddmusic.App - 8. 图标加载成功
22:03:16.675 [JavaFX Application Thread] INFO  com.stickpoint.ddmusic.App - 9. 显示舞台
22:03:16.895 [JavaFX Application Thread] INFO  com.stickpoint.ddmusic.App - 10. 添加窗口缩放支持
22:03:16.896 [JavaFX Application Thread] INFO  com.stickpoint.ddmusic.App - 11. 居中显示
22:03:16.896 [JavaFX Application Thread] INFO  com.stickpoint.ddmusic.App - 12. 应用启动完成
22:03:20.610 [JavaFX Application Thread] INFO  c.s.d.p.n.MusicPlayDetailContainer - 暂停旋转
22:03:20.610 [JavaFX Application Thread] INFO  c.s.d.p.n.MusicPlayDetailContainer - 当前播放状态: PAUSED
22:03:37.177 [JavaFX Application Thread] INFO  com.stickpoint.ddmusic.App - === 应用启动调试信息 ===
22:03:37.179 [JavaFX Application Thread] INFO  com.stickpoint.ddmusic.App - Java 版本: 21.0.7
22:03:37.179 [JavaFX Application Thread] INFO  com.stickpoint.ddmusic.App - JavaFX 版本: 21.0.7
22:03:37.179 [JavaFX Application Thread] INFO  com.stickpoint.ddmusic.App - 工作目录: G:\codeData\java\javafxProjects\bendy2025\ddmusic
22:03:37.179 [JavaFX Application Thread] INFO  com.stickpoint.ddmusic.App - 1. 开始创建 HomePage
22:03:37.670 [JavaFX Application Thread] INFO  com.stickpoint.ddmusic.App - 2. HomePage 创建成功
22:03:37.670 [JavaFX Application Thread] INFO  com.stickpoint.ddmusic.App - 3. 开始创建场景
22:03:37.689 [JavaFX Application Thread] INFO  com.stickpoint.ddmusic.App - 4. 场景创建成功
22:03:37.690 [JavaFX Application Thread] INFO  com.stickpoint.ddmusic.App - 5. 设置舞台属性
22:03:37.690 [JavaFX Application Thread] INFO  com.stickpoint.ddmusic.App - 6. 舞台属性设置完成
22:03:37.690 [JavaFX Application Thread] INFO  com.stickpoint.ddmusic.App - 7. 加载图标
22:03:37.691 [JavaFX Application Thread] INFO  com.stickpoint.ddmusic.App - 图标URL: file:/G:/codeData/java/javafxProjects/bendy2025/ddmusic/target/classes/img/logo.svg
22:03:37.691 [JavaFX Application Thread] INFO  com.stickpoint.ddmusic.App - 8. 图标加载成功
22:03:37.692 [JavaFX Application Thread] INFO  com.stickpoint.ddmusic.App - 9. 显示舞台
22:03:37.903 [JavaFX Application Thread] INFO  com.stickpoint.ddmusic.App - 10. 添加窗口缩放支持
22:03:37.904 [JavaFX Application Thread] INFO  com.stickpoint.ddmusic.App - 11. 居中显示
22:03:37.904 [JavaFX Application Thread] INFO  com.stickpoint.ddmusic.App - 12. 应用启动完成
22:03:41.683 [JavaFX Application Thread] INFO  c.s.d.p.n.MusicPlayDetailContainer - 暂停旋转
22:03:41.683 [JavaFX Application Thread] INFO  c.s.d.p.n.MusicPlayDetailContainer - 当前播放状态: PAUSED
22:03:49.568 [JavaFX Application Thread] INFO  c.s.d.p.n.MusicPlayDetailContainer - 暂停旋转
22:03:49.570 [JavaFX Application Thread] INFO  c.s.d.p.n.MusicPlayDetailContainer - 当前播放状态: PAUSED
22:04:03.257 [JavaFX Application Thread] INFO  com.stickpoint.ddmusic.App - === 应用启动调试信息 ===
22:04:03.259 [JavaFX Application Thread] INFO  com.stickpoint.ddmusic.App - Java 版本: 21.0.7
22:04:03.259 [JavaFX Application Thread] INFO  com.stickpoint.ddmusic.App - JavaFX 版本: 21.0.7
22:04:03.259 [JavaFX Application Thread] INFO  com.stickpoint.ddmusic.App - 工作目录: G:\codeData\java\javafxProjects\bendy2025\ddmusic
22:04:03.259 [JavaFX Application Thread] INFO  com.stickpoint.ddmusic.App - 1. 开始创建 HomePage
22:04:03.773 [JavaFX Application Thread] INFO  com.stickpoint.ddmusic.App - 2. HomePage 创建成功
22:04:03.773 [JavaFX Application Thread] INFO  com.stickpoint.ddmusic.App - 3. 开始创建场景
22:04:03.798 [JavaFX Application Thread] INFO  com.stickpoint.ddmusic.App - 4. 场景创建成功
22:04:03.799 [JavaFX Application Thread] INFO  com.stickpoint.ddmusic.App - 5. 设置舞台属性
22:04:03.799 [JavaFX Application Thread] INFO  com.stickpoint.ddmusic.App - 6. 舞台属性设置完成
22:04:03.799 [JavaFX Application Thread] INFO  com.stickpoint.ddmusic.App - 7. 加载图标
22:04:03.800 [JavaFX Application Thread] INFO  com.stickpoint.ddmusic.App - 图标URL: file:/G:/codeData/java/javafxProjects/bendy2025/ddmusic/target/classes/img/logo.svg
22:04:03.801 [JavaFX Application Thread] INFO  com.stickpoint.ddmusic.App - 8. 图标加载成功
22:04:03.801 [JavaFX Application Thread] INFO  com.stickpoint.ddmusic.App - 9. 显示舞台
22:04:04.048 [JavaFX Application Thread] INFO  com.stickpoint.ddmusic.App - 10. 添加窗口缩放支持
22:04:04.049 [JavaFX Application Thread] INFO  com.stickpoint.ddmusic.App - 11. 居中显示
22:04:04.049 [JavaFX Application Thread] INFO  com.stickpoint.ddmusic.App - 12. 应用启动完成
22:04:07.866 [JavaFX Application Thread] INFO  c.s.d.p.n.MusicPlayDetailContainer - 暂停旋转
22:04:07.866 [JavaFX Application Thread] INFO  c.s.d.p.n.MusicPlayDetailContainer - 当前播放状态: PAUSED
22:04:38.762 [JavaFX Application Thread] INFO  com.stickpoint.ddmusic.App - === 应用启动调试信息 ===
22:04:38.764 [JavaFX Application Thread] INFO  com.stickpoint.ddmusic.App - Java 版本: 21.0.7
22:04:38.764 [JavaFX Application Thread] INFO  com.stickpoint.ddmusic.App - JavaFX 版本: 21.0.7
22:04:38.765 [JavaFX Application Thread] INFO  com.stickpoint.ddmusic.App - 工作目录: G:\codeData\java\javafxProjects\bendy2025\ddmusic
22:04:38.765 [JavaFX Application Thread] INFO  com.stickpoint.ddmusic.App - 1. 开始创建 HomePage
22:04:39.271 [JavaFX Application Thread] INFO  com.stickpoint.ddmusic.App - 2. HomePage 创建成功
22:04:39.271 [JavaFX Application Thread] INFO  com.stickpoint.ddmusic.App - 3. 开始创建场景
22:04:39.290 [JavaFX Application Thread] INFO  com.stickpoint.ddmusic.App - 4. 场景创建成功
22:04:39.290 [JavaFX Application Thread] INFO  com.stickpoint.ddmusic.App - 5. 设置舞台属性
22:04:39.290 [JavaFX Application Thread] INFO  com.stickpoint.ddmusic.App - 6. 舞台属性设置完成
22:04:39.291 [JavaFX Application Thread] INFO  com.stickpoint.ddmusic.App - 7. 加载图标
22:04:39.291 [JavaFX Application Thread] INFO  com.stickpoint.ddmusic.App - 图标URL: file:/G:/codeData/java/javafxProjects/bendy2025/ddmusic/target/classes/img/logo.svg
22:04:39.292 [JavaFX Application Thread] INFO  com.stickpoint.ddmusic.App - 8. 图标加载成功
22:04:39.292 [JavaFX Application Thread] INFO  com.stickpoint.ddmusic.App - 9. 显示舞台
22:04:39.477 [JavaFX Application Thread] INFO  com.stickpoint.ddmusic.App - 10. 添加窗口缩放支持
22:04:39.478 [JavaFX Application Thread] INFO  com.stickpoint.ddmusic.App - 11. 居中显示
22:04:39.479 [JavaFX Application Thread] INFO  com.stickpoint.ddmusic.App - 12. 应用启动完成
22:04:52.397 [JavaFX Application Thread] INFO  com.stickpoint.ddmusic.App - === 应用启动调试信息 ===
22:04:52.398 [JavaFX Application Thread] INFO  com.stickpoint.ddmusic.App - Java 版本: 21.0.7
22:04:52.398 [JavaFX Application Thread] INFO  com.stickpoint.ddmusic.App - JavaFX 版本: 21.0.7
22:04:52.398 [JavaFX Application Thread] INFO  com.stickpoint.ddmusic.App - 工作目录: G:\codeData\java\javafxProjects\bendy2025\ddmusic
22:04:52.398 [JavaFX Application Thread] INFO  com.stickpoint.ddmusic.App - 1. 开始创建 HomePage
22:04:52.892 [JavaFX Application Thread] INFO  com.stickpoint.ddmusic.App - 2. HomePage 创建成功
22:04:52.893 [JavaFX Application Thread] INFO  com.stickpoint.ddmusic.App - 3. 开始创建场景
22:04:52.913 [JavaFX Application Thread] INFO  com.stickpoint.ddmusic.App - 4. 场景创建成功
22:04:52.914 [JavaFX Application Thread] INFO  com.stickpoint.ddmusic.App - 5. 设置舞台属性
22:04:52.914 [JavaFX Application Thread] INFO  com.stickpoint.ddmusic.App - 6. 舞台属性设置完成
22:04:52.915 [JavaFX Application Thread] INFO  com.stickpoint.ddmusic.App - 7. 加载图标
22:04:52.915 [JavaFX Application Thread] INFO  com.stickpoint.ddmusic.App - 图标URL: file:/G:/codeData/java/javafxProjects/bendy2025/ddmusic/target/classes/img/logo.svg
22:04:52.916 [JavaFX Application Thread] INFO  com.stickpoint.ddmusic.App - 8. 图标加载成功
22:04:52.916 [JavaFX Application Thread] INFO  com.stickpoint.ddmusic.App - 9. 显示舞台
22:04:53.133 [JavaFX Application Thread] INFO  com.stickpoint.ddmusic.App - 10. 添加窗口缩放支持
22:04:53.134 [JavaFX Application Thread] INFO  com.stickpoint.ddmusic.App - 11. 居中显示
22:04:53.134 [JavaFX Application Thread] INFO  com.stickpoint.ddmusic.App - 12. 应用启动完成
22:05:08.569 [JavaFX Application Thread] INFO  com.stickpoint.ddmusic.App - === 应用启动调试信息 ===
22:05:08.570 [JavaFX Application Thread] INFO  com.stickpoint.ddmusic.App - Java 版本: 21.0.7
22:05:08.571 [JavaFX Application Thread] INFO  com.stickpoint.ddmusic.App - JavaFX 版本: 21.0.7
22:05:08.571 [JavaFX Application Thread] INFO  com.stickpoint.ddmusic.App - 工作目录: G:\codeData\java\javafxProjects\bendy2025\ddmusic
22:05:08.571 [JavaFX Application Thread] INFO  com.stickpoint.ddmusic.App - 1. 开始创建 HomePage
22:05:09.069 [JavaFX Application Thread] INFO  com.stickpoint.ddmusic.App - 2. HomePage 创建成功
22:05:09.070 [JavaFX Application Thread] INFO  com.stickpoint.ddmusic.App - 3. 开始创建场景
22:05:09.088 [JavaFX Application Thread] INFO  com.stickpoint.ddmusic.App - 4. 场景创建成功
22:05:09.088 [JavaFX Application Thread] INFO  com.stickpoint.ddmusic.App - 5. 设置舞台属性
22:05:09.088 [JavaFX Application Thread] INFO  com.stickpoint.ddmusic.App - 6. 舞台属性设置完成
22:05:09.088 [JavaFX Application Thread] INFO  com.stickpoint.ddmusic.App - 7. 加载图标
22:05:09.089 [JavaFX Application Thread] INFO  com.stickpoint.ddmusic.App - 图标URL: file:/G:/codeData/java/javafxProjects/bendy2025/ddmusic/target/classes/img/logo.svg
22:05:09.089 [JavaFX Application Thread] INFO  com.stickpoint.ddmusic.App - 8. 图标加载成功
22:05:09.090 [JavaFX Application Thread] INFO  com.stickpoint.ddmusic.App - 9. 显示舞台
22:05:09.286 [JavaFX Application Thread] INFO  com.stickpoint.ddmusic.App - 10. 添加窗口缩放支持
22:05:09.286 [JavaFX Application Thread] INFO  com.stickpoint.ddmusic.App - 11. 居中显示
22:05:09.287 [JavaFX Application Thread] INFO  com.stickpoint.ddmusic.App - 12. 应用启动完成
22:05:20.803 [JavaFX Application Thread] INFO  com.stickpoint.ddmusic.App - === 应用启动调试信息 ===
22:05:20.805 [JavaFX Application Thread] INFO  com.stickpoint.ddmusic.App - Java 版本: 21.0.7
22:05:20.805 [JavaFX Application Thread] INFO  com.stickpoint.ddmusic.App - JavaFX 版本: 21.0.7
22:05:20.805 [JavaFX Application Thread] INFO  com.stickpoint.ddmusic.App - 工作目录: G:\codeData\java\javafxProjects\bendy2025\ddmusic
22:05:20.805 [JavaFX Application Thread] INFO  com.stickpoint.ddmusic.App - 1. 开始创建 HomePage
22:05:21.321 [JavaFX Application Thread] INFO  com.stickpoint.ddmusic.App - 2. HomePage 创建成功
22:05:21.322 [JavaFX Application Thread] INFO  com.stickpoint.ddmusic.App - 3. 开始创建场景
22:05:21.340 [JavaFX Application Thread] INFO  com.stickpoint.ddmusic.App - 4. 场景创建成功
22:05:21.340 [JavaFX Application Thread] INFO  com.stickpoint.ddmusic.App - 5. 设置舞台属性
22:05:21.340 [JavaFX Application Thread] INFO  com.stickpoint.ddmusic.App - 6. 舞台属性设置完成
22:05:21.341 [JavaFX Application Thread] INFO  com.stickpoint.ddmusic.App - 7. 加载图标
22:05:21.341 [JavaFX Application Thread] INFO  com.stickpoint.ddmusic.App - 图标URL: file:/G:/codeData/java/javafxProjects/bendy2025/ddmusic/target/classes/img/logo.svg
22:05:21.341 [JavaFX Application Thread] INFO  com.stickpoint.ddmusic.App - 8. 图标加载成功
22:05:21.342 [JavaFX Application Thread] INFO  com.stickpoint.ddmusic.App - 9. 显示舞台
22:05:21.556 [JavaFX Application Thread] INFO  com.stickpoint.ddmusic.App - 10. 添加窗口缩放支持
22:05:21.557 [JavaFX Application Thread] INFO  com.stickpoint.ddmusic.App - 11. 居中显示
22:05:21.557 [JavaFX Application Thread] INFO  com.stickpoint.ddmusic.App - 12. 应用启动完成
22:05:26.546 [JavaFX Application Thread] INFO  c.s.d.p.n.MusicPlayDetailContainer - 暂停旋转
22:05:26.546 [JavaFX Application Thread] INFO  c.s.d.p.n.MusicPlayDetailContainer - 当前播放状态: PAUSED
22:05:29.034 [JavaFX Application Thread] INFO  c.s.d.p.n.MusicPlayDetailContainer - 暂停旋转
22:05:29.034 [JavaFX Application Thread] INFO  c.s.d.p.n.MusicPlayDetailContainer - 当前播放状态: PAUSED
22:05:31.026 [JavaFX Application Thread] INFO  c.s.d.p.n.MusicPlayDetailContainer - 暂停旋转
22:05:31.027 [JavaFX Application Thread] INFO  c.s.d.p.n.MusicPlayDetailContainer - 当前播放状态: PAUSED
22:05:33.561 [JavaFX Application Thread] INFO  c.s.d.p.n.MusicPlayDetailContainer - 暂停旋转
22:05:33.562 [JavaFX Application Thread] INFO  c.s.d.p.n.MusicPlayDetailContainer - 当前播放状态: PAUSED
22:05:36.818 [JavaFX Application Thread] INFO  c.s.d.p.n.MusicPlayDetailContainer - 暂停旋转
22:05:36.818 [JavaFX Application Thread] INFO  c.s.d.p.n.MusicPlayDetailContainer - 当前播放状态: PAUSED
22:11:15.390 [JavaFX Application Thread] INFO  com.stickpoint.ddmusic.App - === 应用启动调试信息 ===
22:11:15.391 [JavaFX Application Thread] INFO  com.stickpoint.ddmusic.App - Java 版本: 21.0.7
22:11:15.391 [JavaFX Application Thread] INFO  com.stickpoint.ddmusic.App - JavaFX 版本: 21.0.7
22:11:15.391 [JavaFX Application Thread] INFO  com.stickpoint.ddmusic.App - 工作目录: G:\codeData\java\javafxProjects\bendy2025\ddmusic
22:11:15.392 [JavaFX Application Thread] INFO  com.stickpoint.ddmusic.App - 1. 开始创建 HomePage
22:11:16.175 [JavaFX Application Thread] INFO  com.stickpoint.ddmusic.App - 2. HomePage 创建成功
22:11:16.175 [JavaFX Application Thread] INFO  com.stickpoint.ddmusic.App - 3. 开始创建场景
22:11:16.197 [JavaFX Application Thread] INFO  com.stickpoint.ddmusic.App - 4. 场景创建成功
22:11:16.197 [JavaFX Application Thread] INFO  com.stickpoint.ddmusic.App - 5. 设置舞台属性
22:11:16.197 [JavaFX Application Thread] INFO  com.stickpoint.ddmusic.App - 6. 舞台属性设置完成
22:11:16.198 [JavaFX Application Thread] INFO  com.stickpoint.ddmusic.App - 7. 加载图标
22:11:16.198 [JavaFX Application Thread] INFO  com.stickpoint.ddmusic.App - 图标URL: file:/G:/codeData/java/javafxProjects/bendy2025/ddmusic/target/classes/img/logo.svg
22:11:16.198 [JavaFX Application Thread] INFO  com.stickpoint.ddmusic.App - 8. 图标加载成功
22:11:16.199 [JavaFX Application Thread] INFO  com.stickpoint.ddmusic.App - 9. 显示舞台
22:11:16.414 [JavaFX Application Thread] INFO  com.stickpoint.ddmusic.App - 10. 添加窗口缩放支持
22:11:16.414 [JavaFX Application Thread] INFO  com.stickpoint.ddmusic.App - 11. 居中显示
22:11:16.415 [JavaFX Application Thread] INFO  com.stickpoint.ddmusic.App - 12. 应用启动完成
22:11:19.412 [JavaFX Application Thread] INFO  c.s.d.p.n.MusicPlayDetailContainer - 暂停旋转
22:11:19.412 [JavaFX Application Thread] INFO  c.s.d.p.n.MusicPlayDetailContainer - 当前播放状态: PAUSED
22:11:22.402 [JavaFX Application Thread] INFO  c.s.d.p.n.MusicPlayDetailContainer - 暂停旋转
22:11:22.403 [JavaFX Application Thread] INFO  c.s.d.p.n.MusicPlayDetailContainer - 当前播放状态: PAUSED
22:11:26.362 [JavaFX Application Thread] INFO  com.stickpoint.ddmusic.App - === 应用启动调试信息 ===
22:11:26.364 [JavaFX Application Thread] INFO  com.stickpoint.ddmusic.App - Java 版本: 21.0.7
22:11:26.364 [JavaFX Application Thread] INFO  com.stickpoint.ddmusic.App - JavaFX 版本: 21.0.7
22:11:26.364 [JavaFX Application Thread] INFO  com.stickpoint.ddmusic.App - 工作目录: G:\codeData\java\javafxProjects\bendy2025\ddmusic
22:11:26.364 [JavaFX Application Thread] INFO  com.stickpoint.ddmusic.App - 1. 开始创建 HomePage
22:11:26.881 [JavaFX Application Thread] INFO  com.stickpoint.ddmusic.App - 2. HomePage 创建成功
22:11:26.881 [JavaFX Application Thread] INFO  com.stickpoint.ddmusic.App - 3. 开始创建场景
22:11:26.898 [JavaFX Application Thread] INFO  com.stickpoint.ddmusic.App - 4. 场景创建成功
22:11:26.898 [JavaFX Application Thread] INFO  com.stickpoint.ddmusic.App - 5. 设置舞台属性
22:11:26.899 [JavaFX Application Thread] INFO  com.stickpoint.ddmusic.App - 6. 舞台属性设置完成
22:11:26.899 [JavaFX Application Thread] INFO  com.stickpoint.ddmusic.App - 7. 加载图标
22:11:26.899 [JavaFX Application Thread] INFO  com.stickpoint.ddmusic.App - 图标URL: file:/G:/codeData/java/javafxProjects/bendy2025/ddmusic/target/classes/img/logo.svg
22:11:26.900 [JavaFX Application Thread] INFO  com.stickpoint.ddmusic.App - 8. 图标加载成功
22:11:26.900 [JavaFX Application Thread] INFO  com.stickpoint.ddmusic.App - 9. 显示舞台
22:11:27.100 [JavaFX Application Thread] INFO  com.stickpoint.ddmusic.App - 10. 添加窗口缩放支持
22:11:27.101 [JavaFX Application Thread] INFO  com.stickpoint.ddmusic.App - 11. 居中显示
22:11:27.101 [JavaFX Application Thread] INFO  com.stickpoint.ddmusic.App - 12. 应用启动完成
22:11:33.762 [JavaFX Application Thread] INFO  c.s.d.p.n.MusicPlayDetailContainer - 暂停旋转
22:11:33.763 [JavaFX Application Thread] INFO  c.s.d.p.n.MusicPlayDetailContainer - 当前播放状态: PAUSED
22:12:45.941 [JavaFX Application Thread] INFO  com.stickpoint.ddmusic.App - === 应用启动调试信息 ===
22:12:45.942 [JavaFX Application Thread] INFO  com.stickpoint.ddmusic.App - Java 版本: 21.0.7
22:12:45.943 [JavaFX Application Thread] INFO  com.stickpoint.ddmusic.App - JavaFX 版本: 21.0.7
22:12:45.943 [JavaFX Application Thread] INFO  com.stickpoint.ddmusic.App - 工作目录: G:\codeData\java\javafxProjects\bendy2025\ddmusic
22:12:45.943 [JavaFX Application Thread] INFO  com.stickpoint.ddmusic.App - 1. 开始创建 HomePage
22:12:46.455 [JavaFX Application Thread] INFO  com.stickpoint.ddmusic.App - 2. HomePage 创建成功
22:12:46.456 [JavaFX Application Thread] INFO  com.stickpoint.ddmusic.App - 3. 开始创建场景
22:12:46.473 [JavaFX Application Thread] INFO  com.stickpoint.ddmusic.App - 4. 场景创建成功
22:12:46.474 [JavaFX Application Thread] INFO  com.stickpoint.ddmusic.App - 5. 设置舞台属性
22:12:46.474 [JavaFX Application Thread] INFO  com.stickpoint.ddmusic.App - 6. 舞台属性设置完成
22:12:46.474 [JavaFX Application Thread] INFO  com.stickpoint.ddmusic.App - 7. 加载图标
22:12:46.474 [JavaFX Application Thread] INFO  com.stickpoint.ddmusic.App - 图标URL: file:/G:/codeData/java/javafxProjects/bendy2025/ddmusic/target/classes/img/logo.svg
22:12:46.475 [JavaFX Application Thread] INFO  com.stickpoint.ddmusic.App - 8. 图标加载成功
22:12:46.475 [JavaFX Application Thread] INFO  com.stickpoint.ddmusic.App - 9. 显示舞台
22:12:46.689 [JavaFX Application Thread] INFO  com.stickpoint.ddmusic.App - 10. 添加窗口缩放支持
22:12:46.690 [JavaFX Application Thread] INFO  com.stickpoint.ddmusic.App - 11. 居中显示
22:12:46.690 [JavaFX Application Thread] INFO  com.stickpoint.ddmusic.App - 12. 应用启动完成
22:12:50.514 [JavaFX Application Thread] INFO  c.s.d.p.n.MusicPlayDetailContainer - 暂停旋转
22:12:50.514 [JavaFX Application Thread] INFO  c.s.d.p.n.MusicPlayDetailContainer - 当前播放状态: PAUSED
22:13:00.354 [JavaFX Application Thread] INFO  com.stickpoint.ddmusic.App - === 应用启动调试信息 ===
22:13:00.356 [JavaFX Application Thread] INFO  com.stickpoint.ddmusic.App - Java 版本: 21.0.7
22:13:00.356 [JavaFX Application Thread] INFO  com.stickpoint.ddmusic.App - JavaFX 版本: 21.0.7
22:13:00.356 [JavaFX Application Thread] INFO  com.stickpoint.ddmusic.App - 工作目录: G:\codeData\java\javafxProjects\bendy2025\ddmusic
22:13:00.356 [JavaFX Application Thread] INFO  com.stickpoint.ddmusic.App - 1. 开始创建 HomePage
22:13:00.949 [JavaFX Application Thread] INFO  com.stickpoint.ddmusic.App - 2. HomePage 创建成功
22:13:00.949 [JavaFX Application Thread] INFO  com.stickpoint.ddmusic.App - 3. 开始创建场景
22:13:00.967 [JavaFX Application Thread] INFO  com.stickpoint.ddmusic.App - 4. 场景创建成功
22:13:00.967 [JavaFX Application Thread] INFO  com.stickpoint.ddmusic.App - 5. 设置舞台属性
22:13:00.967 [JavaFX Application Thread] INFO  com.stickpoint.ddmusic.App - 6. 舞台属性设置完成
22:13:00.967 [JavaFX Application Thread] INFO  com.stickpoint.ddmusic.App - 7. 加载图标
22:13:00.968 [JavaFX Application Thread] INFO  com.stickpoint.ddmusic.App - 图标URL: file:/G:/codeData/java/javafxProjects/bendy2025/ddmusic/target/classes/img/logo.svg
22:13:00.968 [JavaFX Application Thread] INFO  com.stickpoint.ddmusic.App - 8. 图标加载成功
22:13:00.968 [JavaFX Application Thread] INFO  com.stickpoint.ddmusic.App - 9. 显示舞台
22:13:01.177 [JavaFX Application Thread] INFO  com.stickpoint.ddmusic.App - 10. 添加窗口缩放支持
22:13:01.178 [JavaFX Application Thread] INFO  com.stickpoint.ddmusic.App - 11. 居中显示
22:13:01.178 [JavaFX Application Thread] INFO  com.stickpoint.ddmusic.App - 12. 应用启动完成
22:13:04.130 [JavaFX Application Thread] INFO  c.s.d.p.n.MusicPlayDetailContainer - 暂停旋转
22:13:04.130 [JavaFX Application Thread] INFO  c.s.d.p.n.MusicPlayDetailContainer - 当前播放状态: PAUSED
22:13:23.494 [JavaFX Application Thread] INFO  com.stickpoint.ddmusic.App - === 应用启动调试信息 ===
22:13:23.496 [JavaFX Application Thread] INFO  com.stickpoint.ddmusic.App - Java 版本: 21.0.7
22:13:23.496 [JavaFX Application Thread] INFO  com.stickpoint.ddmusic.App - JavaFX 版本: 21.0.7
22:13:23.496 [JavaFX Application Thread] INFO  com.stickpoint.ddmusic.App - 工作目录: G:\codeData\java\javafxProjects\bendy2025\ddmusic
22:13:23.496 [JavaFX Application Thread] INFO  com.stickpoint.ddmusic.App - 1. 开始创建 HomePage
22:13:24.063 [JavaFX Application Thread] INFO  com.stickpoint.ddmusic.App - 2. HomePage 创建成功
22:13:24.063 [JavaFX Application Thread] INFO  com.stickpoint.ddmusic.App - 3. 开始创建场景
22:13:24.088 [JavaFX Application Thread] INFO  com.stickpoint.ddmusic.App - 4. 场景创建成功
22:13:24.088 [JavaFX Application Thread] INFO  com.stickpoint.ddmusic.App - 5. 设置舞台属性
22:13:24.088 [JavaFX Application Thread] INFO  com.stickpoint.ddmusic.App - 6. 舞台属性设置完成
22:13:24.088 [JavaFX Application Thread] INFO  com.stickpoint.ddmusic.App - 7. 加载图标
22:13:24.089 [JavaFX Application Thread] INFO  com.stickpoint.ddmusic.App - 图标URL: file:/G:/codeData/java/javafxProjects/bendy2025/ddmusic/target/classes/img/logo.svg
22:13:24.090 [JavaFX Application Thread] INFO  com.stickpoint.ddmusic.App - 8. 图标加载成功
22:13:24.090 [JavaFX Application Thread] INFO  com.stickpoint.ddmusic.App - 9. 显示舞台
22:13:24.300 [JavaFX Application Thread] INFO  com.stickpoint.ddmusic.App - 10. 添加窗口缩放支持
22:13:24.302 [JavaFX Application Thread] INFO  com.stickpoint.ddmusic.App - 11. 居中显示
22:13:24.302 [JavaFX Application Thread] INFO  com.stickpoint.ddmusic.App - 12. 应用启动完成
22:13:28.346 [JavaFX Application Thread] INFO  c.s.d.p.n.MusicPlayDetailContainer - 暂停旋转
22:13:28.347 [JavaFX Application Thread] INFO  c.s.d.p.n.MusicPlayDetailContainer - 当前播放状态: PAUSED
22:14:52.707 [JavaFX Application Thread] INFO  com.stickpoint.ddmusic.App - === 应用启动调试信息 ===
22:14:52.708 [JavaFX Application Thread] INFO  com.stickpoint.ddmusic.App - Java 版本: 21.0.7
22:14:52.708 [JavaFX Application Thread] INFO  com.stickpoint.ddmusic.App - JavaFX 版本: 21.0.7
22:14:52.708 [JavaFX Application Thread] INFO  com.stickpoint.ddmusic.App - 工作目录: G:\codeData\java\javafxProjects\bendy2025\ddmusic
22:14:52.708 [JavaFX Application Thread] INFO  com.stickpoint.ddmusic.App - 1. 开始创建 HomePage
22:14:53.246 [JavaFX Application Thread] INFO  com.stickpoint.ddmusic.App - 2. HomePage 创建成功
22:14:53.247 [JavaFX Application Thread] INFO  com.stickpoint.ddmusic.App - 3. 开始创建场景
22:14:53.272 [JavaFX Application Thread] INFO  com.stickpoint.ddmusic.App - 4. 场景创建成功
22:14:53.272 [JavaFX Application Thread] INFO  com.stickpoint.ddmusic.App - 5. 设置舞台属性
22:14:53.273 [JavaFX Application Thread] INFO  com.stickpoint.ddmusic.App - 6. 舞台属性设置完成
22:14:53.273 [JavaFX Application Thread] INFO  com.stickpoint.ddmusic.App - 7. 加载图标
22:14:53.274 [JavaFX Application Thread] INFO  com.stickpoint.ddmusic.App - 图标URL: file:/G:/codeData/java/javafxProjects/bendy2025/ddmusic/target/classes/img/logo.svg
22:14:53.274 [JavaFX Application Thread] INFO  com.stickpoint.ddmusic.App - 8. 图标加载成功
22:14:53.274 [JavaFX Application Thread] INFO  com.stickpoint.ddmusic.App - 9. 显示舞台
22:14:53.461 [JavaFX Application Thread] INFO  com.stickpoint.ddmusic.App - 10. 添加窗口缩放支持
22:14:53.462 [JavaFX Application Thread] INFO  com.stickpoint.ddmusic.App - 11. 居中显示
22:14:53.463 [JavaFX Application Thread] INFO  com.stickpoint.ddmusic.App - 12. 应用启动完成
22:14:56.539 [JavaFX Application Thread] INFO  c.s.d.p.n.MusicPlayDetailContainer - 暂停旋转
22:14:56.539 [JavaFX Application Thread] INFO  c.s.d.p.n.MusicPlayDetailContainer - 当前播放状态: PAUSED
22:15:18.009 [JavaFX Application Thread] INFO  com.stickpoint.ddmusic.App - === 应用启动调试信息 ===
22:15:18.011 [JavaFX Application Thread] INFO  com.stickpoint.ddmusic.App - Java 版本: 21.0.7
22:15:18.011 [JavaFX Application Thread] INFO  com.stickpoint.ddmusic.App - JavaFX 版本: 21.0.7
22:15:18.011 [JavaFX Application Thread] INFO  com.stickpoint.ddmusic.App - 工作目录: G:\codeData\java\javafxProjects\bendy2025\ddmusic
22:15:18.011 [JavaFX Application Thread] INFO  com.stickpoint.ddmusic.App - 1. 开始创建 HomePage
22:15:18.511 [JavaFX Application Thread] INFO  com.stickpoint.ddmusic.App - 2. HomePage 创建成功
22:15:18.512 [JavaFX Application Thread] INFO  com.stickpoint.ddmusic.App - 3. 开始创建场景
22:15:18.530 [JavaFX Application Thread] INFO  com.stickpoint.ddmusic.App - 4. 场景创建成功
22:15:18.530 [JavaFX Application Thread] INFO  com.stickpoint.ddmusic.App - 5. 设置舞台属性
22:15:18.530 [JavaFX Application Thread] INFO  com.stickpoint.ddmusic.App - 6. 舞台属性设置完成
22:15:18.530 [JavaFX Application Thread] INFO  com.stickpoint.ddmusic.App - 7. 加载图标
22:15:18.531 [JavaFX Application Thread] INFO  com.stickpoint.ddmusic.App - 图标URL: file:/G:/codeData/java/javafxProjects/bendy2025/ddmusic/target/classes/img/logo.svg
22:15:18.531 [JavaFX Application Thread] INFO  com.stickpoint.ddmusic.App - 8. 图标加载成功
22:15:18.531 [JavaFX Application Thread] INFO  com.stickpoint.ddmusic.App - 9. 显示舞台
22:15:18.734 [JavaFX Application Thread] INFO  com.stickpoint.ddmusic.App - 10. 添加窗口缩放支持
22:15:18.735 [JavaFX Application Thread] INFO  com.stickpoint.ddmusic.App - 11. 居中显示
22:15:18.735 [JavaFX Application Thread] INFO  com.stickpoint.ddmusic.App - 12. 应用启动完成
22:15:21.786 [JavaFX Application Thread] INFO  c.s.d.p.n.MusicPlayDetailContainer - 暂停旋转
22:15:21.787 [JavaFX Application Thread] INFO  c.s.d.p.n.MusicPlayDetailContainer - 当前播放状态: PAUSED
22:15:24.546 [JavaFX Application Thread] INFO  c.s.d.p.n.MusicPlayDetailContainer - 暂停旋转
22:15:24.546 [JavaFX Application Thread] INFO  c.s.d.p.n.MusicPlayDetailContainer - 当前播放状态: PAUSED
22:15:26.162 [JavaFX Application Thread] INFO  c.s.d.p.n.MusicPlayDetailContainer - 暂停旋转
22:15:26.162 [JavaFX Application Thread] INFO  c.s.d.p.n.MusicPlayDetailContainer - 当前播放状态: PAUSED
22:15:27.617 [JavaFX Application Thread] INFO  c.s.d.p.n.MusicPlayDetailContainer - 暂停旋转
22:15:27.618 [JavaFX Application Thread] INFO  c.s.d.p.n.MusicPlayDetailContainer - 当前播放状态: PAUSED
22:15:28.994 [JavaFX Application Thread] INFO  c.s.d.p.n.MusicPlayDetailContainer - 暂停旋转
22:15:28.998 [JavaFX Application Thread] INFO  c.s.d.p.n.MusicPlayDetailContainer - 当前播放状态: PAUSED
22:15:37.577 [JavaFX Application Thread] INFO  c.s.d.p.n.MusicPlayDetailContainer - 暂停旋转
22:15:37.578 [JavaFX Application Thread] INFO  c.s.d.p.n.MusicPlayDetailContainer - 当前播放状态: PAUSED
22:15:40.386 [JavaFX Application Thread] INFO  c.s.d.p.n.MusicPlayDetailContainer - 暂停旋转
22:15:40.386 [JavaFX Application Thread] INFO  c.s.d.p.n.MusicPlayDetailContainer - 当前播放状态: PAUSED
22:15:51.130 [JavaFX Application Thread] INFO  com.stickpoint.ddmusic.App - === 应用启动调试信息 ===
22:15:51.131 [JavaFX Application Thread] INFO  com.stickpoint.ddmusic.App - Java 版本: 21.0.7
22:15:51.132 [JavaFX Application Thread] INFO  com.stickpoint.ddmusic.App - JavaFX 版本: 21.0.7
22:15:51.132 [JavaFX Application Thread] INFO  com.stickpoint.ddmusic.App - 工作目录: G:\codeData\java\javafxProjects\bendy2025\ddmusic
22:15:51.132 [JavaFX Application Thread] INFO  com.stickpoint.ddmusic.App - 1. 开始创建 HomePage
22:15:51.655 [JavaFX Application Thread] INFO  com.stickpoint.ddmusic.App - 2. HomePage 创建成功
22:15:51.656 [JavaFX Application Thread] INFO  com.stickpoint.ddmusic.App - 3. 开始创建场景
22:15:51.679 [JavaFX Application Thread] INFO  com.stickpoint.ddmusic.App - 4. 场景创建成功
22:15:51.680 [JavaFX Application Thread] INFO  com.stickpoint.ddmusic.App - 5. 设置舞台属性
22:15:51.680 [JavaFX Application Thread] INFO  com.stickpoint.ddmusic.App - 6. 舞台属性设置完成
22:15:51.681 [JavaFX Application Thread] INFO  com.stickpoint.ddmusic.App - 7. 加载图标
22:15:51.681 [JavaFX Application Thread] INFO  com.stickpoint.ddmusic.App - 图标URL: file:/G:/codeData/java/javafxProjects/bendy2025/ddmusic/target/classes/img/logo.svg
22:15:51.682 [JavaFX Application Thread] INFO  com.stickpoint.ddmusic.App - 8. 图标加载成功
22:15:51.682 [JavaFX Application Thread] INFO  com.stickpoint.ddmusic.App - 9. 显示舞台
22:15:51.877 [JavaFX Application Thread] INFO  com.stickpoint.ddmusic.App - 10. 添加窗口缩放支持
22:15:51.878 [JavaFX Application Thread] INFO  com.stickpoint.ddmusic.App - 11. 居中显示
22:15:51.879 [JavaFX Application Thread] INFO  com.stickpoint.ddmusic.App - 12. 应用启动完成
22:16:09.689 [JavaFX Application Thread] INFO  com.stickpoint.ddmusic.App - === 应用启动调试信息 ===
22:16:09.690 [JavaFX Application Thread] INFO  com.stickpoint.ddmusic.App - Java 版本: 21.0.7
22:16:09.691 [JavaFX Application Thread] INFO  com.stickpoint.ddmusic.App - JavaFX 版本: 21.0.7
22:16:09.691 [JavaFX Application Thread] INFO  com.stickpoint.ddmusic.App - 工作目录: G:\codeData\java\javafxProjects\bendy2025\ddmusic
22:16:09.691 [JavaFX Application Thread] INFO  com.stickpoint.ddmusic.App - 1. 开始创建 HomePage
22:16:10.240 [JavaFX Application Thread] INFO  com.stickpoint.ddmusic.App - 2. HomePage 创建成功
22:16:10.240 [JavaFX Application Thread] INFO  com.stickpoint.ddmusic.App - 3. 开始创建场景
22:16:10.259 [JavaFX Application Thread] INFO  com.stickpoint.ddmusic.App - 4. 场景创建成功
22:16:10.259 [JavaFX Application Thread] INFO  com.stickpoint.ddmusic.App - 5. 设置舞台属性
22:16:10.260 [JavaFX Application Thread] INFO  com.stickpoint.ddmusic.App - 6. 舞台属性设置完成
22:16:10.260 [JavaFX Application Thread] INFO  com.stickpoint.ddmusic.App - 7. 加载图标
22:16:10.261 [JavaFX Application Thread] INFO  com.stickpoint.ddmusic.App - 图标URL: file:/G:/codeData/java/javafxProjects/bendy2025/ddmusic/target/classes/img/logo.svg
22:16:10.262 [JavaFX Application Thread] INFO  com.stickpoint.ddmusic.App - 8. 图标加载成功
22:16:10.262 [JavaFX Application Thread] INFO  com.stickpoint.ddmusic.App - 9. 显示舞台
22:16:10.479 [JavaFX Application Thread] INFO  com.stickpoint.ddmusic.App - 10. 添加窗口缩放支持
22:16:10.480 [JavaFX Application Thread] INFO  com.stickpoint.ddmusic.App - 11. 居中显示
22:16:10.480 [JavaFX Application Thread] INFO  com.stickpoint.ddmusic.App - 12. 应用启动完成
22:16:20.394 [JavaFX Application Thread] INFO  c.s.d.p.n.MusicPlayDetailContainer - 暂停旋转
22:16:20.395 [JavaFX Application Thread] INFO  c.s.d.p.n.MusicPlayDetailContainer - 当前播放状态: PAUSED
22:16:51.922 [JavaFX Application Thread] INFO  com.stickpoint.ddmusic.App - === 应用启动调试信息 ===
22:16:51.923 [JavaFX Application Thread] INFO  com.stickpoint.ddmusic.App - Java 版本: 21.0.7
22:16:51.924 [JavaFX Application Thread] INFO  com.stickpoint.ddmusic.App - JavaFX 版本: 21.0.7
22:16:51.924 [JavaFX Application Thread] INFO  com.stickpoint.ddmusic.App - 工作目录: G:\codeData\java\javafxProjects\bendy2025\ddmusic
22:16:51.924 [JavaFX Application Thread] INFO  com.stickpoint.ddmusic.App - 1. 开始创建 HomePage
22:16:52.427 [JavaFX Application Thread] INFO  com.stickpoint.ddmusic.App - 2. HomePage 创建成功
22:16:52.427 [JavaFX Application Thread] INFO  com.stickpoint.ddmusic.App - 3. 开始创建场景
22:16:52.449 [JavaFX Application Thread] INFO  com.stickpoint.ddmusic.App - 4. 场景创建成功
22:16:52.450 [JavaFX Application Thread] INFO  com.stickpoint.ddmusic.App - 5. 设置舞台属性
22:16:52.450 [JavaFX Application Thread] INFO  com.stickpoint.ddmusic.App - 6. 舞台属性设置完成
22:16:52.450 [JavaFX Application Thread] INFO  com.stickpoint.ddmusic.App - 7. 加载图标
22:16:52.451 [JavaFX Application Thread] INFO  com.stickpoint.ddmusic.App - 图标URL: file:/G:/codeData/java/javafxProjects/bendy2025/ddmusic/target/classes/img/logo.svg
22:16:52.451 [JavaFX Application Thread] INFO  com.stickpoint.ddmusic.App - 8. 图标加载成功
22:16:52.451 [JavaFX Application Thread] INFO  com.stickpoint.ddmusic.App - 9. 显示舞台
22:16:52.649 [JavaFX Application Thread] INFO  com.stickpoint.ddmusic.App - 10. 添加窗口缩放支持
22:16:52.650 [JavaFX Application Thread] INFO  com.stickpoint.ddmusic.App - 11. 居中显示
22:16:52.651 [JavaFX Application Thread] INFO  com.stickpoint.ddmusic.App - 12. 应用启动完成
22:16:57.888 [JavaFX Application Thread] INFO  c.s.d.p.n.MusicPlayDetailContainer - 暂停旋转
22:16:57.893 [JavaFX Application Thread] INFO  c.s.d.p.n.MusicPlayDetailContainer - 当前播放状态: PAUSED
22:17:05.580 [JavaFX Application Thread] INFO  com.stickpoint.ddmusic.App - === 应用启动调试信息 ===
22:17:05.582 [JavaFX Application Thread] INFO  com.stickpoint.ddmusic.App - Java 版本: 21.0.7
22:17:05.582 [JavaFX Application Thread] INFO  com.stickpoint.ddmusic.App - JavaFX 版本: 21.0.7
22:17:05.582 [JavaFX Application Thread] INFO  com.stickpoint.ddmusic.App - 工作目录: G:\codeData\java\javafxProjects\bendy2025\ddmusic
22:17:05.582 [JavaFX Application Thread] INFO  com.stickpoint.ddmusic.App - 1. 开始创建 HomePage
22:17:06.069 [JavaFX Application Thread] INFO  com.stickpoint.ddmusic.App - 2. HomePage 创建成功
22:17:06.070 [JavaFX Application Thread] INFO  com.stickpoint.ddmusic.App - 3. 开始创建场景
22:17:06.088 [JavaFX Application Thread] INFO  com.stickpoint.ddmusic.App - 4. 场景创建成功
22:17:06.088 [JavaFX Application Thread] INFO  com.stickpoint.ddmusic.App - 5. 设置舞台属性
22:17:06.088 [JavaFX Application Thread] INFO  com.stickpoint.ddmusic.App - 6. 舞台属性设置完成
22:17:06.088 [JavaFX Application Thread] INFO  com.stickpoint.ddmusic.App - 7. 加载图标
22:17:06.089 [JavaFX Application Thread] INFO  com.stickpoint.ddmusic.App - 图标URL: file:/G:/codeData/java/javafxProjects/bendy2025/ddmusic/target/classes/img/logo.svg
22:17:06.090 [JavaFX Application Thread] INFO  com.stickpoint.ddmusic.App - 8. 图标加载成功
22:17:06.090 [JavaFX Application Thread] INFO  com.stickpoint.ddmusic.App - 9. 显示舞台
22:17:06.305 [JavaFX Application Thread] INFO  com.stickpoint.ddmusic.App - 10. 添加窗口缩放支持
22:17:06.306 [JavaFX Application Thread] INFO  com.stickpoint.ddmusic.App - 11. 居中显示
22:17:06.306 [JavaFX Application Thread] INFO  com.stickpoint.ddmusic.App - 12. 应用启动完成
22:26:10.273 [JavaFX Application Thread] INFO  com.stickpoint.ddmusic.App - === 应用启动调试信息 ===
22:26:10.274 [JavaFX Application Thread] INFO  com.stickpoint.ddmusic.App - Java 版本: 21.0.7
22:26:10.275 [JavaFX Application Thread] INFO  com.stickpoint.ddmusic.App - JavaFX 版本: 21.0.7
22:26:10.275 [JavaFX Application Thread] INFO  com.stickpoint.ddmusic.App - 工作目录: G:\codeData\java\javafxProjects\bendy2025\ddmusic
22:26:10.275 [JavaFX Application Thread] INFO  com.stickpoint.ddmusic.App - 1. 开始创建 HomePage
22:26:10.817 [JavaFX Application Thread] INFO  com.stickpoint.ddmusic.App - 2. HomePage 创建成功
22:26:10.817 [JavaFX Application Thread] INFO  com.stickpoint.ddmusic.App - 3. 开始创建场景
22:26:10.839 [JavaFX Application Thread] INFO  com.stickpoint.ddmusic.App - 4. 场景创建成功
22:26:10.840 [JavaFX Application Thread] INFO  com.stickpoint.ddmusic.App - 5. 设置舞台属性
22:26:10.840 [JavaFX Application Thread] INFO  com.stickpoint.ddmusic.App - 6. 舞台属性设置完成
22:26:10.840 [JavaFX Application Thread] INFO  com.stickpoint.ddmusic.App - 7. 加载图标
22:26:10.842 [JavaFX Application Thread] INFO  com.stickpoint.ddmusic.App - 图标URL: file:/G:/codeData/java/javafxProjects/bendy2025/ddmusic/target/classes/img/logo.svg
22:26:10.842 [JavaFX Application Thread] INFO  com.stickpoint.ddmusic.App - 8. 图标加载成功
22:26:10.842 [JavaFX Application Thread] INFO  com.stickpoint.ddmusic.App - 9. 显示舞台
22:26:11.079 [JavaFX Application Thread] INFO  com.stickpoint.ddmusic.App - 10. 添加窗口缩放支持
22:26:11.080 [JavaFX Application Thread] INFO  com.stickpoint.ddmusic.App - 11. 居中显示
22:26:11.080 [JavaFX Application Thread] INFO  com.stickpoint.ddmusic.App - 12. 应用启动完成
22:26:14.659 [JavaFX Application Thread] INFO  c.s.d.p.n.MusicPlayDetailContainer - 暂停旋转
22:26:14.660 [JavaFX Application Thread] INFO  c.s.d.p.n.MusicPlayDetailContainer - 当前播放状态: PAUSED
22:26:16.362 [JavaFX Application Thread] INFO  c.s.d.p.n.MusicPlayDetailContainer - 暂停旋转
22:26:16.362 [JavaFX Application Thread] INFO  c.s.d.p.n.MusicPlayDetailContainer - 当前播放状态: PAUSED
22:26:34.440 [JavaFX Application Thread] INFO  com.stickpoint.ddmusic.App - === 应用启动调试信息 ===
22:26:34.442 [JavaFX Application Thread] INFO  com.stickpoint.ddmusic.App - Java 版本: 21.0.7
22:26:34.442 [JavaFX Application Thread] INFO  com.stickpoint.ddmusic.App - JavaFX 版本: 21.0.7
22:26:34.442 [JavaFX Application Thread] INFO  com.stickpoint.ddmusic.App - 工作目录: G:\codeData\java\javafxProjects\bendy2025\ddmusic
22:26:34.442 [JavaFX Application Thread] INFO  com.stickpoint.ddmusic.App - 1. 开始创建 HomePage
22:26:34.946 [JavaFX Application Thread] INFO  com.stickpoint.ddmusic.App - 2. HomePage 创建成功
22:26:34.947 [JavaFX Application Thread] INFO  com.stickpoint.ddmusic.App - 3. 开始创建场景
22:26:34.969 [JavaFX Application Thread] INFO  com.stickpoint.ddmusic.App - 4. 场景创建成功
22:26:34.969 [JavaFX Application Thread] INFO  com.stickpoint.ddmusic.App - 5. 设置舞台属性
22:26:34.970 [JavaFX Application Thread] INFO  com.stickpoint.ddmusic.App - 6. 舞台属性设置完成
22:26:34.970 [JavaFX Application Thread] INFO  com.stickpoint.ddmusic.App - 7. 加载图标
22:26:34.971 [JavaFX Application Thread] INFO  com.stickpoint.ddmusic.App - 图标URL: file:/G:/codeData/java/javafxProjects/bendy2025/ddmusic/target/classes/img/logo.svg
22:26:34.971 [JavaFX Application Thread] INFO  com.stickpoint.ddmusic.App - 8. 图标加载成功
22:26:34.971 [JavaFX Application Thread] INFO  com.stickpoint.ddmusic.App - 9. 显示舞台
22:26:35.195 [JavaFX Application Thread] INFO  com.stickpoint.ddmusic.App - 10. 添加窗口缩放支持
22:26:35.195 [JavaFX Application Thread] INFO  com.stickpoint.ddmusic.App - 11. 居中显示
22:26:35.196 [JavaFX Application Thread] INFO  com.stickpoint.ddmusic.App - 12. 应用启动完成
22:26:38.977 [JavaFX Application Thread] INFO  c.s.d.p.n.MusicPlayDetailContainer - 暂停旋转
22:26:38.977 [JavaFX Application Thread] INFO  c.s.d.p.n.MusicPlayDetailContainer - 当前播放状态: PAUSED
22:26:40.931 [JavaFX Application Thread] INFO  c.s.d.p.n.MusicPlayDetailContainer - 暂停旋转
22:26:40.931 [JavaFX Application Thread] INFO  c.s.d.p.n.MusicPlayDetailContainer - 当前播放状态: PAUSED
22:28:03.688 [JavaFX Application Thread] INFO  com.stickpoint.ddmusic.App - === 应用启动调试信息 ===
22:28:03.690 [JavaFX Application Thread] INFO  com.stickpoint.ddmusic.App - Java 版本: 21.0.7
22:28:03.690 [JavaFX Application Thread] INFO  com.stickpoint.ddmusic.App - JavaFX 版本: 21.0.7
22:28:03.690 [JavaFX Application Thread] INFO  com.stickpoint.ddmusic.App - 工作目录: G:\codeData\java\javafxProjects\bendy2025\ddmusic
22:28:03.690 [JavaFX Application Thread] INFO  com.stickpoint.ddmusic.App - 1. 开始创建 HomePage
22:28:04.188 [JavaFX Application Thread] INFO  com.stickpoint.ddmusic.App - 2. HomePage 创建成功
22:28:04.189 [JavaFX Application Thread] INFO  com.stickpoint.ddmusic.App - 3. 开始创建场景
22:28:04.207 [JavaFX Application Thread] INFO  com.stickpoint.ddmusic.App - 4. 场景创建成功
22:28:04.211 [JavaFX Application Thread] INFO  com.stickpoint.ddmusic.App - 5. 设置舞台属性
22:28:04.211 [JavaFX Application Thread] INFO  com.stickpoint.ddmusic.App - 6. 舞台属性设置完成
22:28:04.212 [JavaFX Application Thread] INFO  com.stickpoint.ddmusic.App - 7. 加载图标
22:28:04.212 [JavaFX Application Thread] INFO  com.stickpoint.ddmusic.App - 图标URL: file:/G:/codeData/java/javafxProjects/bendy2025/ddmusic/target/classes/img/logo.svg
22:28:04.213 [JavaFX Application Thread] INFO  com.stickpoint.ddmusic.App - 8. 图标加载成功
22:28:04.213 [JavaFX Application Thread] INFO  com.stickpoint.ddmusic.App - 9. 显示舞台
22:28:04.435 [JavaFX Application Thread] INFO  com.stickpoint.ddmusic.App - 10. 添加窗口缩放支持
22:28:04.436 [JavaFX Application Thread] INFO  com.stickpoint.ddmusic.App - 11. 居中显示
22:28:04.437 [JavaFX Application Thread] INFO  com.stickpoint.ddmusic.App - 12. 应用启动完成
22:28:09.331 [JavaFX Application Thread] INFO  c.s.d.p.n.MusicPlayDetailContainer - 暂停旋转
22:28:09.331 [JavaFX Application Thread] INFO  c.s.d.p.n.MusicPlayDetailContainer - 当前播放状态: PAUSED
22:28:12.137 [JavaFX Application Thread] INFO  c.s.d.p.n.MusicPlayDetailContainer - 暂停旋转
22:28:12.137 [JavaFX Application Thread] INFO  c.s.d.p.n.MusicPlayDetailContainer - 当前播放状态: PAUSED
22:28:16.601 [JavaFX Application Thread] INFO  c.s.d.p.n.MusicPlayDetailContainer - 暂停旋转
22:28:16.601 [JavaFX Application Thread] INFO  c.s.d.p.n.MusicPlayDetailContainer - 当前播放状态: PAUSED
22:28:19.802 [JavaFX Application Thread] INFO  c.s.d.p.n.MusicPlayDetailContainer - 暂停旋转
22:28:19.802 [JavaFX Application Thread] INFO  c.s.d.p.n.MusicPlayDetailContainer - 当前播放状态: PAUSED
22:28:26.657 [JavaFX Application Thread] INFO  com.stickpoint.ddmusic.App - === 应用启动调试信息 ===
22:28:26.658 [JavaFX Application Thread] INFO  com.stickpoint.ddmusic.App - Java 版本: 21.0.7
22:28:26.659 [JavaFX Application Thread] INFO  com.stickpoint.ddmusic.App - JavaFX 版本: 21.0.7
22:28:26.659 [JavaFX Application Thread] INFO  com.stickpoint.ddmusic.App - 工作目录: G:\codeData\java\javafxProjects\bendy2025\ddmusic
22:28:26.659 [JavaFX Application Thread] INFO  com.stickpoint.ddmusic.App - 1. 开始创建 HomePage
22:28:27.144 [JavaFX Application Thread] INFO  com.stickpoint.ddmusic.App - 2. HomePage 创建成功
22:28:27.144 [JavaFX Application Thread] INFO  com.stickpoint.ddmusic.App - 3. 开始创建场景
22:28:27.167 [JavaFX Application Thread] INFO  com.stickpoint.ddmusic.App - 4. 场景创建成功
22:28:27.167 [JavaFX Application Thread] INFO  com.stickpoint.ddmusic.App - 5. 设置舞台属性
22:28:27.168 [JavaFX Application Thread] INFO  com.stickpoint.ddmusic.App - 6. 舞台属性设置完成
22:28:27.169 [JavaFX Application Thread] INFO  com.stickpoint.ddmusic.App - 7. 加载图标
22:28:27.169 [JavaFX Application Thread] INFO  com.stickpoint.ddmusic.App - 图标URL: file:/G:/codeData/java/javafxProjects/bendy2025/ddmusic/target/classes/img/logo.svg
22:28:27.170 [JavaFX Application Thread] INFO  com.stickpoint.ddmusic.App - 8. 图标加载成功
22:28:27.170 [JavaFX Application Thread] INFO  com.stickpoint.ddmusic.App - 9. 显示舞台
22:28:27.361 [JavaFX Application Thread] INFO  com.stickpoint.ddmusic.App - 10. 添加窗口缩放支持
22:28:27.362 [JavaFX Application Thread] INFO  com.stickpoint.ddmusic.App - 11. 居中显示
22:28:27.362 [JavaFX Application Thread] INFO  com.stickpoint.ddmusic.App - 12. 应用启动完成
22:29:01.293 [JavaFX Application Thread] INFO  com.stickpoint.ddmusic.App - === 应用启动调试信息 ===
22:29:01.294 [JavaFX Application Thread] INFO  com.stickpoint.ddmusic.App - Java 版本: 21.0.7
22:29:01.294 [JavaFX Application Thread] INFO  com.stickpoint.ddmusic.App - JavaFX 版本: 21.0.7
22:29:01.295 [JavaFX Application Thread] INFO  com.stickpoint.ddmusic.App - 工作目录: G:\codeData\java\javafxProjects\bendy2025\ddmusic
22:29:01.295 [JavaFX Application Thread] INFO  com.stickpoint.ddmusic.App - 1. 开始创建 HomePage
22:29:01.799 [JavaFX Application Thread] INFO  com.stickpoint.ddmusic.App - 2. HomePage 创建成功
22:29:01.800 [JavaFX Application Thread] INFO  com.stickpoint.ddmusic.App - 3. 开始创建场景
22:29:01.819 [JavaFX Application Thread] INFO  com.stickpoint.ddmusic.App - 4. 场景创建成功
22:29:01.819 [JavaFX Application Thread] INFO  com.stickpoint.ddmusic.App - 5. 设置舞台属性
22:29:01.819 [JavaFX Application Thread] INFO  com.stickpoint.ddmusic.App - 6. 舞台属性设置完成
22:29:01.819 [JavaFX Application Thread] INFO  com.stickpoint.ddmusic.App - 7. 加载图标
22:29:01.820 [JavaFX Application Thread] INFO  com.stickpoint.ddmusic.App - 图标URL: file:/G:/codeData/java/javafxProjects/bendy2025/ddmusic/target/classes/img/logo.svg
22:29:01.820 [JavaFX Application Thread] INFO  com.stickpoint.ddmusic.App - 8. 图标加载成功
22:29:01.821 [JavaFX Application Thread] INFO  com.stickpoint.ddmusic.App - 9. 显示舞台
22:29:02.042 [JavaFX Application Thread] INFO  com.stickpoint.ddmusic.App - 10. 添加窗口缩放支持
22:29:02.043 [JavaFX Application Thread] INFO  com.stickpoint.ddmusic.App - 11. 居中显示
22:29:02.043 [JavaFX Application Thread] INFO  com.stickpoint.ddmusic.App - 12. 应用启动完成
22:29:15.979 [JavaFX Application Thread] INFO  com.stickpoint.ddmusic.App - === 应用启动调试信息 ===
22:29:15.981 [JavaFX Application Thread] INFO  com.stickpoint.ddmusic.App - Java 版本: 21.0.7
22:29:15.981 [JavaFX Application Thread] INFO  com.stickpoint.ddmusic.App - JavaFX 版本: 21.0.7
22:29:15.981 [JavaFX Application Thread] INFO  com.stickpoint.ddmusic.App - 工作目录: G:\codeData\java\javafxProjects\bendy2025\ddmusic
22:29:15.981 [JavaFX Application Thread] INFO  com.stickpoint.ddmusic.App - 1. 开始创建 HomePage
22:29:16.487 [JavaFX Application Thread] INFO  com.stickpoint.ddmusic.App - 2. HomePage 创建成功
22:29:16.487 [JavaFX Application Thread] INFO  com.stickpoint.ddmusic.App - 3. 开始创建场景
22:29:16.508 [JavaFX Application Thread] INFO  com.stickpoint.ddmusic.App - 4. 场景创建成功
22:29:16.508 [JavaFX Application Thread] INFO  com.stickpoint.ddmusic.App - 5. 设置舞台属性
22:29:16.513 [JavaFX Application Thread] INFO  com.stickpoint.ddmusic.App - 6. 舞台属性设置完成
22:29:16.513 [JavaFX Application Thread] INFO  com.stickpoint.ddmusic.App - 7. 加载图标
22:29:16.514 [JavaFX Application Thread] INFO  com.stickpoint.ddmusic.App - 图标URL: file:/G:/codeData/java/javafxProjects/bendy2025/ddmusic/target/classes/img/logo.svg
22:29:16.514 [JavaFX Application Thread] INFO  com.stickpoint.ddmusic.App - 8. 图标加载成功
22:29:16.515 [JavaFX Application Thread] INFO  com.stickpoint.ddmusic.App - 9. 显示舞台
22:29:16.729 [JavaFX Application Thread] INFO  com.stickpoint.ddmusic.App - 10. 添加窗口缩放支持
22:29:16.730 [JavaFX Application Thread] INFO  com.stickpoint.ddmusic.App - 11. 居中显示
22:29:16.730 [JavaFX Application Thread] INFO  com.stickpoint.ddmusic.App - 12. 应用启动完成
22:30:22.153 [JavaFX Application Thread] INFO  com.stickpoint.ddmusic.App - === 应用启动调试信息 ===
22:30:22.155 [JavaFX Application Thread] INFO  com.stickpoint.ddmusic.App - Java 版本: 21.0.7
22:30:22.155 [JavaFX Application Thread] INFO  com.stickpoint.ddmusic.App - JavaFX 版本: 21.0.7
22:30:22.155 [JavaFX Application Thread] INFO  com.stickpoint.ddmusic.App - 工作目录: G:\codeData\java\javafxProjects\bendy2025\ddmusic
22:30:22.155 [JavaFX Application Thread] INFO  com.stickpoint.ddmusic.App - 1. 开始创建 HomePage
22:30:22.837 [JavaFX Application Thread] INFO  c.s.d.p.n.MusicPlayDetailContainer - 唱针旋转角度: -80.0
22:30:22.845 [JavaFX Application Thread] INFO  com.stickpoint.ddmusic.App - 2. HomePage 创建成功
22:30:22.845 [JavaFX Application Thread] INFO  com.stickpoint.ddmusic.App - 3. 开始创建场景
22:30:22.869 [JavaFX Application Thread] INFO  com.stickpoint.ddmusic.App - 4. 场景创建成功
22:30:22.869 [JavaFX Application Thread] INFO  com.stickpoint.ddmusic.App - 5. 设置舞台属性
22:30:22.870 [JavaFX Application Thread] INFO  com.stickpoint.ddmusic.App - 6. 舞台属性设置完成
22:30:22.870 [JavaFX Application Thread] INFO  com.stickpoint.ddmusic.App - 7. 加载图标
22:30:22.871 [JavaFX Application Thread] INFO  com.stickpoint.ddmusic.App - 图标URL: file:/G:/codeData/java/javafxProjects/bendy2025/ddmusic/target/classes/img/logo.svg
22:30:22.872 [JavaFX Application Thread] INFO  com.stickpoint.ddmusic.App - 8. 图标加载成功
22:30:22.872 [JavaFX Application Thread] INFO  com.stickpoint.ddmusic.App - 9. 显示舞台
22:30:23.097 [JavaFX Application Thread] INFO  com.stickpoint.ddmusic.App - 10. 添加窗口缩放支持
22:30:23.099 [JavaFX Application Thread] INFO  com.stickpoint.ddmusic.App - 11. 居中显示
22:30:23.099 [JavaFX Application Thread] INFO  com.stickpoint.ddmusic.App - 12. 应用启动完成
22:30:32.434 [JavaFX Application Thread] INFO  c.s.d.p.n.MusicPlayDetailContainer - 暂停旋转
22:30:32.434 [JavaFX Application Thread] INFO  c.s.d.p.n.MusicPlayDetailContainer - 当前播放状态: PAUSED
22:30:36.819 [JavaFX Application Thread] INFO  c.s.d.p.n.MusicPlayDetailContainer - 暂停旋转
22:30:36.819 [JavaFX Application Thread] INFO  c.s.d.p.n.MusicPlayDetailContainer - 当前播放状态: PAUSED
22:31:52.062 [JavaFX Application Thread] INFO  com.stickpoint.ddmusic.App - === 应用启动调试信息 ===
22:31:52.064 [JavaFX Application Thread] INFO  com.stickpoint.ddmusic.App - Java 版本: 21.0.7
22:31:52.064 [JavaFX Application Thread] INFO  com.stickpoint.ddmusic.App - JavaFX 版本: 21.0.7
22:31:52.064 [JavaFX Application Thread] INFO  com.stickpoint.ddmusic.App - 工作目录: G:\codeData\java\javafxProjects\bendy2025\ddmusic
22:31:52.065 [JavaFX Application Thread] INFO  com.stickpoint.ddmusic.App - 1. 开始创建 HomePage
22:31:52.567 [JavaFX Application Thread] INFO  c.s.d.p.n.MusicPlayDetailContainer - 唱针旋转角度: -80.0
22:31:52.574 [JavaFX Application Thread] INFO  com.stickpoint.ddmusic.App - 2. HomePage 创建成功
22:31:52.575 [JavaFX Application Thread] INFO  com.stickpoint.ddmusic.App - 3. 开始创建场景
22:31:52.594 [JavaFX Application Thread] INFO  com.stickpoint.ddmusic.App - 4. 场景创建成功
22:31:52.594 [JavaFX Application Thread] INFO  com.stickpoint.ddmusic.App - 5. 设置舞台属性
22:31:52.594 [JavaFX Application Thread] INFO  com.stickpoint.ddmusic.App - 6. 舞台属性设置完成
22:31:52.594 [JavaFX Application Thread] INFO  com.stickpoint.ddmusic.App - 7. 加载图标
22:31:52.595 [JavaFX Application Thread] INFO  com.stickpoint.ddmusic.App - 图标URL: file:/G:/codeData/java/javafxProjects/bendy2025/ddmusic/target/classes/img/logo.svg
22:31:52.596 [JavaFX Application Thread] INFO  com.stickpoint.ddmusic.App - 8. 图标加载成功
22:31:52.597 [JavaFX Application Thread] INFO  com.stickpoint.ddmusic.App - 9. 显示舞台
22:31:52.809 [JavaFX Application Thread] INFO  com.stickpoint.ddmusic.App - 10. 添加窗口缩放支持
22:31:52.810 [JavaFX Application Thread] INFO  com.stickpoint.ddmusic.App - 11. 居中显示
22:31:52.810 [JavaFX Application Thread] INFO  com.stickpoint.ddmusic.App - 12. 应用启动完成
22:31:55.833 [JavaFX Application Thread] INFO  c.s.d.p.n.MusicPlayDetailContainer - 暂停旋转
22:31:55.833 [JavaFX Application Thread] INFO  c.s.d.p.n.MusicPlayDetailContainer - 当前播放状态: PAUSED
22:31:57.529 [JavaFX Application Thread] INFO  c.s.d.p.n.MusicPlayDetailContainer - 暂停旋转
22:31:57.530 [JavaFX Application Thread] INFO  c.s.d.p.n.MusicPlayDetailContainer - 当前播放状态: PAUSED
22:31:59.041 [JavaFX Application Thread] INFO  c.s.d.p.n.MusicPlayDetailContainer - 暂停旋转
22:31:59.041 [JavaFX Application Thread] INFO  c.s.d.p.n.MusicPlayDetailContainer - 当前播放状态: PAUSED
22:34:31.604 [JavaFX Application Thread] INFO  com.stickpoint.ddmusic.App - === 应用启动调试信息 ===
22:34:31.606 [JavaFX Application Thread] INFO  com.stickpoint.ddmusic.App - Java 版本: 21.0.7
22:34:31.606 [JavaFX Application Thread] INFO  com.stickpoint.ddmusic.App - JavaFX 版本: 21.0.7
22:34:31.606 [JavaFX Application Thread] INFO  com.stickpoint.ddmusic.App - 工作目录: G:\codeData\java\javafxProjects\bendy2025\ddmusic
22:34:31.606 [JavaFX Application Thread] INFO  com.stickpoint.ddmusic.App - 1. 开始创建 HomePage
22:34:32.109 [JavaFX Application Thread] INFO  c.s.d.p.n.MusicPlayDetailContainer - 唱针旋转角度: -80.0
22:34:32.117 [JavaFX Application Thread] INFO  com.stickpoint.ddmusic.App - 2. HomePage 创建成功
22:34:32.117 [JavaFX Application Thread] INFO  com.stickpoint.ddmusic.App - 3. 开始创建场景
22:34:32.136 [JavaFX Application Thread] INFO  com.stickpoint.ddmusic.App - 4. 场景创建成功
22:34:32.136 [JavaFX Application Thread] INFO  com.stickpoint.ddmusic.App - 5. 设置舞台属性
22:34:32.137 [JavaFX Application Thread] INFO  com.stickpoint.ddmusic.App - 6. 舞台属性设置完成
22:34:32.137 [JavaFX Application Thread] INFO  com.stickpoint.ddmusic.App - 7. 加载图标
22:34:32.138 [JavaFX Application Thread] INFO  com.stickpoint.ddmusic.App - 图标URL: file:/G:/codeData/java/javafxProjects/bendy2025/ddmusic/target/classes/img/logo.svg
22:34:32.138 [JavaFX Application Thread] INFO  com.stickpoint.ddmusic.App - 8. 图标加载成功
22:34:32.138 [JavaFX Application Thread] INFO  com.stickpoint.ddmusic.App - 9. 显示舞台
22:34:32.341 [JavaFX Application Thread] INFO  com.stickpoint.ddmusic.App - 10. 添加窗口缩放支持
22:34:32.342 [JavaFX Application Thread] INFO  com.stickpoint.ddmusic.App - 11. 居中显示
22:34:32.342 [JavaFX Application Thread] INFO  com.stickpoint.ddmusic.App - 12. 应用启动完成
22:34:40.082 [JavaFX Application Thread] INFO  c.s.d.p.n.MusicPlayDetailContainer - 暂停旋转
22:34:40.082 [JavaFX Application Thread] INFO  c.s.d.p.n.MusicPlayDetailContainer - 当前播放状态: PAUSED
22:34:42.577 [JavaFX Application Thread] INFO  c.s.d.p.n.MusicPlayDetailContainer - 暂停旋转
22:34:42.577 [JavaFX Application Thread] INFO  c.s.d.p.n.MusicPlayDetailContainer - 当前播放状态: PAUSED
22:34:43.600 [JavaFX Application Thread] INFO  c.s.d.p.n.MusicPlayDetailContainer - 暂停旋转
22:34:43.601 [JavaFX Application Thread] INFO  c.s.d.p.n.MusicPlayDetailContainer - 当前播放状态: PAUSED
22:34:44.289 [JavaFX Application Thread] INFO  c.s.d.p.n.MusicPlayDetailContainer - 暂停旋转
22:34:44.289 [JavaFX Application Thread] INFO  c.s.d.p.n.MusicPlayDetailContainer - 当前播放状态: PAUSED
22:34:45.017 [JavaFX Application Thread] INFO  c.s.d.p.n.MusicPlayDetailContainer - 暂停旋转
22:34:45.017 [JavaFX Application Thread] INFO  c.s.d.p.n.MusicPlayDetailContainer - 当前播放状态: PAUSED
22:34:45.657 [JavaFX Application Thread] INFO  c.s.d.p.n.MusicPlayDetailContainer - 暂停旋转
22:34:45.657 [JavaFX Application Thread] INFO  c.s.d.p.n.MusicPlayDetailContainer - 当前播放状态: PAUSED
22:34:46.305 [JavaFX Application Thread] INFO  c.s.d.p.n.MusicPlayDetailContainer - 暂停旋转
22:34:46.305 [JavaFX Application Thread] INFO  c.s.d.p.n.MusicPlayDetailContainer - 当前播放状态: PAUSED
22:34:47.346 [JavaFX Application Thread] INFO  c.s.d.p.n.MusicPlayDetailContainer - 暂停旋转
22:34:47.346 [JavaFX Application Thread] INFO  c.s.d.p.n.MusicPlayDetailContainer - 当前播放状态: PAUSED
22:34:49.717 [JavaFX Application Thread] INFO  c.s.d.p.n.MusicPlayDetailContainer - 暂停旋转
22:34:49.717 [JavaFX Application Thread] INFO  c.s.d.p.n.MusicPlayDetailContainer - 当前播放状态: PAUSED
22:34:51.714 [JavaFX Application Thread] INFO  c.s.d.p.n.MusicPlayDetailContainer - 暂停旋转
22:34:51.714 [JavaFX Application Thread] INFO  c.s.d.p.n.MusicPlayDetailContainer - 当前播放状态: PAUSED
22:34:52.748 [JavaFX Application Thread] INFO  c.s.d.p.n.MusicPlayDetailContainer - 暂停旋转
22:34:52.748 [JavaFX Application Thread] INFO  c.s.d.p.n.MusicPlayDetailContainer - 当前播放状态: PAUSED
22:34:53.289 [JavaFX Application Thread] INFO  c.s.d.p.n.MusicPlayDetailContainer - 暂停旋转
22:34:53.290 [JavaFX Application Thread] INFO  c.s.d.p.n.MusicPlayDetailContainer - 当前播放状态: PAUSED
22:34:53.674 [JavaFX Application Thread] INFO  c.s.d.p.n.MusicPlayDetailContainer - 暂停旋转
22:34:53.675 [JavaFX Application Thread] INFO  c.s.d.p.n.MusicPlayDetailContainer - 当前播放状态: PAUSED
22:34:54.377 [JavaFX Application Thread] INFO  c.s.d.p.n.MusicPlayDetailContainer - 暂停旋转
22:34:54.377 [JavaFX Application Thread] INFO  c.s.d.p.n.MusicPlayDetailContainer - 当前播放状态: PAUSED
22:37:37.935 [JavaFX Application Thread] INFO  com.stickpoint.ddmusic.App - === 应用启动调试信息 ===
22:37:37.937 [JavaFX Application Thread] INFO  com.stickpoint.ddmusic.App - Java 版本: 21.0.7
22:37:37.937 [JavaFX Application Thread] INFO  com.stickpoint.ddmusic.App - JavaFX 版本: 21.0.7
22:37:37.937 [JavaFX Application Thread] INFO  com.stickpoint.ddmusic.App - 工作目录: G:\codeData\java\javafxProjects\bendy2025\ddmusic
22:37:37.937 [JavaFX Application Thread] INFO  com.stickpoint.ddmusic.App - 1. 开始创建 HomePage
22:37:38.430 [JavaFX Application Thread] INFO  c.s.d.p.n.MusicPlayDetailContainer - 唱针旋转角度: -80.0
22:37:38.436 [JavaFX Application Thread] INFO  c.s.d.p.n.MusicPlayDetailContainer - 旋转角度: 60.0
22:37:38.439 [JavaFX Application Thread] INFO  com.stickpoint.ddmusic.App - 2. HomePage 创建成功
22:37:38.440 [JavaFX Application Thread] INFO  com.stickpoint.ddmusic.App - 3. 开始创建场景
22:37:38.461 [JavaFX Application Thread] INFO  com.stickpoint.ddmusic.App - 4. 场景创建成功
22:37:38.462 [JavaFX Application Thread] INFO  com.stickpoint.ddmusic.App - 5. 设置舞台属性
22:37:38.462 [JavaFX Application Thread] INFO  com.stickpoint.ddmusic.App - 6. 舞台属性设置完成
22:37:38.462 [JavaFX Application Thread] INFO  com.stickpoint.ddmusic.App - 7. 加载图标
22:37:38.462 [JavaFX Application Thread] INFO  com.stickpoint.ddmusic.App - 图标URL: file:/G:/codeData/java/javafxProjects/bendy2025/ddmusic/target/classes/img/logo.svg
22:37:38.463 [JavaFX Application Thread] INFO  com.stickpoint.ddmusic.App - 8. 图标加载成功
22:37:38.463 [JavaFX Application Thread] INFO  com.stickpoint.ddmusic.App - 9. 显示舞台
22:37:38.660 [JavaFX Application Thread] INFO  com.stickpoint.ddmusic.App - 10. 添加窗口缩放支持
22:37:38.661 [JavaFX Application Thread] INFO  com.stickpoint.ddmusic.App - 11. 居中显示
22:37:38.662 [JavaFX Application Thread] INFO  com.stickpoint.ddmusic.App - 12. 应用启动完成
22:38:42.660 [JavaFX Application Thread] INFO  com.stickpoint.ddmusic.App - === 应用启动调试信息 ===
22:38:42.661 [JavaFX Application Thread] INFO  com.stickpoint.ddmusic.App - Java 版本: 21.0.7
22:38:42.661 [JavaFX Application Thread] INFO  com.stickpoint.ddmusic.App - JavaFX 版本: 21.0.7
22:38:42.661 [JavaFX Application Thread] INFO  com.stickpoint.ddmusic.App - 工作目录: G:\codeData\java\javafxProjects\bendy2025\ddmusic
22:38:42.661 [JavaFX Application Thread] INFO  com.stickpoint.ddmusic.App - 1. 开始创建 HomePage
22:38:43.192 [JavaFX Application Thread] INFO  c.s.d.p.n.MusicPlayDetailContainer - 唱针旋转角度: -80.0
22:38:43.197 [JavaFX Application Thread] INFO  c.s.d.p.n.MusicPlayDetailContainer - 旋转角度: 60.0
22:38:43.201 [JavaFX Application Thread] INFO  com.stickpoint.ddmusic.App - 2. HomePage 创建成功
22:38:43.201 [JavaFX Application Thread] INFO  com.stickpoint.ddmusic.App - 3. 开始创建场景
22:38:43.224 [JavaFX Application Thread] INFO  com.stickpoint.ddmusic.App - 4. 场景创建成功
22:38:43.225 [JavaFX Application Thread] INFO  com.stickpoint.ddmusic.App - 5. 设置舞台属性
22:38:43.225 [JavaFX Application Thread] INFO  com.stickpoint.ddmusic.App - 6. 舞台属性设置完成
22:38:43.225 [JavaFX Application Thread] INFO  com.stickpoint.ddmusic.App - 7. 加载图标
22:38:43.226 [JavaFX Application Thread] INFO  com.stickpoint.ddmusic.App - 图标URL: file:/G:/codeData/java/javafxProjects/bendy2025/ddmusic/target/classes/img/logo.svg
22:38:43.226 [JavaFX Application Thread] INFO  com.stickpoint.ddmusic.App - 8. 图标加载成功
22:38:43.226 [JavaFX Application Thread] INFO  com.stickpoint.ddmusic.App - 9. 显示舞台
22:38:43.414 [JavaFX Application Thread] INFO  com.stickpoint.ddmusic.App - 10. 添加窗口缩放支持
22:38:43.415 [JavaFX Application Thread] INFO  com.stickpoint.ddmusic.App - 11. 居中显示
22:38:43.415 [JavaFX Application Thread] INFO  com.stickpoint.ddmusic.App - 12. 应用启动完成
22:38:46.706 [JavaFX Application Thread] INFO  c.s.d.p.n.MusicPlayDetailContainer - 暂停旋转
22:38:46.706 [JavaFX Application Thread] INFO  c.s.d.p.n.MusicPlayDetailContainer - 当前播放状态: PAUSED
22:38:48.665 [JavaFX Application Thread] INFO  c.s.d.p.n.MusicPlayDetailContainer - 暂停旋转
22:38:48.665 [JavaFX Application Thread] INFO  c.s.d.p.n.MusicPlayDetailContainer - 当前播放状态: PAUSED
22:38:57.593 [JavaFX Application Thread] INFO  c.s.d.p.n.MusicPlayDetailContainer - 暂停旋转
22:38:57.594 [JavaFX Application Thread] INFO  c.s.d.p.n.MusicPlayDetailContainer - 当前播放状态: PAUSED
22:39:18.242 [JavaFX Application Thread] INFO  com.stickpoint.ddmusic.App - === 应用启动调试信息 ===
22:39:18.244 [JavaFX Application Thread] INFO  com.stickpoint.ddmusic.App - Java 版本: 21.0.7
22:39:18.244 [JavaFX Application Thread] INFO  com.stickpoint.ddmusic.App - JavaFX 版本: 21.0.7
22:39:18.244 [JavaFX Application Thread] INFO  com.stickpoint.ddmusic.App - 工作目录: G:\codeData\java\javafxProjects\bendy2025\ddmusic
22:39:18.244 [JavaFX Application Thread] INFO  com.stickpoint.ddmusic.App - 1. 开始创建 HomePage
22:39:18.843 [JavaFX Application Thread] INFO  c.s.d.p.n.MusicPlayDetailContainer - 唱针旋转角度: -80.0
22:39:18.859 [JavaFX Application Thread] INFO  c.s.d.p.n.MusicPlayDetailContainer - 旋转角度: 60.0
22:39:18.864 [JavaFX Application Thread] INFO  com.stickpoint.ddmusic.App - 2. HomePage 创建成功
22:39:18.865 [JavaFX Application Thread] INFO  com.stickpoint.ddmusic.App - 3. 开始创建场景
22:39:18.894 [JavaFX Application Thread] INFO  com.stickpoint.ddmusic.App - 4. 场景创建成功
22:39:18.895 [JavaFX Application Thread] INFO  com.stickpoint.ddmusic.App - 5. 设置舞台属性
22:39:18.896 [JavaFX Application Thread] INFO  com.stickpoint.ddmusic.App - 6. 舞台属性设置完成
22:39:18.896 [JavaFX Application Thread] INFO  com.stickpoint.ddmusic.App - 7. 加载图标
22:39:18.897 [JavaFX Application Thread] INFO  com.stickpoint.ddmusic.App - 图标URL: file:/G:/codeData/java/javafxProjects/bendy2025/ddmusic/target/classes/img/logo.svg
22:39:18.898 [JavaFX Application Thread] INFO  com.stickpoint.ddmusic.App - 8. 图标加载成功
22:39:18.899 [JavaFX Application Thread] INFO  com.stickpoint.ddmusic.App - 9. 显示舞台
22:39:19.112 [JavaFX Application Thread] INFO  com.stickpoint.ddmusic.App - 10. 添加窗口缩放支持
22:39:19.114 [JavaFX Application Thread] INFO  com.stickpoint.ddmusic.App - 11. 居中显示
22:39:19.115 [JavaFX Application Thread] INFO  com.stickpoint.ddmusic.App - 12. 应用启动完成
22:39:21.404 [JavaFX Application Thread] INFO  com.stickpoint.ddmusic.App - === 应用启动调试信息 ===
22:39:21.406 [JavaFX Application Thread] INFO  com.stickpoint.ddmusic.App - Java 版本: 21.0.7
22:39:21.406 [JavaFX Application Thread] INFO  com.stickpoint.ddmusic.App - JavaFX 版本: 21.0.7
22:39:21.406 [JavaFX Application Thread] INFO  com.stickpoint.ddmusic.App - 工作目录: G:\codeData\java\javafxProjects\bendy2025\ddmusic
22:39:21.406 [JavaFX Application Thread] INFO  com.stickpoint.ddmusic.App - 1. 开始创建 HomePage
22:39:21.910 [JavaFX Application Thread] INFO  c.s.d.p.n.MusicPlayDetailContainer - 唱针旋转角度: -80.0
22:39:21.916 [JavaFX Application Thread] INFO  c.s.d.p.n.MusicPlayDetailContainer - 旋转角度: 60.0
22:39:21.920 [JavaFX Application Thread] INFO  com.stickpoint.ddmusic.App - 2. HomePage 创建成功
22:39:21.920 [JavaFX Application Thread] INFO  com.stickpoint.ddmusic.App - 3. 开始创建场景
22:39:21.944 [JavaFX Application Thread] INFO  com.stickpoint.ddmusic.App - 4. 场景创建成功
22:39:21.945 [JavaFX Application Thread] INFO  com.stickpoint.ddmusic.App - 5. 设置舞台属性
22:39:21.945 [JavaFX Application Thread] INFO  com.stickpoint.ddmusic.App - 6. 舞台属性设置完成
22:39:21.946 [JavaFX Application Thread] INFO  com.stickpoint.ddmusic.App - 7. 加载图标
22:39:21.946 [JavaFX Application Thread] INFO  com.stickpoint.ddmusic.App - 图标URL: file:/G:/codeData/java/javafxProjects/bendy2025/ddmusic/target/classes/img/logo.svg
22:39:21.947 [JavaFX Application Thread] INFO  com.stickpoint.ddmusic.App - 8. 图标加载成功
22:39:21.947 [JavaFX Application Thread] INFO  com.stickpoint.ddmusic.App - 9. 显示舞台
22:39:22.175 [JavaFX Application Thread] INFO  com.stickpoint.ddmusic.App - 10. 添加窗口缩放支持
22:39:22.176 [JavaFX Application Thread] INFO  com.stickpoint.ddmusic.App - 11. 居中显示
22:39:22.177 [JavaFX Application Thread] INFO  com.stickpoint.ddmusic.App - 12. 应用启动完成
22:39:31.618 [JavaFX Application Thread] INFO  c.s.d.p.n.MusicPlayDetailContainer - 暂停旋转
22:39:31.618 [JavaFX Application Thread] INFO  c.s.d.p.n.MusicPlayDetailContainer - 当前播放状态: PAUSED
22:39:34.235 [JavaFX Application Thread] INFO  c.s.d.p.n.MusicPlayDetailContainer - 暂停旋转
22:39:34.235 [JavaFX Application Thread] INFO  c.s.d.p.n.MusicPlayDetailContainer - 当前播放状态: PAUSED
22:40:20.545 [JavaFX Application Thread] INFO  c.s.d.p.n.MusicPlayDetailContainer - 暂停旋转
22:40:20.545 [JavaFX Application Thread] INFO  c.s.d.p.n.MusicPlayDetailContainer - 当前播放状态: PAUSED
22:40:26.033 [JavaFX Application Thread] INFO  c.s.d.p.n.MusicPlayDetailContainer - 暂停旋转
22:40:26.033 [JavaFX Application Thread] INFO  c.s.d.p.n.MusicPlayDetailContainer - 当前播放状态: PAUSED
22:43:55.859 [JavaFX Application Thread] INFO  com.stickpoint.ddmusic.App - === 应用启动调试信息 ===
22:43:55.860 [JavaFX Application Thread] INFO  com.stickpoint.ddmusic.App - Java 版本: 21.0.7
22:43:55.861 [JavaFX Application Thread] INFO  com.stickpoint.ddmusic.App - JavaFX 版本: 21.0.7
22:43:55.861 [JavaFX Application Thread] INFO  com.stickpoint.ddmusic.App - 工作目录: G:\codeData\java\javafxProjects\bendy2025\ddmusic
22:43:55.861 [JavaFX Application Thread] INFO  com.stickpoint.ddmusic.App - 1. 开始创建 HomePage
22:43:56.353 [JavaFX Application Thread] INFO  c.s.d.p.n.MusicPlayDetailContainer - 唱针旋转角度: -80.0
22:43:56.359 [JavaFX Application Thread] INFO  c.s.d.p.n.MusicPlayDetailContainer - 旋转角度: 60.0
22:43:56.364 [JavaFX Application Thread] INFO  com.stickpoint.ddmusic.App - 2. HomePage 创建成功
22:43:56.364 [JavaFX Application Thread] INFO  com.stickpoint.ddmusic.App - 3. 开始创建场景
22:43:56.382 [JavaFX Application Thread] INFO  com.stickpoint.ddmusic.App - 4. 场景创建成功
22:43:56.382 [JavaFX Application Thread] INFO  com.stickpoint.ddmusic.App - 5. 设置舞台属性
22:43:56.382 [JavaFX Application Thread] INFO  com.stickpoint.ddmusic.App - 6. 舞台属性设置完成
22:43:56.382 [JavaFX Application Thread] INFO  com.stickpoint.ddmusic.App - 7. 加载图标
22:43:56.383 [JavaFX Application Thread] INFO  com.stickpoint.ddmusic.App - 图标URL: file:/G:/codeData/java/javafxProjects/bendy2025/ddmusic/target/classes/img/logo.svg
22:43:56.384 [JavaFX Application Thread] INFO  com.stickpoint.ddmusic.App - 8. 图标加载成功
22:43:56.384 [JavaFX Application Thread] INFO  com.stickpoint.ddmusic.App - 9. 显示舞台
22:43:56.602 [JavaFX Application Thread] INFO  com.stickpoint.ddmusic.App - 10. 添加窗口缩放支持
22:43:56.603 [JavaFX Application Thread] INFO  com.stickpoint.ddmusic.App - 11. 居中显示
22:43:56.603 [JavaFX Application Thread] INFO  com.stickpoint.ddmusic.App - 12. 应用启动完成
22:44:16.224 [JavaFX Application Thread] INFO  c.s.d.p.n.MusicPlayDetailContainer - 暂停旋转
22:44:16.225 [JavaFX Application Thread] INFO  c.s.d.p.n.MusicPlayDetailContainer - 当前播放状态: PAUSED
22:44:16.225 [JavaFX Application Thread] INFO  c.s.d.p.n.MusicPlayDetailContainer - 当前旋转角度: -80.0
22:44:41.905 [JavaFX Application Thread] INFO  c.s.d.p.n.MusicPlayDetailContainer - 暂停旋转
22:44:41.906 [JavaFX Application Thread] INFO  c.s.d.p.n.MusicPlayDetailContainer - 当前播放状态: PAUSED
22:44:41.906 [JavaFX Application Thread] INFO  c.s.d.p.n.MusicPlayDetailContainer - 当前旋转角度: -80.0
22:45:09.059 [JavaFX Application Thread] INFO  com.stickpoint.ddmusic.App - === 应用启动调试信息 ===
22:45:09.061 [JavaFX Application Thread] INFO  com.stickpoint.ddmusic.App - Java 版本: 21.0.7
22:45:09.061 [JavaFX Application Thread] INFO  com.stickpoint.ddmusic.App - JavaFX 版本: 21.0.7
22:45:09.061 [JavaFX Application Thread] INFO  com.stickpoint.ddmusic.App - 工作目录: G:\codeData\java\javafxProjects\bendy2025\ddmusic
22:45:09.061 [JavaFX Application Thread] INFO  com.stickpoint.ddmusic.App - 1. 开始创建 HomePage
22:45:09.552 [JavaFX Application Thread] INFO  c.s.d.p.n.MusicPlayDetailContainer - 唱针旋转角度: -80.0
22:45:09.558 [JavaFX Application Thread] INFO  c.s.d.p.n.MusicPlayDetailContainer - 旋转角度: 60.0
22:45:09.560 [JavaFX Application Thread] INFO  com.stickpoint.ddmusic.App - 2. HomePage 创建成功
22:45:09.560 [JavaFX Application Thread] INFO  com.stickpoint.ddmusic.App - 3. 开始创建场景
22:45:09.581 [JavaFX Application Thread] INFO  com.stickpoint.ddmusic.App - 4. 场景创建成功
22:45:09.582 [JavaFX Application Thread] INFO  com.stickpoint.ddmusic.App - 5. 设置舞台属性
22:45:09.583 [JavaFX Application Thread] INFO  com.stickpoint.ddmusic.App - 6. 舞台属性设置完成
22:45:09.583 [JavaFX Application Thread] INFO  com.stickpoint.ddmusic.App - 7. 加载图标
22:45:09.584 [JavaFX Application Thread] INFO  com.stickpoint.ddmusic.App - 图标URL: file:/G:/codeData/java/javafxProjects/bendy2025/ddmusic/target/classes/img/logo.svg
22:45:09.584 [JavaFX Application Thread] INFO  com.stickpoint.ddmusic.App - 8. 图标加载成功
22:45:09.584 [JavaFX Application Thread] INFO  com.stickpoint.ddmusic.App - 9. 显示舞台
22:45:09.796 [JavaFX Application Thread] INFO  com.stickpoint.ddmusic.App - 10. 添加窗口缩放支持
22:45:09.797 [JavaFX Application Thread] INFO  com.stickpoint.ddmusic.App - 11. 居中显示
22:45:09.797 [JavaFX Application Thread] INFO  com.stickpoint.ddmusic.App - 12. 应用启动完成
22:45:15.472 [JavaFX Application Thread] INFO  c.s.d.p.n.MusicPlayDetailContainer - 当前旋转角度: 暂停--80.0
22:45:22.065 [JavaFX Application Thread] INFO  c.s.d.p.n.MusicPlayDetailContainer - 暂停旋转
22:45:22.066 [JavaFX Application Thread] INFO  c.s.d.p.n.MusicPlayDetailContainer - 当前播放状态: PAUSED
22:45:22.067 [JavaFX Application Thread] INFO  c.s.d.p.n.MusicPlayDetailContainer - 当前旋转角度: 播放--80.0
22:45:29.065 [JavaFX Application Thread] INFO  c.s.d.p.n.MusicPlayDetailContainer - 当前旋转角度: 暂停--80.0
22:45:33.401 [JavaFX Application Thread] INFO  c.s.d.p.n.MusicPlayDetailContainer - 暂停旋转
22:45:33.401 [JavaFX Application Thread] INFO  c.s.d.p.n.MusicPlayDetailContainer - 当前播放状态: PAUSED
22:45:33.402 [JavaFX Application Thread] INFO  c.s.d.p.n.MusicPlayDetailContainer - 当前旋转角度: 播放--80.0
22:47:25.550 [JavaFX Application Thread] INFO  com.stickpoint.ddmusic.App - === 应用启动调试信息 ===
22:47:25.552 [JavaFX Application Thread] INFO  com.stickpoint.ddmusic.App - Java 版本: 21.0.7
22:47:25.552 [JavaFX Application Thread] INFO  com.stickpoint.ddmusic.App - JavaFX 版本: 21.0.7
22:47:25.552 [JavaFX Application Thread] INFO  com.stickpoint.ddmusic.App - 工作目录: G:\codeData\java\javafxProjects\bendy2025\ddmusic
22:47:25.552 [JavaFX Application Thread] INFO  com.stickpoint.ddmusic.App - 1. 开始创建 HomePage
22:47:26.034 [JavaFX Application Thread] INFO  c.s.d.p.n.MusicPlayDetailContainer - 唱针旋转角度: -160.0
22:47:26.039 [JavaFX Application Thread] INFO  c.s.d.p.n.MusicPlayDetailContainer - 旋转角度: 60.0
22:47:26.043 [JavaFX Application Thread] INFO  com.stickpoint.ddmusic.App - 2. HomePage 创建成功
22:47:26.043 [JavaFX Application Thread] INFO  com.stickpoint.ddmusic.App - 3. 开始创建场景
22:47:26.067 [JavaFX Application Thread] INFO  com.stickpoint.ddmusic.App - 4. 场景创建成功
22:47:26.067 [JavaFX Application Thread] INFO  com.stickpoint.ddmusic.App - 5. 设置舞台属性
22:47:26.068 [JavaFX Application Thread] INFO  com.stickpoint.ddmusic.App - 6. 舞台属性设置完成
22:47:26.068 [JavaFX Application Thread] INFO  com.stickpoint.ddmusic.App - 7. 加载图标
22:47:26.069 [JavaFX Application Thread] INFO  com.stickpoint.ddmusic.App - 图标URL: file:/G:/codeData/java/javafxProjects/bendy2025/ddmusic/target/classes/img/logo.svg
22:47:26.070 [JavaFX Application Thread] INFO  com.stickpoint.ddmusic.App - 8. 图标加载成功
22:47:26.070 [JavaFX Application Thread] INFO  com.stickpoint.ddmusic.App - 9. 显示舞台
22:47:26.276 [JavaFX Application Thread] INFO  com.stickpoint.ddmusic.App - 10. 添加窗口缩放支持
22:47:26.277 [JavaFX Application Thread] INFO  com.stickpoint.ddmusic.App - 11. 居中显示
22:47:26.277 [JavaFX Application Thread] INFO  com.stickpoint.ddmusic.App - 12. 应用启动完成
22:47:35.069 [JavaFX Application Thread] INFO  com.stickpoint.ddmusic.App - === 应用启动调试信息 ===
22:47:35.071 [JavaFX Application Thread] INFO  com.stickpoint.ddmusic.App - Java 版本: 21.0.7
22:47:35.071 [JavaFX Application Thread] INFO  com.stickpoint.ddmusic.App - JavaFX 版本: 21.0.7
22:47:35.071 [JavaFX Application Thread] INFO  com.stickpoint.ddmusic.App - 工作目录: G:\codeData\java\javafxProjects\bendy2025\ddmusic
22:47:35.071 [JavaFX Application Thread] INFO  com.stickpoint.ddmusic.App - 1. 开始创建 HomePage
22:47:35.580 [JavaFX Application Thread] INFO  c.s.d.p.n.MusicPlayDetailContainer - 唱针旋转角度: -30.0
22:47:35.585 [JavaFX Application Thread] INFO  c.s.d.p.n.MusicPlayDetailContainer - 旋转角度: 60.0
22:47:35.589 [JavaFX Application Thread] INFO  com.stickpoint.ddmusic.App - 2. HomePage 创建成功
22:47:35.589 [JavaFX Application Thread] INFO  com.stickpoint.ddmusic.App - 3. 开始创建场景
22:47:35.608 [JavaFX Application Thread] INFO  com.stickpoint.ddmusic.App - 4. 场景创建成功
22:47:35.609 [JavaFX Application Thread] INFO  com.stickpoint.ddmusic.App - 5. 设置舞台属性
22:47:35.609 [JavaFX Application Thread] INFO  com.stickpoint.ddmusic.App - 6. 舞台属性设置完成
22:47:35.609 [JavaFX Application Thread] INFO  com.stickpoint.ddmusic.App - 7. 加载图标
22:47:35.610 [JavaFX Application Thread] INFO  com.stickpoint.ddmusic.App - 图标URL: file:/G:/codeData/java/javafxProjects/bendy2025/ddmusic/target/classes/img/logo.svg
22:47:35.610 [JavaFX Application Thread] INFO  com.stickpoint.ddmusic.App - 8. 图标加载成功
22:47:35.610 [JavaFX Application Thread] INFO  com.stickpoint.ddmusic.App - 9. 显示舞台
22:47:35.834 [JavaFX Application Thread] INFO  com.stickpoint.ddmusic.App - 10. 添加窗口缩放支持
22:47:35.836 [JavaFX Application Thread] INFO  com.stickpoint.ddmusic.App - 11. 居中显示
22:47:35.836 [JavaFX Application Thread] INFO  com.stickpoint.ddmusic.App - 12. 应用启动完成
22:47:46.187 [JavaFX Application Thread] INFO  com.stickpoint.ddmusic.App - === 应用启动调试信息 ===
22:47:46.189 [JavaFX Application Thread] INFO  com.stickpoint.ddmusic.App - Java 版本: 21.0.7
22:47:46.189 [JavaFX Application Thread] INFO  com.stickpoint.ddmusic.App - JavaFX 版本: 21.0.7
22:47:46.189 [JavaFX Application Thread] INFO  com.stickpoint.ddmusic.App - 工作目录: G:\codeData\java\javafxProjects\bendy2025\ddmusic
22:47:46.189 [JavaFX Application Thread] INFO  com.stickpoint.ddmusic.App - 1. 开始创建 HomePage
22:47:46.668 [JavaFX Application Thread] INFO  c.s.d.p.n.MusicPlayDetailContainer - 唱针旋转角度: -60.0
22:47:46.673 [JavaFX Application Thread] INFO  c.s.d.p.n.MusicPlayDetailContainer - 旋转角度: 60.0
22:47:46.676 [JavaFX Application Thread] INFO  com.stickpoint.ddmusic.App - 2. HomePage 创建成功
22:47:46.676 [JavaFX Application Thread] INFO  com.stickpoint.ddmusic.App - 3. 开始创建场景
22:47:46.696 [JavaFX Application Thread] INFO  com.stickpoint.ddmusic.App - 4. 场景创建成功
22:47:46.696 [JavaFX Application Thread] INFO  com.stickpoint.ddmusic.App - 5. 设置舞台属性
22:47:46.696 [JavaFX Application Thread] INFO  com.stickpoint.ddmusic.App - 6. 舞台属性设置完成
22:47:46.696 [JavaFX Application Thread] INFO  com.stickpoint.ddmusic.App - 7. 加载图标
22:47:46.697 [JavaFX Application Thread] INFO  com.stickpoint.ddmusic.App - 图标URL: file:/G:/codeData/java/javafxProjects/bendy2025/ddmusic/target/classes/img/logo.svg
22:47:46.698 [JavaFX Application Thread] INFO  com.stickpoint.ddmusic.App - 8. 图标加载成功
22:47:46.698 [JavaFX Application Thread] INFO  com.stickpoint.ddmusic.App - 9. 显示舞台
22:47:46.908 [JavaFX Application Thread] INFO  com.stickpoint.ddmusic.App - 10. 添加窗口缩放支持
22:47:46.909 [JavaFX Application Thread] INFO  com.stickpoint.ddmusic.App - 11. 居中显示
22:47:46.909 [JavaFX Application Thread] INFO  com.stickpoint.ddmusic.App - 12. 应用启动完成
22:48:10.750 [JavaFX Application Thread] INFO  com.stickpoint.ddmusic.App - === 应用启动调试信息 ===
22:48:10.752 [JavaFX Application Thread] INFO  com.stickpoint.ddmusic.App - Java 版本: 21.0.7
22:48:10.752 [JavaFX Application Thread] INFO  com.stickpoint.ddmusic.App - JavaFX 版本: 21.0.7
22:48:10.752 [JavaFX Application Thread] INFO  com.stickpoint.ddmusic.App - 工作目录: G:\codeData\java\javafxProjects\bendy2025\ddmusic
22:48:10.752 [JavaFX Application Thread] INFO  com.stickpoint.ddmusic.App - 1. 开始创建 HomePage
22:48:11.247 [JavaFX Application Thread] INFO  c.s.d.p.n.MusicPlayDetailContainer - 唱针旋转角度: -30.0
22:48:11.254 [JavaFX Application Thread] INFO  c.s.d.p.n.MusicPlayDetailContainer - 旋转角度: 60.0
22:48:11.259 [JavaFX Application Thread] INFO  com.stickpoint.ddmusic.App - 2. HomePage 创建成功
22:48:11.259 [JavaFX Application Thread] INFO  com.stickpoint.ddmusic.App - 3. 开始创建场景
22:48:11.285 [JavaFX Application Thread] INFO  com.stickpoint.ddmusic.App - 4. 场景创建成功
22:48:11.285 [JavaFX Application Thread] INFO  com.stickpoint.ddmusic.App - 5. 设置舞台属性
22:48:11.286 [JavaFX Application Thread] INFO  com.stickpoint.ddmusic.App - 6. 舞台属性设置完成
22:48:11.286 [JavaFX Application Thread] INFO  com.stickpoint.ddmusic.App - 7. 加载图标
22:48:11.287 [JavaFX Application Thread] INFO  com.stickpoint.ddmusic.App - 图标URL: file:/G:/codeData/java/javafxProjects/bendy2025/ddmusic/target/classes/img/logo.svg
22:48:11.288 [JavaFX Application Thread] INFO  com.stickpoint.ddmusic.App - 8. 图标加载成功
22:48:11.288 [JavaFX Application Thread] INFO  com.stickpoint.ddmusic.App - 9. 显示舞台
22:48:11.511 [JavaFX Application Thread] INFO  com.stickpoint.ddmusic.App - 10. 添加窗口缩放支持
22:48:11.513 [JavaFX Application Thread] INFO  com.stickpoint.ddmusic.App - 11. 居中显示
22:48:11.514 [JavaFX Application Thread] INFO  com.stickpoint.ddmusic.App - 12. 应用启动完成
22:48:26.161 [JavaFX Application Thread] INFO  com.stickpoint.ddmusic.App - === 应用启动调试信息 ===
22:48:26.162 [JavaFX Application Thread] INFO  com.stickpoint.ddmusic.App - Java 版本: 21.0.7
22:48:26.162 [JavaFX Application Thread] INFO  com.stickpoint.ddmusic.App - JavaFX 版本: 21.0.7
22:48:26.162 [JavaFX Application Thread] INFO  com.stickpoint.ddmusic.App - 工作目录: G:\codeData\java\javafxProjects\bendy2025\ddmusic
22:48:26.162 [JavaFX Application Thread] INFO  com.stickpoint.ddmusic.App - 1. 开始创建 HomePage
22:48:26.662 [JavaFX Application Thread] INFO  c.s.d.p.n.MusicPlayDetailContainer - 唱针旋转角度: 30.0
22:48:26.666 [JavaFX Application Thread] INFO  c.s.d.p.n.MusicPlayDetailContainer - 旋转角度: 60.0
22:48:26.669 [JavaFX Application Thread] INFO  com.stickpoint.ddmusic.App - 2. HomePage 创建成功
22:48:26.670 [JavaFX Application Thread] INFO  com.stickpoint.ddmusic.App - 3. 开始创建场景
22:48:26.693 [JavaFX Application Thread] INFO  com.stickpoint.ddmusic.App - 4. 场景创建成功
22:48:26.693 [JavaFX Application Thread] INFO  com.stickpoint.ddmusic.App - 5. 设置舞台属性
22:48:26.693 [JavaFX Application Thread] INFO  com.stickpoint.ddmusic.App - 6. 舞台属性设置完成
22:48:26.694 [JavaFX Application Thread] INFO  com.stickpoint.ddmusic.App - 7. 加载图标
22:48:26.694 [JavaFX Application Thread] INFO  com.stickpoint.ddmusic.App - 图标URL: file:/G:/codeData/java/javafxProjects/bendy2025/ddmusic/target/classes/img/logo.svg
22:48:26.695 [JavaFX Application Thread] INFO  com.stickpoint.ddmusic.App - 8. 图标加载成功
22:48:26.695 [JavaFX Application Thread] INFO  com.stickpoint.ddmusic.App - 9. 显示舞台
22:48:26.909 [JavaFX Application Thread] INFO  com.stickpoint.ddmusic.App - 10. 添加窗口缩放支持
22:48:26.910 [JavaFX Application Thread] INFO  com.stickpoint.ddmusic.App - 11. 居中显示
22:48:26.911 [JavaFX Application Thread] INFO  com.stickpoint.ddmusic.App - 12. 应用启动完成
22:48:42.289 [JavaFX Application Thread] INFO  com.stickpoint.ddmusic.App - === 应用启动调试信息 ===
22:48:42.290 [JavaFX Application Thread] INFO  com.stickpoint.ddmusic.App - Java 版本: 21.0.7
22:48:42.291 [JavaFX Application Thread] INFO  com.stickpoint.ddmusic.App - JavaFX 版本: 21.0.7
22:48:42.291 [JavaFX Application Thread] INFO  com.stickpoint.ddmusic.App - 工作目录: G:\codeData\java\javafxProjects\bendy2025\ddmusic
22:48:42.291 [JavaFX Application Thread] INFO  com.stickpoint.ddmusic.App - 1. 开始创建 HomePage
22:48:42.791 [JavaFX Application Thread] INFO  c.s.d.p.n.MusicPlayDetailContainer - 唱针旋转角度: -80.0
22:48:42.797 [JavaFX Application Thread] INFO  c.s.d.p.n.MusicPlayDetailContainer - 旋转角度: 60.0
22:48:42.800 [JavaFX Application Thread] INFO  com.stickpoint.ddmusic.App - 2. HomePage 创建成功
22:48:42.800 [JavaFX Application Thread] INFO  com.stickpoint.ddmusic.App - 3. 开始创建场景
22:48:42.819 [JavaFX Application Thread] INFO  com.stickpoint.ddmusic.App - 4. 场景创建成功
22:48:42.819 [JavaFX Application Thread] INFO  com.stickpoint.ddmusic.App - 5. 设置舞台属性
22:48:42.820 [JavaFX Application Thread] INFO  com.stickpoint.ddmusic.App - 6. 舞台属性设置完成
22:48:42.820 [JavaFX Application Thread] INFO  com.stickpoint.ddmusic.App - 7. 加载图标
22:48:42.820 [JavaFX Application Thread] INFO  com.stickpoint.ddmusic.App - 图标URL: file:/G:/codeData/java/javafxProjects/bendy2025/ddmusic/target/classes/img/logo.svg
22:48:42.821 [JavaFX Application Thread] INFO  com.stickpoint.ddmusic.App - 8. 图标加载成功
22:48:42.821 [JavaFX Application Thread] INFO  com.stickpoint.ddmusic.App - 9. 显示舞台
22:48:43.033 [JavaFX Application Thread] INFO  com.stickpoint.ddmusic.App - 10. 添加窗口缩放支持
22:48:43.035 [JavaFX Application Thread] INFO  com.stickpoint.ddmusic.App - 11. 居中显示
22:48:43.035 [JavaFX Application Thread] INFO  com.stickpoint.ddmusic.App - 12. 应用启动完成
22:49:11.600 [JavaFX Application Thread] INFO  com.stickpoint.ddmusic.App - === 应用启动调试信息 ===
22:49:11.601 [JavaFX Application Thread] INFO  com.stickpoint.ddmusic.App - Java 版本: 21.0.7
22:49:11.601 [JavaFX Application Thread] INFO  com.stickpoint.ddmusic.App - JavaFX 版本: 21.0.7
22:49:11.601 [JavaFX Application Thread] INFO  com.stickpoint.ddmusic.App - 工作目录: G:\codeData\java\javafxProjects\bendy2025\ddmusic
22:49:11.602 [JavaFX Application Thread] INFO  com.stickpoint.ddmusic.App - 1. 开始创建 HomePage
22:49:12.078 [JavaFX Application Thread] INFO  c.s.d.p.n.MusicPlayDetailContainer - 唱针旋转角度: -120.0
22:49:12.083 [JavaFX Application Thread] INFO  c.s.d.p.n.MusicPlayDetailContainer - 旋转角度: 60.0
22:49:12.085 [JavaFX Application Thread] INFO  com.stickpoint.ddmusic.App - 2. HomePage 创建成功
22:49:12.085 [JavaFX Application Thread] INFO  com.stickpoint.ddmusic.App - 3. 开始创建场景
22:49:12.103 [JavaFX Application Thread] INFO  com.stickpoint.ddmusic.App - 4. 场景创建成功
22:49:12.104 [JavaFX Application Thread] INFO  com.stickpoint.ddmusic.App - 5. 设置舞台属性
22:49:12.104 [JavaFX Application Thread] INFO  com.stickpoint.ddmusic.App - 6. 舞台属性设置完成
22:49:12.104 [JavaFX Application Thread] INFO  com.stickpoint.ddmusic.App - 7. 加载图标
22:49:12.105 [JavaFX Application Thread] INFO  com.stickpoint.ddmusic.App - 图标URL: file:/G:/codeData/java/javafxProjects/bendy2025/ddmusic/target/classes/img/logo.svg
22:49:12.106 [JavaFX Application Thread] INFO  com.stickpoint.ddmusic.App - 8. 图标加载成功
22:49:12.106 [JavaFX Application Thread] INFO  com.stickpoint.ddmusic.App - 9. 显示舞台
22:49:12.290 [JavaFX Application Thread] INFO  com.stickpoint.ddmusic.App - 10. 添加窗口缩放支持
22:49:12.291 [JavaFX Application Thread] INFO  com.stickpoint.ddmusic.App - 11. 居中显示
22:49:12.291 [JavaFX Application Thread] INFO  com.stickpoint.ddmusic.App - 12. 应用启动完成
22:49:25.293 [JavaFX Application Thread] INFO  com.stickpoint.ddmusic.App - === 应用启动调试信息 ===
22:49:25.294 [JavaFX Application Thread] INFO  com.stickpoint.ddmusic.App - Java 版本: 21.0.7
22:49:25.294 [JavaFX Application Thread] INFO  com.stickpoint.ddmusic.App - JavaFX 版本: 21.0.7
22:49:25.295 [JavaFX Application Thread] INFO  com.stickpoint.ddmusic.App - 工作目录: G:\codeData\java\javafxProjects\bendy2025\ddmusic
22:49:25.295 [JavaFX Application Thread] INFO  com.stickpoint.ddmusic.App - 1. 开始创建 HomePage
22:49:25.863 [JavaFX Application Thread] INFO  c.s.d.p.n.MusicPlayDetailContainer - 唱针旋转角度: -90.0
22:49:25.869 [JavaFX Application Thread] INFO  c.s.d.p.n.MusicPlayDetailContainer - 旋转角度: 60.0
22:49:25.873 [JavaFX Application Thread] INFO  com.stickpoint.ddmusic.App - 2. HomePage 创建成功
22:49:25.873 [JavaFX Application Thread] INFO  com.stickpoint.ddmusic.App - 3. 开始创建场景
22:49:25.895 [JavaFX Application Thread] INFO  com.stickpoint.ddmusic.App - 4. 场景创建成功
22:49:25.895 [JavaFX Application Thread] INFO  com.stickpoint.ddmusic.App - 5. 设置舞台属性
22:49:25.895 [JavaFX Application Thread] INFO  com.stickpoint.ddmusic.App - 6. 舞台属性设置完成
22:49:25.896 [JavaFX Application Thread] INFO  com.stickpoint.ddmusic.App - 7. 加载图标
22:49:25.896 [JavaFX Application Thread] INFO  com.stickpoint.ddmusic.App - 图标URL: file:/G:/codeData/java/javafxProjects/bendy2025/ddmusic/target/classes/img/logo.svg
22:49:25.897 [JavaFX Application Thread] INFO  com.stickpoint.ddmusic.App - 8. 图标加载成功
22:49:25.897 [JavaFX Application Thread] INFO  com.stickpoint.ddmusic.App - 9. 显示舞台
22:49:26.105 [JavaFX Application Thread] INFO  com.stickpoint.ddmusic.App - 10. 添加窗口缩放支持
22:49:26.106 [JavaFX Application Thread] INFO  com.stickpoint.ddmusic.App - 11. 居中显示
22:49:26.106 [JavaFX Application Thread] INFO  com.stickpoint.ddmusic.App - 12. 应用启动完成
22:51:11.995 [JavaFX Application Thread] INFO  com.stickpoint.ddmusic.App - === 应用启动调试信息 ===
22:51:11.996 [JavaFX Application Thread] INFO  com.stickpoint.ddmusic.App - Java 版本: 21.0.7
22:51:11.996 [JavaFX Application Thread] INFO  com.stickpoint.ddmusic.App - JavaFX 版本: 21.0.7
22:51:11.997 [JavaFX Application Thread] INFO  com.stickpoint.ddmusic.App - 工作目录: G:\codeData\java\javafxProjects\bendy2025\ddmusic
22:51:11.997 [JavaFX Application Thread] INFO  com.stickpoint.ddmusic.App - 1. 开始创建 HomePage
22:51:12.494 [JavaFX Application Thread] INFO  c.s.d.p.n.MusicPlayDetailContainer - 唱针旋转角度: -95.0
22:51:12.499 [JavaFX Application Thread] INFO  c.s.d.p.n.MusicPlayDetailContainer - 旋转角度: 60.0
22:51:12.502 [JavaFX Application Thread] INFO  com.stickpoint.ddmusic.App - 2. HomePage 创建成功
22:51:12.502 [JavaFX Application Thread] INFO  com.stickpoint.ddmusic.App - 3. 开始创建场景
22:51:12.526 [JavaFX Application Thread] INFO  com.stickpoint.ddmusic.App - 4. 场景创建成功
22:51:12.526 [JavaFX Application Thread] INFO  com.stickpoint.ddmusic.App - 5. 设置舞台属性
22:51:12.526 [JavaFX Application Thread] INFO  com.stickpoint.ddmusic.App - 6. 舞台属性设置完成
22:51:12.527 [JavaFX Application Thread] INFO  com.stickpoint.ddmusic.App - 7. 加载图标
22:51:12.527 [JavaFX Application Thread] INFO  com.stickpoint.ddmusic.App - 图标URL: file:/G:/codeData/java/javafxProjects/bendy2025/ddmusic/target/classes/img/logo.svg
22:51:12.528 [JavaFX Application Thread] INFO  com.stickpoint.ddmusic.App - 8. 图标加载成功
22:51:12.528 [JavaFX Application Thread] INFO  com.stickpoint.ddmusic.App - 9. 显示舞台
22:51:12.763 [JavaFX Application Thread] INFO  com.stickpoint.ddmusic.App - 10. 添加窗口缩放支持
22:51:12.764 [JavaFX Application Thread] INFO  com.stickpoint.ddmusic.App - 11. 居中显示
22:51:12.764 [JavaFX Application Thread] INFO  com.stickpoint.ddmusic.App - 12. 应用启动完成
22:51:56.966 [JavaFX Application Thread] INFO  com.stickpoint.ddmusic.App - === 应用启动调试信息 ===
22:51:56.967 [JavaFX Application Thread] INFO  com.stickpoint.ddmusic.App - Java 版本: 21.0.7
22:51:56.967 [JavaFX Application Thread] INFO  com.stickpoint.ddmusic.App - JavaFX 版本: 21.0.7
22:51:56.967 [JavaFX Application Thread] INFO  com.stickpoint.ddmusic.App - 工作目录: G:\codeData\java\javafxProjects\bendy2025\ddmusic
22:51:56.967 [JavaFX Application Thread] INFO  com.stickpoint.ddmusic.App - 1. 开始创建 HomePage
22:51:57.458 [JavaFX Application Thread] INFO  c.s.d.p.n.MusicPlayDetailContainer - 唱针旋转角度: -95.0
22:51:57.463 [JavaFX Application Thread] INFO  c.s.d.p.n.MusicPlayDetailContainer - 旋转角度: 60.0
22:51:57.466 [JavaFX Application Thread] INFO  com.stickpoint.ddmusic.App - 2. HomePage 创建成功
22:51:57.466 [JavaFX Application Thread] INFO  com.stickpoint.ddmusic.App - 3. 开始创建场景
22:51:57.486 [JavaFX Application Thread] INFO  com.stickpoint.ddmusic.App - 4. 场景创建成功
22:51:57.487 [JavaFX Application Thread] INFO  com.stickpoint.ddmusic.App - 5. 设置舞台属性
22:51:57.487 [JavaFX Application Thread] INFO  com.stickpoint.ddmusic.App - 6. 舞台属性设置完成
22:51:57.487 [JavaFX Application Thread] INFO  com.stickpoint.ddmusic.App - 7. 加载图标
22:51:57.488 [JavaFX Application Thread] INFO  com.stickpoint.ddmusic.App - 图标URL: file:/G:/codeData/java/javafxProjects/bendy2025/ddmusic/target/classes/img/logo.svg
22:51:57.488 [JavaFX Application Thread] INFO  com.stickpoint.ddmusic.App - 8. 图标加载成功
22:51:57.489 [JavaFX Application Thread] INFO  com.stickpoint.ddmusic.App - 9. 显示舞台
22:51:57.687 [JavaFX Application Thread] INFO  com.stickpoint.ddmusic.App - 10. 添加窗口缩放支持
22:51:57.688 [JavaFX Application Thread] INFO  com.stickpoint.ddmusic.App - 11. 居中显示
22:51:57.688 [JavaFX Application Thread] INFO  com.stickpoint.ddmusic.App - 12. 应用启动完成
22:52:12.873 [JavaFX Application Thread] INFO  com.stickpoint.ddmusic.App - === 应用启动调试信息 ===
22:52:12.875 [JavaFX Application Thread] INFO  com.stickpoint.ddmusic.App - Java 版本: 21.0.7
22:52:12.875 [JavaFX Application Thread] INFO  com.stickpoint.ddmusic.App - JavaFX 版本: 21.0.7
22:52:12.875 [JavaFX Application Thread] INFO  com.stickpoint.ddmusic.App - 工作目录: G:\codeData\java\javafxProjects\bendy2025\ddmusic
22:52:12.875 [JavaFX Application Thread] INFO  com.stickpoint.ddmusic.App - 1. 开始创建 HomePage
22:52:13.359 [JavaFX Application Thread] INFO  c.s.d.p.n.MusicPlayDetailContainer - 唱针旋转角度: -95.0
22:52:13.364 [JavaFX Application Thread] INFO  c.s.d.p.n.MusicPlayDetailContainer - 旋转角度: 60.0
22:52:13.367 [JavaFX Application Thread] INFO  com.stickpoint.ddmusic.App - 2. HomePage 创建成功
22:52:13.368 [JavaFX Application Thread] INFO  com.stickpoint.ddmusic.App - 3. 开始创建场景
22:52:13.385 [JavaFX Application Thread] INFO  com.stickpoint.ddmusic.App - 4. 场景创建成功
22:52:13.386 [JavaFX Application Thread] INFO  com.stickpoint.ddmusic.App - 5. 设置舞台属性
22:52:13.386 [JavaFX Application Thread] INFO  com.stickpoint.ddmusic.App - 6. 舞台属性设置完成
22:52:13.386 [JavaFX Application Thread] INFO  com.stickpoint.ddmusic.App - 7. 加载图标
22:52:13.387 [JavaFX Application Thread] INFO  com.stickpoint.ddmusic.App - 图标URL: file:/G:/codeData/java/javafxProjects/bendy2025/ddmusic/target/classes/img/logo.svg
22:52:13.387 [JavaFX Application Thread] INFO  com.stickpoint.ddmusic.App - 8. 图标加载成功
22:52:13.388 [JavaFX Application Thread] INFO  com.stickpoint.ddmusic.App - 9. 显示舞台
22:52:13.580 [JavaFX Application Thread] INFO  com.stickpoint.ddmusic.App - 10. 添加窗口缩放支持
22:52:13.581 [JavaFX Application Thread] INFO  com.stickpoint.ddmusic.App - 11. 居中显示
22:52:13.581 [JavaFX Application Thread] INFO  com.stickpoint.ddmusic.App - 12. 应用启动完成
22:52:28.879 [JavaFX Application Thread] INFO  com.stickpoint.ddmusic.App - === 应用启动调试信息 ===
22:52:28.880 [JavaFX Application Thread] INFO  com.stickpoint.ddmusic.App - Java 版本: 21.0.7
22:52:28.880 [JavaFX Application Thread] INFO  com.stickpoint.ddmusic.App - JavaFX 版本: 21.0.7
22:52:28.880 [JavaFX Application Thread] INFO  com.stickpoint.ddmusic.App - 工作目录: G:\codeData\java\javafxProjects\bendy2025\ddmusic
22:52:28.880 [JavaFX Application Thread] INFO  com.stickpoint.ddmusic.App - 1. 开始创建 HomePage
22:52:29.401 [JavaFX Application Thread] INFO  c.s.d.p.n.MusicPlayDetailContainer - 唱针旋转角度: -95.0
22:52:29.411 [JavaFX Application Thread] INFO  c.s.d.p.n.MusicPlayDetailContainer - 旋转角度: 60.0
22:52:29.416 [JavaFX Application Thread] INFO  com.stickpoint.ddmusic.App - 2. HomePage 创建成功
22:52:29.416 [JavaFX Application Thread] INFO  com.stickpoint.ddmusic.App - 3. 开始创建场景
22:52:29.443 [JavaFX Application Thread] INFO  com.stickpoint.ddmusic.App - 4. 场景创建成功
22:52:29.443 [JavaFX Application Thread] INFO  com.stickpoint.ddmusic.App - 5. 设置舞台属性
22:52:29.444 [JavaFX Application Thread] INFO  com.stickpoint.ddmusic.App - 6. 舞台属性设置完成
22:52:29.444 [JavaFX Application Thread] INFO  com.stickpoint.ddmusic.App - 7. 加载图标
22:52:29.444 [JavaFX Application Thread] INFO  com.stickpoint.ddmusic.App - 图标URL: file:/G:/codeData/java/javafxProjects/bendy2025/ddmusic/target/classes/img/logo.svg
22:52:29.445 [JavaFX Application Thread] INFO  com.stickpoint.ddmusic.App - 8. 图标加载成功
22:52:29.446 [JavaFX Application Thread] INFO  com.stickpoint.ddmusic.App - 9. 显示舞台
22:52:29.675 [JavaFX Application Thread] INFO  com.stickpoint.ddmusic.App - 10. 添加窗口缩放支持
22:52:29.676 [JavaFX Application Thread] INFO  com.stickpoint.ddmusic.App - 11. 居中显示
22:52:29.676 [JavaFX Application Thread] INFO  com.stickpoint.ddmusic.App - 12. 应用启动完成
22:52:39.591 [JavaFX Application Thread] INFO  com.stickpoint.ddmusic.App - === 应用启动调试信息 ===
22:52:39.593 [JavaFX Application Thread] INFO  com.stickpoint.ddmusic.App - Java 版本: 21.0.7
22:52:39.593 [JavaFX Application Thread] INFO  com.stickpoint.ddmusic.App - JavaFX 版本: 21.0.7
22:52:39.593 [JavaFX Application Thread] INFO  com.stickpoint.ddmusic.App - 工作目录: G:\codeData\java\javafxProjects\bendy2025\ddmusic
22:52:39.593 [JavaFX Application Thread] INFO  com.stickpoint.ddmusic.App - 1. 开始创建 HomePage
22:52:40.080 [JavaFX Application Thread] INFO  c.s.d.p.n.MusicPlayDetailContainer - 唱针旋转角度: -95.0
22:52:40.085 [JavaFX Application Thread] INFO  c.s.d.p.n.MusicPlayDetailContainer - 旋转角度: 60.0
22:52:40.089 [JavaFX Application Thread] INFO  com.stickpoint.ddmusic.App - 2. HomePage 创建成功
22:52:40.090 [JavaFX Application Thread] INFO  com.stickpoint.ddmusic.App - 3. 开始创建场景
22:52:40.111 [JavaFX Application Thread] INFO  com.stickpoint.ddmusic.App - 4. 场景创建成功
22:52:40.112 [JavaFX Application Thread] INFO  com.stickpoint.ddmusic.App - 5. 设置舞台属性
22:52:40.112 [JavaFX Application Thread] INFO  com.stickpoint.ddmusic.App - 6. 舞台属性设置完成
22:52:40.112 [JavaFX Application Thread] INFO  com.stickpoint.ddmusic.App - 7. 加载图标
22:52:40.113 [JavaFX Application Thread] INFO  com.stickpoint.ddmusic.App - 图标URL: file:/G:/codeData/java/javafxProjects/bendy2025/ddmusic/target/classes/img/logo.svg
22:52:40.114 [JavaFX Application Thread] INFO  com.stickpoint.ddmusic.App - 8. 图标加载成功
22:52:40.118 [JavaFX Application Thread] INFO  com.stickpoint.ddmusic.App - 9. 显示舞台
22:52:40.327 [JavaFX Application Thread] INFO  com.stickpoint.ddmusic.App - 10. 添加窗口缩放支持
22:52:40.328 [JavaFX Application Thread] INFO  com.stickpoint.ddmusic.App - 11. 居中显示
22:52:40.328 [JavaFX Application Thread] INFO  com.stickpoint.ddmusic.App - 12. 应用启动完成
22:52:54.271 [JavaFX Application Thread] INFO  com.stickpoint.ddmusic.App - === 应用启动调试信息 ===
22:52:54.272 [JavaFX Application Thread] INFO  com.stickpoint.ddmusic.App - Java 版本: 21.0.7
22:52:54.273 [JavaFX Application Thread] INFO  com.stickpoint.ddmusic.App - JavaFX 版本: 21.0.7
22:52:54.273 [JavaFX Application Thread] INFO  com.stickpoint.ddmusic.App - 工作目录: G:\codeData\java\javafxProjects\bendy2025\ddmusic
22:52:54.273 [JavaFX Application Thread] INFO  com.stickpoint.ddmusic.App - 1. 开始创建 HomePage
22:52:54.845 [JavaFX Application Thread] INFO  c.s.d.p.n.MusicPlayDetailContainer - 唱针旋转角度: -95.0
22:52:54.851 [JavaFX Application Thread] INFO  c.s.d.p.n.MusicPlayDetailContainer - 旋转角度: 60.0
22:52:54.854 [JavaFX Application Thread] INFO  com.stickpoint.ddmusic.App - 2. HomePage 创建成功
22:52:54.854 [JavaFX Application Thread] INFO  com.stickpoint.ddmusic.App - 3. 开始创建场景
22:52:54.877 [JavaFX Application Thread] INFO  com.stickpoint.ddmusic.App - 4. 场景创建成功
22:52:54.877 [JavaFX Application Thread] INFO  com.stickpoint.ddmusic.App - 5. 设置舞台属性
22:52:54.878 [JavaFX Application Thread] INFO  com.stickpoint.ddmusic.App - 6. 舞台属性设置完成
22:52:54.878 [JavaFX Application Thread] INFO  com.stickpoint.ddmusic.App - 7. 加载图标
22:52:54.878 [JavaFX Application Thread] INFO  com.stickpoint.ddmusic.App - 图标URL: file:/G:/codeData/java/javafxProjects/bendy2025/ddmusic/target/classes/img/logo.svg
22:52:54.879 [JavaFX Application Thread] INFO  com.stickpoint.ddmusic.App - 8. 图标加载成功
22:52:54.879 [JavaFX Application Thread] INFO  com.stickpoint.ddmusic.App - 9. 显示舞台
22:52:55.093 [JavaFX Application Thread] INFO  com.stickpoint.ddmusic.App - 10. 添加窗口缩放支持
22:52:55.094 [JavaFX Application Thread] INFO  com.stickpoint.ddmusic.App - 11. 居中显示
22:52:55.095 [JavaFX Application Thread] INFO  com.stickpoint.ddmusic.App - 12. 应用启动完成
22:53:05.644 [JavaFX Application Thread] INFO  com.stickpoint.ddmusic.App - === 应用启动调试信息 ===
22:53:05.645 [JavaFX Application Thread] INFO  com.stickpoint.ddmusic.App - Java 版本: 21.0.7
22:53:05.645 [JavaFX Application Thread] INFO  com.stickpoint.ddmusic.App - JavaFX 版本: 21.0.7
22:53:05.645 [JavaFX Application Thread] INFO  com.stickpoint.ddmusic.App - 工作目录: G:\codeData\java\javafxProjects\bendy2025\ddmusic
22:53:05.646 [JavaFX Application Thread] INFO  com.stickpoint.ddmusic.App - 1. 开始创建 HomePage
22:53:06.147 [JavaFX Application Thread] INFO  c.s.d.p.n.MusicPlayDetailContainer - 唱针旋转角度: -95.0
22:53:06.153 [JavaFX Application Thread] INFO  c.s.d.p.n.MusicPlayDetailContainer - 旋转角度: 60.0
22:53:06.155 [JavaFX Application Thread] INFO  com.stickpoint.ddmusic.App - 2. HomePage 创建成功
22:53:06.156 [JavaFX Application Thread] INFO  com.stickpoint.ddmusic.App - 3. 开始创建场景
22:53:06.174 [JavaFX Application Thread] INFO  com.stickpoint.ddmusic.App - 4. 场景创建成功
22:53:06.175 [JavaFX Application Thread] INFO  com.stickpoint.ddmusic.App - 5. 设置舞台属性
22:53:06.175 [JavaFX Application Thread] INFO  com.stickpoint.ddmusic.App - 6. 舞台属性设置完成
22:53:06.175 [JavaFX Application Thread] INFO  com.stickpoint.ddmusic.App - 7. 加载图标
22:53:06.176 [JavaFX Application Thread] INFO  com.stickpoint.ddmusic.App - 图标URL: file:/G:/codeData/java/javafxProjects/bendy2025/ddmusic/target/classes/img/logo.svg
22:53:06.177 [JavaFX Application Thread] INFO  com.stickpoint.ddmusic.App - 8. 图标加载成功
22:53:06.177 [JavaFX Application Thread] INFO  com.stickpoint.ddmusic.App - 9. 显示舞台
22:53:06.381 [JavaFX Application Thread] INFO  com.stickpoint.ddmusic.App - 10. 添加窗口缩放支持
22:53:06.382 [JavaFX Application Thread] INFO  com.stickpoint.ddmusic.App - 11. 居中显示
22:53:06.382 [JavaFX Application Thread] INFO  com.stickpoint.ddmusic.App - 12. 应用启动完成
22:53:17.182 [JavaFX Application Thread] INFO  com.stickpoint.ddmusic.App - === 应用启动调试信息 ===
22:53:17.183 [JavaFX Application Thread] INFO  com.stickpoint.ddmusic.App - Java 版本: 21.0.7
22:53:17.183 [JavaFX Application Thread] INFO  com.stickpoint.ddmusic.App - JavaFX 版本: 21.0.7
22:53:17.183 [JavaFX Application Thread] INFO  com.stickpoint.ddmusic.App - 工作目录: G:\codeData\java\javafxProjects\bendy2025\ddmusic
22:53:17.183 [JavaFX Application Thread] INFO  com.stickpoint.ddmusic.App - 1. 开始创建 HomePage
22:53:17.672 [JavaFX Application Thread] INFO  c.s.d.p.n.MusicPlayDetailContainer - 唱针旋转角度: -95.0
22:53:17.677 [JavaFX Application Thread] INFO  c.s.d.p.n.MusicPlayDetailContainer - 旋转角度: 60.0
22:53:17.680 [JavaFX Application Thread] INFO  com.stickpoint.ddmusic.App - 2. HomePage 创建成功
22:53:17.680 [JavaFX Application Thread] INFO  com.stickpoint.ddmusic.App - 3. 开始创建场景
22:53:17.697 [JavaFX Application Thread] INFO  com.stickpoint.ddmusic.App - 4. 场景创建成功
22:53:17.698 [JavaFX Application Thread] INFO  com.stickpoint.ddmusic.App - 5. 设置舞台属性
22:53:17.698 [JavaFX Application Thread] INFO  com.stickpoint.ddmusic.App - 6. 舞台属性设置完成
22:53:17.698 [JavaFX Application Thread] INFO  com.stickpoint.ddmusic.App - 7. 加载图标
22:53:17.699 [JavaFX Application Thread] INFO  com.stickpoint.ddmusic.App - 图标URL: file:/G:/codeData/java/javafxProjects/bendy2025/ddmusic/target/classes/img/logo.svg
22:53:17.700 [JavaFX Application Thread] INFO  com.stickpoint.ddmusic.App - 8. 图标加载成功
22:53:17.700 [JavaFX Application Thread] INFO  com.stickpoint.ddmusic.App - 9. 显示舞台
22:53:17.900 [JavaFX Application Thread] INFO  com.stickpoint.ddmusic.App - 10. 添加窗口缩放支持
22:53:17.902 [JavaFX Application Thread] INFO  com.stickpoint.ddmusic.App - 11. 居中显示
22:53:17.902 [JavaFX Application Thread] INFO  com.stickpoint.ddmusic.App - 12. 应用启动完成
22:53:29.537 [JavaFX Application Thread] INFO  com.stickpoint.ddmusic.App - === 应用启动调试信息 ===
22:53:29.538 [JavaFX Application Thread] INFO  com.stickpoint.ddmusic.App - Java 版本: 21.0.7
22:53:29.539 [JavaFX Application Thread] INFO  com.stickpoint.ddmusic.App - JavaFX 版本: 21.0.7
22:53:29.539 [JavaFX Application Thread] INFO  com.stickpoint.ddmusic.App - 工作目录: G:\codeData\java\javafxProjects\bendy2025\ddmusic
22:53:29.539 [JavaFX Application Thread] INFO  com.stickpoint.ddmusic.App - 1. 开始创建 HomePage
22:53:30.075 [JavaFX Application Thread] INFO  c.s.d.p.n.MusicPlayDetailContainer - 唱针旋转角度: -95.0
22:53:30.081 [JavaFX Application Thread] INFO  c.s.d.p.n.MusicPlayDetailContainer - 旋转角度: 60.0
22:53:30.084 [JavaFX Application Thread] INFO  com.stickpoint.ddmusic.App - 2. HomePage 创建成功
22:53:30.084 [JavaFX Application Thread] INFO  com.stickpoint.ddmusic.App - 3. 开始创建场景
22:53:30.105 [JavaFX Application Thread] INFO  com.stickpoint.ddmusic.App - 4. 场景创建成功
22:53:30.106 [JavaFX Application Thread] INFO  com.stickpoint.ddmusic.App - 5. 设置舞台属性
22:53:30.106 [JavaFX Application Thread] INFO  com.stickpoint.ddmusic.App - 6. 舞台属性设置完成
22:53:30.107 [JavaFX Application Thread] INFO  com.stickpoint.ddmusic.App - 7. 加载图标
22:53:30.107 [JavaFX Application Thread] INFO  com.stickpoint.ddmusic.App - 图标URL: file:/G:/codeData/java/javafxProjects/bendy2025/ddmusic/target/classes/img/logo.svg
22:53:30.108 [JavaFX Application Thread] INFO  com.stickpoint.ddmusic.App - 8. 图标加载成功
22:53:30.108 [JavaFX Application Thread] INFO  com.stickpoint.ddmusic.App - 9. 显示舞台
22:53:30.328 [JavaFX Application Thread] INFO  com.stickpoint.ddmusic.App - 10. 添加窗口缩放支持
22:53:30.329 [JavaFX Application Thread] INFO  com.stickpoint.ddmusic.App - 11. 居中显示
22:53:30.330 [JavaFX Application Thread] INFO  com.stickpoint.ddmusic.App - 12. 应用启动完成
22:53:36.530 [JavaFX Application Thread] INFO  c.s.d.p.n.MusicPlayDetailContainer - 当前旋转角度: 暂停--95.0
22:53:37.537 [JavaFX Application Thread] INFO  c.s.d.p.n.MusicPlayDetailContainer - 暂停旋转
22:53:37.537 [JavaFX Application Thread] INFO  c.s.d.p.n.MusicPlayDetailContainer - 当前播放状态: PAUSED
22:53:37.538 [JavaFX Application Thread] INFO  c.s.d.p.n.MusicPlayDetailContainer - 当前旋转角度: 播放--95.0
22:53:39.385 [JavaFX Application Thread] INFO  c.s.d.p.n.MusicPlayDetailContainer - 当前旋转角度: 暂停--95.0
22:53:41.354 [JavaFX Application Thread] INFO  c.s.d.p.n.MusicPlayDetailContainer - 暂停旋转
22:53:41.354 [JavaFX Application Thread] INFO  c.s.d.p.n.MusicPlayDetailContainer - 当前播放状态: PAUSED
22:53:41.356 [JavaFX Application Thread] INFO  c.s.d.p.n.MusicPlayDetailContainer - 当前旋转角度: 播放--95.0
22:53:42.393 [JavaFX Application Thread] INFO  c.s.d.p.n.MusicPlayDetailContainer - 当前旋转角度: 暂停--95.0
22:53:43.248 [JavaFX Application Thread] INFO  c.s.d.p.n.MusicPlayDetailContainer - 暂停旋转
22:53:43.249 [JavaFX Application Thread] INFO  c.s.d.p.n.MusicPlayDetailContainer - 当前播放状态: PAUSED
22:53:43.249 [JavaFX Application Thread] INFO  c.s.d.p.n.MusicPlayDetailContainer - 当前旋转角度: 播放--95.0
22:53:43.977 [JavaFX Application Thread] INFO  c.s.d.p.n.MusicPlayDetailContainer - 当前旋转角度: 暂停--95.0
22:53:50.417 [JavaFX Application Thread] INFO  c.s.d.p.n.MusicPlayDetailContainer - 暂停旋转
22:53:50.417 [JavaFX Application Thread] INFO  c.s.d.p.n.MusicPlayDetailContainer - 当前播放状态: PAUSED
22:53:50.417 [JavaFX Application Thread] INFO  c.s.d.p.n.MusicPlayDetailContainer - 当前旋转角度: 播放--95.0
22:53:52.625 [JavaFX Application Thread] INFO  c.s.d.p.n.MusicPlayDetailContainer - 当前旋转角度: 暂停--95.0
22:54:43.012 [JavaFX Application Thread] INFO  com.stickpoint.ddmusic.App - === 应用启动调试信息 ===
22:54:43.014 [JavaFX Application Thread] INFO  com.stickpoint.ddmusic.App - Java 版本: 21.0.7
22:54:43.014 [JavaFX Application Thread] INFO  com.stickpoint.ddmusic.App - JavaFX 版本: 21.0.7
22:54:43.014 [JavaFX Application Thread] INFO  com.stickpoint.ddmusic.App - 工作目录: G:\codeData\java\javafxProjects\bendy2025\ddmusic
22:54:43.014 [JavaFX Application Thread] INFO  com.stickpoint.ddmusic.App - 1. 开始创建 HomePage
22:54:43.546 [JavaFX Application Thread] INFO  c.s.d.p.n.MusicPlayDetailContainer - 唱针旋转角度: -95.0
22:54:43.557 [JavaFX Application Thread] INFO  c.s.d.p.n.MusicPlayDetailContainer - 旋转角度: 60.0
22:54:43.565 [JavaFX Application Thread] INFO  com.stickpoint.ddmusic.App - 2. HomePage 创建成功
22:54:43.565 [JavaFX Application Thread] INFO  com.stickpoint.ddmusic.App - 3. 开始创建场景
22:54:43.591 [JavaFX Application Thread] INFO  com.stickpoint.ddmusic.App - 4. 场景创建成功
22:54:43.591 [JavaFX Application Thread] INFO  com.stickpoint.ddmusic.App - 5. 设置舞台属性
22:54:43.592 [JavaFX Application Thread] INFO  com.stickpoint.ddmusic.App - 6. 舞台属性设置完成
22:54:43.592 [JavaFX Application Thread] INFO  com.stickpoint.ddmusic.App - 7. 加载图标
22:54:43.592 [JavaFX Application Thread] INFO  com.stickpoint.ddmusic.App - 图标URL: file:/G:/codeData/java/javafxProjects/bendy2025/ddmusic/target/classes/img/logo.svg
22:54:43.593 [JavaFX Application Thread] INFO  com.stickpoint.ddmusic.App - 8. 图标加载成功
22:54:43.593 [JavaFX Application Thread] INFO  com.stickpoint.ddmusic.App - 9. 显示舞台
22:54:43.799 [JavaFX Application Thread] INFO  com.stickpoint.ddmusic.App - 10. 添加窗口缩放支持
22:54:43.800 [JavaFX Application Thread] INFO  com.stickpoint.ddmusic.App - 11. 居中显示
22:54:43.800 [JavaFX Application Thread] INFO  com.stickpoint.ddmusic.App - 12. 应用启动完成
22:54:46.733 [JavaFX Application Thread] INFO  c.s.d.p.n.MusicPlayDetailContainer - 当前旋转角度: 暂停--95.0
22:54:47.673 [JavaFX Application Thread] INFO  c.s.d.p.n.MusicPlayDetailContainer - 暂停旋转
22:54:47.673 [JavaFX Application Thread] INFO  c.s.d.p.n.MusicPlayDetailContainer - 当前播放状态: PAUSED
22:54:47.674 [JavaFX Application Thread] INFO  c.s.d.p.n.MusicPlayDetailContainer - 当前旋转角度: 播放--95.0
22:54:56.757 [JavaFX Application Thread] INFO  com.stickpoint.ddmusic.App - === 应用启动调试信息 ===
22:54:56.759 [JavaFX Application Thread] INFO  com.stickpoint.ddmusic.App - Java 版本: 21.0.7
22:54:56.759 [JavaFX Application Thread] INFO  com.stickpoint.ddmusic.App - JavaFX 版本: 21.0.7
22:54:56.759 [JavaFX Application Thread] INFO  com.stickpoint.ddmusic.App - 工作目录: G:\codeData\java\javafxProjects\bendy2025\ddmusic
22:54:56.760 [JavaFX Application Thread] INFO  com.stickpoint.ddmusic.App - 1. 开始创建 HomePage
22:54:57.254 [JavaFX Application Thread] INFO  c.s.d.p.n.MusicPlayDetailContainer - 唱针旋转角度: -95.0
22:54:57.260 [JavaFX Application Thread] INFO  c.s.d.p.n.MusicPlayDetailContainer - 旋转角度: 60.0
22:54:57.262 [JavaFX Application Thread] INFO  com.stickpoint.ddmusic.App - 2. HomePage 创建成功
22:54:57.262 [JavaFX Application Thread] INFO  com.stickpoint.ddmusic.App - 3. 开始创建场景
22:54:57.278 [JavaFX Application Thread] INFO  com.stickpoint.ddmusic.App - 4. 场景创建成功
22:54:57.279 [JavaFX Application Thread] INFO  com.stickpoint.ddmusic.App - 5. 设置舞台属性
22:54:57.279 [JavaFX Application Thread] INFO  com.stickpoint.ddmusic.App - 6. 舞台属性设置完成
22:54:57.279 [JavaFX Application Thread] INFO  com.stickpoint.ddmusic.App - 7. 加载图标
22:54:57.279 [JavaFX Application Thread] INFO  com.stickpoint.ddmusic.App - 图标URL: file:/G:/codeData/java/javafxProjects/bendy2025/ddmusic/target/classes/img/logo.svg
22:54:57.280 [JavaFX Application Thread] INFO  com.stickpoint.ddmusic.App - 8. 图标加载成功
22:54:57.280 [JavaFX Application Thread] INFO  com.stickpoint.ddmusic.App - 9. 显示舞台
22:54:57.476 [JavaFX Application Thread] INFO  com.stickpoint.ddmusic.App - 10. 添加窗口缩放支持
22:54:57.477 [JavaFX Application Thread] INFO  com.stickpoint.ddmusic.App - 11. 居中显示
22:54:57.477 [JavaFX Application Thread] INFO  com.stickpoint.ddmusic.App - 12. 应用启动完成
22:54:59.969 [JavaFX Application Thread] INFO  c.s.d.p.n.MusicPlayDetailContainer - 当前旋转角度: 暂停--95.0
22:55:14.970 [JavaFX Application Thread] INFO  com.stickpoint.ddmusic.App - === 应用启动调试信息 ===
22:55:14.971 [JavaFX Application Thread] INFO  com.stickpoint.ddmusic.App - Java 版本: 21.0.7
22:55:14.972 [JavaFX Application Thread] INFO  com.stickpoint.ddmusic.App - JavaFX 版本: 21.0.7
22:55:14.972 [JavaFX Application Thread] INFO  com.stickpoint.ddmusic.App - 工作目录: G:\codeData\java\javafxProjects\bendy2025\ddmusic
22:55:14.972 [JavaFX Application Thread] INFO  com.stickpoint.ddmusic.App - 1. 开始创建 HomePage
22:55:15.536 [JavaFX Application Thread] INFO  c.s.d.p.n.MusicPlayDetailContainer - 唱针旋转角度: -95.0
22:55:15.541 [JavaFX Application Thread] INFO  c.s.d.p.n.MusicPlayDetailContainer - 旋转角度: 60.0
22:55:15.543 [JavaFX Application Thread] INFO  com.stickpoint.ddmusic.App - 2. HomePage 创建成功
22:55:15.544 [JavaFX Application Thread] INFO  com.stickpoint.ddmusic.App - 3. 开始创建场景
22:55:15.564 [JavaFX Application Thread] INFO  com.stickpoint.ddmusic.App - 4. 场景创建成功
22:55:15.564 [JavaFX Application Thread] INFO  com.stickpoint.ddmusic.App - 5. 设置舞台属性
22:55:15.565 [JavaFX Application Thread] INFO  com.stickpoint.ddmusic.App - 6. 舞台属性设置完成
22:55:15.565 [JavaFX Application Thread] INFO  com.stickpoint.ddmusic.App - 7. 加载图标
22:55:15.565 [JavaFX Application Thread] INFO  com.stickpoint.ddmusic.App - 图标URL: file:/G:/codeData/java/javafxProjects/bendy2025/ddmusic/target/classes/img/logo.svg
22:55:15.565 [JavaFX Application Thread] INFO  com.stickpoint.ddmusic.App - 8. 图标加载成功
22:55:15.566 [JavaFX Application Thread] INFO  com.stickpoint.ddmusic.App - 9. 显示舞台
22:55:15.767 [JavaFX Application Thread] INFO  com.stickpoint.ddmusic.App - 10. 添加窗口缩放支持
22:55:15.768 [JavaFX Application Thread] INFO  com.stickpoint.ddmusic.App - 11. 居中显示
22:55:15.768 [JavaFX Application Thread] INFO  com.stickpoint.ddmusic.App - 12. 应用启动完成
22:55:18.225 [JavaFX Application Thread] INFO  c.s.d.p.n.MusicPlayDetailContainer - 当前旋转角度: 暂停--95.0
22:57:28.677 [JavaFX Application Thread] INFO  com.stickpoint.ddmusic.App - === 应用启动调试信息 ===
22:57:28.679 [JavaFX Application Thread] INFO  com.stickpoint.ddmusic.App - Java 版本: 21.0.7
22:57:28.679 [JavaFX Application Thread] INFO  com.stickpoint.ddmusic.App - JavaFX 版本: 21.0.7
22:57:28.679 [JavaFX Application Thread] INFO  com.stickpoint.ddmusic.App - 工作目录: G:\codeData\java\javafxProjects\bendy2025\ddmusic
22:57:28.680 [JavaFX Application Thread] INFO  com.stickpoint.ddmusic.App - 1. 开始创建 HomePage
22:57:29.188 [JavaFX Application Thread] INFO  c.s.d.p.n.MusicPlayDetailContainer - 唱针旋转角度: -95.0
22:57:29.193 [JavaFX Application Thread] INFO  c.s.d.p.n.MusicPlayDetailContainer - 旋转角度: 60.0
22:57:29.198 [JavaFX Application Thread] INFO  com.stickpoint.ddmusic.App - 2. HomePage 创建成功
22:57:29.198 [JavaFX Application Thread] INFO  com.stickpoint.ddmusic.App - 3. 开始创建场景
22:57:29.220 [JavaFX Application Thread] INFO  com.stickpoint.ddmusic.App - 4. 场景创建成功
22:57:29.221 [JavaFX Application Thread] INFO  com.stickpoint.ddmusic.App - 5. 设置舞台属性
22:57:29.221 [JavaFX Application Thread] INFO  com.stickpoint.ddmusic.App - 6. 舞台属性设置完成
22:57:29.221 [JavaFX Application Thread] INFO  com.stickpoint.ddmusic.App - 7. 加载图标
22:57:29.222 [JavaFX Application Thread] INFO  com.stickpoint.ddmusic.App - 图标URL: file:/G:/codeData/java/javafxProjects/bendy2025/ddmusic/target/classes/img/logo.svg
22:57:29.222 [JavaFX Application Thread] INFO  com.stickpoint.ddmusic.App - 8. 图标加载成功
22:57:29.223 [JavaFX Application Thread] INFO  com.stickpoint.ddmusic.App - 9. 显示舞台
22:57:29.415 [JavaFX Application Thread] INFO  com.stickpoint.ddmusic.App - 10. 添加窗口缩放支持
22:57:29.416 [JavaFX Application Thread] INFO  com.stickpoint.ddmusic.App - 11. 居中显示
22:57:29.417 [JavaFX Application Thread] INFO  com.stickpoint.ddmusic.App - 12. 应用启动完成
22:57:34.403 [JavaFX Application Thread] INFO  c.s.d.p.n.MusicPlayDetailContainer - 当前旋转角度: 暂停--95.0
22:57:38.440 [JavaFX Application Thread] INFO  c.s.d.p.n.MusicPlayDetailContainer - 暂停旋转
22:57:38.440 [JavaFX Application Thread] INFO  c.s.d.p.n.MusicPlayDetailContainer - 当前播放状态: PAUSED
22:57:38.441 [JavaFX Application Thread] INFO  c.s.d.p.n.MusicPlayDetailContainer - 当前旋转角度: 播放--95.0
22:57:42.794 [JavaFX Application Thread] INFO  c.s.d.p.n.MusicPlayDetailContainer - 当前旋转角度: 暂停--95.0
22:57:46.905 [JavaFX Application Thread] INFO  c.s.d.p.n.MusicPlayDetailContainer - 暂停旋转
22:57:46.905 [JavaFX Application Thread] INFO  c.s.d.p.n.MusicPlayDetailContainer - 当前播放状态: PAUSED
22:57:46.906 [JavaFX Application Thread] INFO  c.s.d.p.n.MusicPlayDetailContainer - 当前旋转角度: 播放--95.0
22:57:47.377 [JavaFX Application Thread] INFO  c.s.d.p.n.MusicPlayDetailContainer - 当前旋转角度: 暂停--95.0
22:57:48.530 [JavaFX Application Thread] INFO  c.s.d.p.n.MusicPlayDetailContainer - 暂停旋转
22:57:48.530 [JavaFX Application Thread] INFO  c.s.d.p.n.MusicPlayDetailContainer - 当前播放状态: PAUSED
22:57:48.530 [JavaFX Application Thread] INFO  c.s.d.p.n.MusicPlayDetailContainer - 当前旋转角度: 播放--95.0
22:59:08.873 [JavaFX Application Thread] INFO  com.stickpoint.ddmusic.App - === 应用启动调试信息 ===
22:59:08.874 [JavaFX Application Thread] INFO  com.stickpoint.ddmusic.App - Java 版本: 21.0.7
22:59:08.875 [JavaFX Application Thread] INFO  com.stickpoint.ddmusic.App - JavaFX 版本: 21.0.7
22:59:08.875 [JavaFX Application Thread] INFO  com.stickpoint.ddmusic.App - 工作目录: G:\codeData\java\javafxProjects\bendy2025\ddmusic
22:59:08.875 [JavaFX Application Thread] INFO  com.stickpoint.ddmusic.App - 1. 开始创建 HomePage
22:59:09.373 [JavaFX Application Thread] INFO  c.s.d.p.n.MusicPlayDetailContainer - 旋转角度: 0.0
22:59:09.376 [JavaFX Application Thread] INFO  com.stickpoint.ddmusic.App - 2. HomePage 创建成功
22:59:09.376 [JavaFX Application Thread] INFO  com.stickpoint.ddmusic.App - 3. 开始创建场景
22:59:09.393 [JavaFX Application Thread] INFO  com.stickpoint.ddmusic.App - 4. 场景创建成功
22:59:09.394 [JavaFX Application Thread] INFO  com.stickpoint.ddmusic.App - 5. 设置舞台属性
22:59:09.394 [JavaFX Application Thread] INFO  com.stickpoint.ddmusic.App - 6. 舞台属性设置完成
22:59:09.394 [JavaFX Application Thread] INFO  com.stickpoint.ddmusic.App - 7. 加载图标
22:59:09.394 [JavaFX Application Thread] INFO  com.stickpoint.ddmusic.App - 图标URL: file:/G:/codeData/java/javafxProjects/bendy2025/ddmusic/target/classes/img/logo.svg
22:59:09.395 [JavaFX Application Thread] INFO  com.stickpoint.ddmusic.App - 8. 图标加载成功
22:59:09.396 [JavaFX Application Thread] INFO  com.stickpoint.ddmusic.App - 9. 显示舞台
22:59:09.594 [JavaFX Application Thread] INFO  com.stickpoint.ddmusic.App - 10. 添加窗口缩放支持
22:59:09.595 [JavaFX Application Thread] INFO  com.stickpoint.ddmusic.App - 11. 居中显示
22:59:09.595 [JavaFX Application Thread] INFO  com.stickpoint.ddmusic.App - 12. 应用启动完成
22:59:12.265 [JavaFX Application Thread] INFO  c.s.d.p.n.MusicPlayDetailContainer - 当前旋转角度: 暂停--95.0
22:59:13.761 [JavaFX Application Thread] INFO  c.s.d.p.n.MusicPlayDetailContainer - 暂停旋转
22:59:13.761 [JavaFX Application Thread] INFO  c.s.d.p.n.MusicPlayDetailContainer - 当前播放状态: PAUSED
22:59:13.764 [JavaFX Application Thread] INFO  c.s.d.p.n.MusicPlayDetailContainer - 当前旋转角度: 播放--95.0
22:59:15.137 [JavaFX Application Thread] INFO  c.s.d.p.n.MusicPlayDetailContainer - 当前旋转角度: 暂停--95.0
22:59:15.992 [JavaFX Application Thread] INFO  c.s.d.p.n.MusicPlayDetailContainer - 暂停旋转
22:59:15.993 [JavaFX Application Thread] INFO  c.s.d.p.n.MusicPlayDetailContainer - 当前播放状态: PAUSED
22:59:15.993 [JavaFX Application Thread] INFO  c.s.d.p.n.MusicPlayDetailContainer - 当前旋转角度: 播放--95.0
22:59:24.776 [JavaFX Application Thread] INFO  com.stickpoint.ddmusic.App - === 应用启动调试信息 ===
22:59:24.777 [JavaFX Application Thread] INFO  com.stickpoint.ddmusic.App - Java 版本: 21.0.7
22:59:24.777 [JavaFX Application Thread] INFO  com.stickpoint.ddmusic.App - JavaFX 版本: 21.0.7
22:59:24.777 [JavaFX Application Thread] INFO  com.stickpoint.ddmusic.App - 工作目录: G:\codeData\java\javafxProjects\bendy2025\ddmusic
22:59:24.777 [JavaFX Application Thread] INFO  com.stickpoint.ddmusic.App - 1. 开始创建 HomePage
22:59:25.275 [JavaFX Application Thread] INFO  c.s.d.p.n.MusicPlayDetailContainer - 旋转角度: 80.0
22:59:25.278 [JavaFX Application Thread] INFO  com.stickpoint.ddmusic.App - 2. HomePage 创建成功
22:59:25.279 [JavaFX Application Thread] INFO  com.stickpoint.ddmusic.App - 3. 开始创建场景
22:59:25.296 [JavaFX Application Thread] INFO  com.stickpoint.ddmusic.App - 4. 场景创建成功
22:59:25.296 [JavaFX Application Thread] INFO  com.stickpoint.ddmusic.App - 5. 设置舞台属性
22:59:25.298 [JavaFX Application Thread] INFO  com.stickpoint.ddmusic.App - 6. 舞台属性设置完成
22:59:25.298 [JavaFX Application Thread] INFO  com.stickpoint.ddmusic.App - 7. 加载图标
22:59:25.299 [JavaFX Application Thread] INFO  com.stickpoint.ddmusic.App - 图标URL: file:/G:/codeData/java/javafxProjects/bendy2025/ddmusic/target/classes/img/logo.svg
22:59:25.299 [JavaFX Application Thread] INFO  com.stickpoint.ddmusic.App - 8. 图标加载成功
22:59:25.299 [JavaFX Application Thread] INFO  com.stickpoint.ddmusic.App - 9. 显示舞台
22:59:25.483 [JavaFX Application Thread] INFO  com.stickpoint.ddmusic.App - 10. 添加窗口缩放支持
22:59:25.484 [JavaFX Application Thread] INFO  com.stickpoint.ddmusic.App - 11. 居中显示
22:59:25.484 [JavaFX Application Thread] INFO  com.stickpoint.ddmusic.App - 12. 应用启动完成
22:59:27.998 [JavaFX Application Thread] INFO  c.s.d.p.n.MusicPlayDetailContainer - 当前旋转角度: 暂停--95.0
22:59:29.018 [JavaFX Application Thread] INFO  c.s.d.p.n.MusicPlayDetailContainer - 暂停旋转
22:59:29.018 [JavaFX Application Thread] INFO  c.s.d.p.n.MusicPlayDetailContainer - 当前播放状态: PAUSED
22:59:29.020 [JavaFX Application Thread] INFO  c.s.d.p.n.MusicPlayDetailContainer - 当前旋转角度: 播放--95.0
22:59:40.454 [JavaFX Application Thread] INFO  com.stickpoint.ddmusic.App - === 应用启动调试信息 ===
22:59:40.455 [JavaFX Application Thread] INFO  com.stickpoint.ddmusic.App - Java 版本: 21.0.7
22:59:40.456 [JavaFX Application Thread] INFO  com.stickpoint.ddmusic.App - JavaFX 版本: 21.0.7
22:59:40.456 [JavaFX Application Thread] INFO  com.stickpoint.ddmusic.App - 工作目录: G:\codeData\java\javafxProjects\bendy2025\ddmusic
22:59:40.456 [JavaFX Application Thread] INFO  com.stickpoint.ddmusic.App - 1. 开始创建 HomePage
22:59:40.958 [JavaFX Application Thread] INFO  c.s.d.p.n.MusicPlayDetailContainer - 旋转角度: 50.0
22:59:40.961 [JavaFX Application Thread] INFO  com.stickpoint.ddmusic.App - 2. HomePage 创建成功
22:59:40.961 [JavaFX Application Thread] INFO  com.stickpoint.ddmusic.App - 3. 开始创建场景
22:59:40.980 [JavaFX Application Thread] INFO  com.stickpoint.ddmusic.App - 4. 场景创建成功
22:59:40.981 [JavaFX Application Thread] INFO  com.stickpoint.ddmusic.App - 5. 设置舞台属性
22:59:40.981 [JavaFX Application Thread] INFO  com.stickpoint.ddmusic.App - 6. 舞台属性设置完成
22:59:40.981 [JavaFX Application Thread] INFO  com.stickpoint.ddmusic.App - 7. 加载图标
22:59:40.982 [JavaFX Application Thread] INFO  com.stickpoint.ddmusic.App - 图标URL: file:/G:/codeData/java/javafxProjects/bendy2025/ddmusic/target/classes/img/logo.svg
22:59:40.982 [JavaFX Application Thread] INFO  com.stickpoint.ddmusic.App - 8. 图标加载成功
22:59:40.982 [JavaFX Application Thread] INFO  com.stickpoint.ddmusic.App - 9. 显示舞台
22:59:41.176 [JavaFX Application Thread] INFO  com.stickpoint.ddmusic.App - 10. 添加窗口缩放支持
22:59:41.177 [JavaFX Application Thread] INFO  com.stickpoint.ddmusic.App - 11. 居中显示
22:59:41.177 [JavaFX Application Thread] INFO  com.stickpoint.ddmusic.App - 12. 应用启动完成
22:59:43.770 [JavaFX Application Thread] INFO  c.s.d.p.n.MusicPlayDetailContainer - 当前旋转角度: 暂停--95.0
23:00:02.353 [JavaFX Application Thread] INFO  com.stickpoint.ddmusic.App - === 应用启动调试信息 ===
23:00:02.354 [JavaFX Application Thread] INFO  com.stickpoint.ddmusic.App - Java 版本: 21.0.7
23:00:02.355 [JavaFX Application Thread] INFO  com.stickpoint.ddmusic.App - JavaFX 版本: 21.0.7
23:00:02.355 [JavaFX Application Thread] INFO  com.stickpoint.ddmusic.App - 工作目录: G:\codeData\java\javafxProjects\bendy2025\ddmusic
23:00:02.355 [JavaFX Application Thread] INFO  com.stickpoint.ddmusic.App - 1. 开始创建 HomePage
23:00:02.875 [JavaFX Application Thread] INFO  c.s.d.p.n.MusicPlayDetailContainer - 旋转角度: 60.0
23:00:02.879 [JavaFX Application Thread] INFO  com.stickpoint.ddmusic.App - 2. HomePage 创建成功
23:00:02.880 [JavaFX Application Thread] INFO  com.stickpoint.ddmusic.App - 3. 开始创建场景
23:00:02.900 [JavaFX Application Thread] INFO  com.stickpoint.ddmusic.App - 4. 场景创建成功
23:00:02.900 [JavaFX Application Thread] INFO  com.stickpoint.ddmusic.App - 5. 设置舞台属性
23:00:02.901 [JavaFX Application Thread] INFO  com.stickpoint.ddmusic.App - 6. 舞台属性设置完成
23:00:02.901 [JavaFX Application Thread] INFO  com.stickpoint.ddmusic.App - 7. 加载图标
23:00:02.902 [JavaFX Application Thread] INFO  com.stickpoint.ddmusic.App - 图标URL: file:/G:/codeData/java/javafxProjects/bendy2025/ddmusic/target/classes/img/logo.svg
23:00:02.902 [JavaFX Application Thread] INFO  com.stickpoint.ddmusic.App - 8. 图标加载成功
23:00:02.902 [JavaFX Application Thread] INFO  com.stickpoint.ddmusic.App - 9. 显示舞台
23:00:03.111 [JavaFX Application Thread] INFO  com.stickpoint.ddmusic.App - 10. 添加窗口缩放支持
23:00:03.113 [JavaFX Application Thread] INFO  com.stickpoint.ddmusic.App - 11. 居中显示
23:00:03.113 [JavaFX Application Thread] INFO  com.stickpoint.ddmusic.App - 12. 应用启动完成
23:00:21.296 [JavaFX Application Thread] INFO  com.stickpoint.ddmusic.App - === 应用启动调试信息 ===
23:00:21.298 [JavaFX Application Thread] INFO  com.stickpoint.ddmusic.App - Java 版本: 21.0.7
23:00:21.298 [JavaFX Application Thread] INFO  com.stickpoint.ddmusic.App - JavaFX 版本: 21.0.7
23:00:21.298 [JavaFX Application Thread] INFO  com.stickpoint.ddmusic.App - 工作目录: G:\codeData\java\javafxProjects\bendy2025\ddmusic
23:00:21.298 [JavaFX Application Thread] INFO  com.stickpoint.ddmusic.App - 1. 开始创建 HomePage
23:00:21.801 [JavaFX Application Thread] INFO  c.s.d.p.n.MusicPlayDetailContainer - 旋转角度: 60.0
23:00:21.804 [JavaFX Application Thread] INFO  com.stickpoint.ddmusic.App - 2. HomePage 创建成功
23:00:21.804 [JavaFX Application Thread] INFO  com.stickpoint.ddmusic.App - 3. 开始创建场景
23:00:21.826 [JavaFX Application Thread] INFO  com.stickpoint.ddmusic.App - 4. 场景创建成功
23:00:21.827 [JavaFX Application Thread] INFO  com.stickpoint.ddmusic.App - 5. 设置舞台属性
23:00:21.827 [JavaFX Application Thread] INFO  com.stickpoint.ddmusic.App - 6. 舞台属性设置完成
23:00:21.827 [JavaFX Application Thread] INFO  com.stickpoint.ddmusic.App - 7. 加载图标
23:00:21.828 [JavaFX Application Thread] INFO  com.stickpoint.ddmusic.App - 图标URL: file:/G:/codeData/java/javafxProjects/bendy2025/ddmusic/target/classes/img/logo.svg
23:00:21.828 [JavaFX Application Thread] INFO  com.stickpoint.ddmusic.App - 8. 图标加载成功
23:00:21.828 [JavaFX Application Thread] INFO  com.stickpoint.ddmusic.App - 9. 显示舞台
23:00:22.061 [JavaFX Application Thread] INFO  com.stickpoint.ddmusic.App - 10. 添加窗口缩放支持
23:00:22.062 [JavaFX Application Thread] INFO  com.stickpoint.ddmusic.App - 11. 居中显示
23:00:22.062 [JavaFX Application Thread] INFO  com.stickpoint.ddmusic.App - 12. 应用启动完成
23:00:24.438 [JavaFX Application Thread] INFO  c.s.d.p.n.MusicPlayDetailContainer - 当前旋转角度: 暂停--95.0
23:00:27.441 [JavaFX Application Thread] INFO  c.s.d.p.n.MusicPlayDetailContainer - 暂停旋转
23:00:27.441 [JavaFX Application Thread] INFO  c.s.d.p.n.MusicPlayDetailContainer - 当前播放状态: PAUSED
23:00:27.442 [JavaFX Application Thread] INFO  c.s.d.p.n.MusicPlayDetailContainer - 当前旋转角度: 播放--95.0
23:00:28.041 [JavaFX Application Thread] INFO  c.s.d.p.n.MusicPlayDetailContainer - 当前旋转角度: 暂停--95.0
23:00:33.582 [JavaFX Application Thread] INFO  com.stickpoint.ddmusic.App - === 应用启动调试信息 ===
23:00:33.583 [JavaFX Application Thread] INFO  com.stickpoint.ddmusic.App - Java 版本: 21.0.7
23:00:33.583 [JavaFX Application Thread] INFO  com.stickpoint.ddmusic.App - JavaFX 版本: 21.0.7
23:00:33.583 [JavaFX Application Thread] INFO  com.stickpoint.ddmusic.App - 工作目录: G:\codeData\java\javafxProjects\bendy2025\ddmusic
23:00:33.584 [JavaFX Application Thread] INFO  com.stickpoint.ddmusic.App - 1. 开始创建 HomePage
23:00:34.084 [JavaFX Application Thread] INFO  c.s.d.p.n.MusicPlayDetailContainer - 旋转角度: 60.0
23:00:34.087 [JavaFX Application Thread] INFO  com.stickpoint.ddmusic.App - 2. HomePage 创建成功
23:00:34.087 [JavaFX Application Thread] INFO  com.stickpoint.ddmusic.App - 3. 开始创建场景
23:00:34.108 [JavaFX Application Thread] INFO  com.stickpoint.ddmusic.App - 4. 场景创建成功
23:00:34.108 [JavaFX Application Thread] INFO  com.stickpoint.ddmusic.App - 5. 设置舞台属性
23:00:34.108 [JavaFX Application Thread] INFO  com.stickpoint.ddmusic.App - 6. 舞台属性设置完成
23:00:34.108 [JavaFX Application Thread] INFO  com.stickpoint.ddmusic.App - 7. 加载图标
23:00:34.109 [JavaFX Application Thread] INFO  com.stickpoint.ddmusic.App - 图标URL: file:/G:/codeData/java/javafxProjects/bendy2025/ddmusic/target/classes/img/logo.svg
23:00:34.109 [JavaFX Application Thread] INFO  com.stickpoint.ddmusic.App - 8. 图标加载成功
23:00:34.110 [JavaFX Application Thread] INFO  com.stickpoint.ddmusic.App - 9. 显示舞台
23:00:34.328 [JavaFX Application Thread] INFO  com.stickpoint.ddmusic.App - 10. 添加窗口缩放支持
23:00:34.330 [JavaFX Application Thread] INFO  com.stickpoint.ddmusic.App - 11. 居中显示
23:00:34.330 [JavaFX Application Thread] INFO  com.stickpoint.ddmusic.App - 12. 应用启动完成
23:00:54.710 [JavaFX Application Thread] INFO  com.stickpoint.ddmusic.App - === 应用启动调试信息 ===
23:00:54.711 [JavaFX Application Thread] INFO  com.stickpoint.ddmusic.App - Java 版本: 21.0.7
23:00:54.711 [JavaFX Application Thread] INFO  com.stickpoint.ddmusic.App - JavaFX 版本: 21.0.7
23:00:54.711 [JavaFX Application Thread] INFO  com.stickpoint.ddmusic.App - 工作目录: G:\codeData\java\javafxProjects\bendy2025\ddmusic
23:00:54.711 [JavaFX Application Thread] INFO  com.stickpoint.ddmusic.App - 1. 开始创建 HomePage
23:00:55.214 [JavaFX Application Thread] INFO  c.s.d.p.n.MusicPlayDetailContainer - 旋转角度: 60.0
23:00:55.217 [JavaFX Application Thread] INFO  com.stickpoint.ddmusic.App - 2. HomePage 创建成功
23:00:55.218 [JavaFX Application Thread] INFO  com.stickpoint.ddmusic.App - 3. 开始创建场景
23:00:55.239 [JavaFX Application Thread] INFO  com.stickpoint.ddmusic.App - 4. 场景创建成功
23:00:55.240 [JavaFX Application Thread] INFO  com.stickpoint.ddmusic.App - 5. 设置舞台属性
23:00:55.240 [JavaFX Application Thread] INFO  com.stickpoint.ddmusic.App - 6. 舞台属性设置完成
23:00:55.240 [JavaFX Application Thread] INFO  com.stickpoint.ddmusic.App - 7. 加载图标
23:00:55.241 [JavaFX Application Thread] INFO  com.stickpoint.ddmusic.App - 图标URL: file:/G:/codeData/java/javafxProjects/bendy2025/ddmusic/target/classes/img/logo.svg
23:00:55.242 [JavaFX Application Thread] INFO  com.stickpoint.ddmusic.App - 8. 图标加载成功
23:00:55.242 [JavaFX Application Thread] INFO  com.stickpoint.ddmusic.App - 9. 显示舞台
23:00:55.442 [JavaFX Application Thread] INFO  com.stickpoint.ddmusic.App - 10. 添加窗口缩放支持
23:00:55.443 [JavaFX Application Thread] INFO  com.stickpoint.ddmusic.App - 11. 居中显示
23:00:55.443 [JavaFX Application Thread] INFO  com.stickpoint.ddmusic.App - 12. 应用启动完成
23:00:57.876 [JavaFX Application Thread] INFO  c.s.d.p.n.MusicPlayDetailContainer - 当前旋转角度: 暂停--95.0
23:01:29.462 [JavaFX Application Thread] INFO  com.stickpoint.ddmusic.App - === 应用启动调试信息 ===
23:01:29.463 [JavaFX Application Thread] INFO  com.stickpoint.ddmusic.App - Java 版本: 21.0.7
23:01:29.463 [JavaFX Application Thread] INFO  com.stickpoint.ddmusic.App - JavaFX 版本: 21.0.7
23:01:29.464 [JavaFX Application Thread] INFO  com.stickpoint.ddmusic.App - 工作目录: G:\codeData\java\javafxProjects\bendy2025\ddmusic
23:01:29.464 [JavaFX Application Thread] INFO  com.stickpoint.ddmusic.App - 1. 开始创建 HomePage
23:01:29.995 [JavaFX Application Thread] INFO  c.s.d.p.n.MusicPlayDetailContainer - 旋转角度: 60.0
23:01:29.998 [JavaFX Application Thread] INFO  com.stickpoint.ddmusic.App - 2. HomePage 创建成功
23:01:29.999 [JavaFX Application Thread] INFO  com.stickpoint.ddmusic.App - 3. 开始创建场景
23:01:30.024 [JavaFX Application Thread] INFO  com.stickpoint.ddmusic.App - 4. 场景创建成功
23:01:30.025 [JavaFX Application Thread] INFO  com.stickpoint.ddmusic.App - 5. 设置舞台属性
23:01:30.025 [JavaFX Application Thread] INFO  com.stickpoint.ddmusic.App - 6. 舞台属性设置完成
23:01:30.025 [JavaFX Application Thread] INFO  com.stickpoint.ddmusic.App - 7. 加载图标
23:01:30.026 [JavaFX Application Thread] INFO  com.stickpoint.ddmusic.App - 图标URL: file:/G:/codeData/java/javafxProjects/bendy2025/ddmusic/target/classes/img/logo.svg
23:01:30.027 [JavaFX Application Thread] INFO  com.stickpoint.ddmusic.App - 8. 图标加载成功
23:01:30.027 [JavaFX Application Thread] INFO  com.stickpoint.ddmusic.App - 9. 显示舞台
23:01:30.253 [JavaFX Application Thread] INFO  com.stickpoint.ddmusic.App - 10. 添加窗口缩放支持
23:01:30.254 [JavaFX Application Thread] INFO  com.stickpoint.ddmusic.App - 11. 居中显示
23:01:30.254 [JavaFX Application Thread] INFO  com.stickpoint.ddmusic.App - 12. 应用启动完成
23:01:32.864 [JavaFX Application Thread] INFO  c.s.d.p.n.MusicPlayDetailContainer - 当前旋转角度: 暂停--95.0
23:01:34.712 [JavaFX Application Thread] INFO  c.s.d.p.n.MusicPlayDetailContainer - 暂停旋转
23:01:34.713 [JavaFX Application Thread] INFO  c.s.d.p.n.MusicPlayDetailContainer - 当前播放状态: PAUSED
23:01:34.714 [JavaFX Application Thread] INFO  c.s.d.p.n.MusicPlayDetailContainer - 当前旋转角度: 播放--95.0
23:01:36.225 [JavaFX Application Thread] INFO  c.s.d.p.n.MusicPlayDetailContainer - 当前旋转角度: 暂停--95.0
23:01:53.074 [JavaFX Application Thread] INFO  c.s.d.p.n.MusicPlayDetailContainer - 暂停旋转
23:01:53.074 [JavaFX Application Thread] INFO  c.s.d.p.n.MusicPlayDetailContainer - 当前播放状态: PAUSED
23:01:53.074 [JavaFX Application Thread] INFO  c.s.d.p.n.MusicPlayDetailContainer - 当前旋转角度: 播放--95.0
23:01:55.889 [JavaFX Application Thread] INFO  c.s.d.p.n.MusicPlayDetailContainer - 当前旋转角度: 暂停--95.0
23:02:40.673 [JavaFX Application Thread] INFO  c.s.d.p.node.HomePageMenuItemPanel - === ToggleGroup 监听器被触发 ===
23:02:40.673 [JavaFX Application Thread] INFO  c.s.d.p.node.HomePageMenuItemPanel - oldToggle: null
23:02:40.673 [JavaFX Application Thread] INFO  c.s.d.p.node.HomePageMenuItemPanel - newToggle: recommend
23:02:40.674 [JavaFX Application Thread] INFO  c.s.d.p.node.HomePageMenuItemPanel - 当前选中的菜单项：recommend
23:02:40.674 [JavaFX Application Thread] INFO  c.s.d.p.node.HomePageMenuItemPanel - ================================
23:02:41.289 [JavaFX Application Thread] INFO  c.s.d.p.node.HomePageMenuItemPanel - === ToggleGroup 监听器被触发 ===
23:02:41.289 [JavaFX Application Thread] INFO  c.s.d.p.node.HomePageMenuItemPanel - oldToggle: recommend
23:02:41.289 [JavaFX Application Thread] INFO  c.s.d.p.node.HomePageMenuItemPanel - newToggle: roam
23:02:41.289 [JavaFX Application Thread] INFO  c.s.d.p.node.HomePageMenuItemPanel - 当前选中的菜单项：roam
23:02:41.290 [JavaFX Application Thread] INFO  c.s.d.p.node.HomePageMenuItemPanel - 上一个被选中的菜单项：recommend
23:02:41.290 [JavaFX Application Thread] INFO  c.s.d.p.node.HomePageMenuItemPanel - ================================
23:02:41.584 [JavaFX Application Thread] INFO  c.s.d.p.node.HomePageMenuItemPanel - === ToggleGroup 监听器被触发 ===
23:02:41.585 [JavaFX Application Thread] INFO  c.s.d.p.node.HomePageMenuItemPanel - oldToggle: roam
23:02:41.585 [JavaFX Application Thread] INFO  c.s.d.p.node.HomePageMenuItemPanel - newToggle: recent
23:02:41.585 [JavaFX Application Thread] INFO  c.s.d.p.node.HomePageMenuItemPanel - 当前选中的菜单项：recent
23:02:41.585 [JavaFX Application Thread] INFO  c.s.d.p.node.HomePageMenuItemPanel - 上一个被选中的菜单项：roam
23:02:41.585 [JavaFX Application Thread] INFO  c.s.d.p.node.HomePageMenuItemPanel - ================================
23:02:41.840 [JavaFX Application Thread] INFO  c.s.d.p.node.HomePageMenuItemPanel - === ToggleGroup 监听器被触发 ===
23:02:41.840 [JavaFX Application Thread] INFO  c.s.d.p.node.HomePageMenuItemPanel - oldToggle: recent
23:02:41.840 [JavaFX Application Thread] INFO  c.s.d.p.node.HomePageMenuItemPanel - newToggle: myPlaylist
23:02:41.840 [JavaFX Application Thread] INFO  c.s.d.p.node.HomePageMenuItemPanel - 当前选中的菜单项：myPlaylist
23:02:41.840 [JavaFX Application Thread] INFO  c.s.d.p.node.HomePageMenuItemPanel - 上一个被选中的菜单项：recent
23:02:41.840 [JavaFX Application Thread] INFO  c.s.d.p.node.HomePageMenuItemPanel - ================================
23:02:42.305 [JavaFX Application Thread] INFO  c.s.d.p.node.HomePageMenuItemPanel - === ToggleGroup 监听器被触发 ===
23:02:42.306 [JavaFX Application Thread] INFO  c.s.d.p.node.HomePageMenuItemPanel - oldToggle: myPlaylist
23:02:42.306 [JavaFX Application Thread] INFO  c.s.d.p.node.HomePageMenuItemPanel - newToggle: roam
23:02:42.306 [JavaFX Application Thread] INFO  c.s.d.p.node.HomePageMenuItemPanel - 当前选中的菜单项：roam
23:02:42.306 [JavaFX Application Thread] INFO  c.s.d.p.node.HomePageMenuItemPanel - 上一个被选中的菜单项：myPlaylist
23:02:42.306 [JavaFX Application Thread] INFO  c.s.d.p.node.HomePageMenuItemPanel - ================================
23:02:44.248 [JavaFX Application Thread] INFO  c.s.d.p.node.HomePageMenuItemPanel - === ToggleGroup 监听器被触发 ===
23:02:44.249 [JavaFX Application Thread] INFO  c.s.d.p.node.HomePageMenuItemPanel - oldToggle: roam
23:02:44.249 [JavaFX Application Thread] INFO  c.s.d.p.node.HomePageMenuItemPanel - newToggle: podcast
23:02:44.249 [JavaFX Application Thread] INFO  c.s.d.p.node.HomePageMenuItemPanel - 当前选中的菜单项：podcast
23:02:44.249 [JavaFX Application Thread] INFO  c.s.d.p.node.HomePageMenuItemPanel - 上一个被选中的菜单项：roam
23:02:44.249 [JavaFX Application Thread] INFO  c.s.d.p.node.HomePageMenuItemPanel - ================================
23:03:24.928 [JavaFX Application Thread] INFO  c.s.d.p.n.MusicPlayDetailContainer - 暂停旋转
23:03:24.928 [JavaFX Application Thread] INFO  c.s.d.p.n.MusicPlayDetailContainer - 当前播放状态: PAUSED
23:03:24.928 [JavaFX Application Thread] INFO  c.s.d.p.n.MusicPlayDetailContainer - 当前旋转角度: 播放--95.0
23:03:27.169 [JavaFX Application Thread] INFO  c.s.d.p.n.MusicPlayDetailContainer - 当前旋转角度: 暂停--95.0
23:03:50.497 [JavaFX Application Thread] INFO  c.s.d.p.n.MusicPlayDetailContainer - 暂停旋转
23:03:50.497 [JavaFX Application Thread] INFO  c.s.d.p.n.MusicPlayDetailContainer - 当前播放状态: PAUSED
23:03:50.498 [JavaFX Application Thread] INFO  c.s.d.p.n.MusicPlayDetailContainer - 当前旋转角度: 播放--95.0
23:04:15.289 [JavaFX Application Thread] INFO  c.s.d.p.n.MusicPlayDetailContainer - 当前旋转角度: 暂停--95.0
23:05:55.914 [JavaFX Application Thread] INFO  com.stickpoint.ddmusic.App - === 应用启动调试信息 ===
23:05:55.916 [JavaFX Application Thread] INFO  com.stickpoint.ddmusic.App - Java 版本: 21.0.7
23:05:55.916 [JavaFX Application Thread] INFO  com.stickpoint.ddmusic.App - JavaFX 版本: 21.0.7
23:05:55.916 [JavaFX Application Thread] INFO  com.stickpoint.ddmusic.App - 工作目录: G:\codeData\java\javafxProjects\bendy2025\ddmusic
23:05:55.917 [JavaFX Application Thread] INFO  com.stickpoint.ddmusic.App - 1. 开始创建 HomePage
23:05:56.442 [JavaFX Application Thread] INFO  c.s.d.p.n.MusicPlayDetailContainer - 旋转角度: 60.0
23:05:56.445 [JavaFX Application Thread] INFO  com.stickpoint.ddmusic.App - 2. HomePage 创建成功
23:05:56.445 [JavaFX Application Thread] INFO  com.stickpoint.ddmusic.App - 3. 开始创建场景
23:05:56.467 [JavaFX Application Thread] INFO  com.stickpoint.ddmusic.App - 4. 场景创建成功
23:05:56.467 [JavaFX Application Thread] INFO  com.stickpoint.ddmusic.App - 5. 设置舞台属性
23:05:56.467 [JavaFX Application Thread] INFO  com.stickpoint.ddmusic.App - 6. 舞台属性设置完成
23:05:56.467 [JavaFX Application Thread] INFO  com.stickpoint.ddmusic.App - 7. 加载图标
23:05:56.468 [JavaFX Application Thread] INFO  com.stickpoint.ddmusic.App - 图标URL: file:/G:/codeData/java/javafxProjects/bendy2025/ddmusic/target/classes/img/logo.svg
23:05:56.469 [JavaFX Application Thread] INFO  com.stickpoint.ddmusic.App - 8. 图标加载成功
23:05:56.469 [JavaFX Application Thread] INFO  com.stickpoint.ddmusic.App - 9. 显示舞台
23:05:56.660 [JavaFX Application Thread] INFO  com.stickpoint.ddmusic.App - 10. 添加窗口缩放支持
23:05:56.661 [JavaFX Application Thread] INFO  com.stickpoint.ddmusic.App - 11. 居中显示
23:05:56.661 [JavaFX Application Thread] INFO  com.stickpoint.ddmusic.App - 12. 应用启动完成
23:06:04.730 [JavaFX Application Thread] INFO  c.s.d.p.n.MusicPlayDetailContainer - 当前旋转角度: 暂停--95.0
23:06:08.401 [JavaFX Application Thread] INFO  c.s.d.p.n.MusicPlayDetailContainer - 暂停旋转
23:06:08.401 [JavaFX Application Thread] INFO  c.s.d.p.n.MusicPlayDetailContainer - 当前播放状态: PAUSED
23:06:08.402 [JavaFX Application Thread] INFO  c.s.d.p.n.MusicPlayDetailContainer - 当前旋转角度: 播放--95.0
23:06:10.049 [JavaFX Application Thread] INFO  c.s.d.p.n.MusicPlayDetailContainer - 当前旋转角度: 暂停--95.0
23:06:13.785 [JavaFX Application Thread] INFO  c.s.d.p.n.MusicPlayDetailContainer - 暂停旋转
23:06:13.786 [JavaFX Application Thread] INFO  c.s.d.p.n.MusicPlayDetailContainer - 当前播放状态: PAUSED
23:06:13.788 [JavaFX Application Thread] INFO  c.s.d.p.n.MusicPlayDetailContainer - 当前旋转角度: 播放--95.0
23:06:15.841 [JavaFX Application Thread] INFO  c.s.d.p.n.MusicPlayDetailContainer - 当前旋转角度: 暂停--95.0
23:10:27.833 [JavaFX Application Thread] INFO  com.stickpoint.ddmusic.App - === 应用启动调试信息 ===
23:10:27.835 [JavaFX Application Thread] INFO  com.stickpoint.ddmusic.App - Java 版本: 21.0.7
23:10:27.836 [JavaFX Application Thread] INFO  com.stickpoint.ddmusic.App - JavaFX 版本: 21.0.7
23:10:27.836 [JavaFX Application Thread] INFO  com.stickpoint.ddmusic.App - 工作目录: G:\codeData\java\javafxProjects\bendy2025\ddmusic
23:10:27.836 [JavaFX Application Thread] INFO  com.stickpoint.ddmusic.App - 1. 开始创建 HomePage
23:10:28.392 [JavaFX Application Thread] INFO  c.s.d.p.n.MusicPlayDetailContainer - 旋转角度: 60.0
23:10:28.395 [JavaFX Application Thread] INFO  com.stickpoint.ddmusic.App - 2. HomePage 创建成功
23:10:28.395 [JavaFX Application Thread] INFO  com.stickpoint.ddmusic.App - 3. 开始创建场景
23:10:28.414 [JavaFX Application Thread] INFO  com.stickpoint.ddmusic.App - 4. 场景创建成功
23:10:28.414 [JavaFX Application Thread] INFO  com.stickpoint.ddmusic.App - 5. 设置舞台属性
23:10:28.415 [JavaFX Application Thread] INFO  com.stickpoint.ddmusic.App - 6. 舞台属性设置完成
23:10:28.415 [JavaFX Application Thread] INFO  com.stickpoint.ddmusic.App - 7. 加载图标
23:10:28.415 [JavaFX Application Thread] INFO  com.stickpoint.ddmusic.App - 图标URL: file:/G:/codeData/java/javafxProjects/bendy2025/ddmusic/target/classes/img/logo.svg
23:10:28.415 [JavaFX Application Thread] INFO  com.stickpoint.ddmusic.App - 8. 图标加载成功
23:10:28.416 [JavaFX Application Thread] INFO  com.stickpoint.ddmusic.App - 9. 显示舞台
23:10:28.616 [JavaFX Application Thread] INFO  com.stickpoint.ddmusic.App - 10. 添加窗口缩放支持
23:10:28.618 [JavaFX Application Thread] INFO  com.stickpoint.ddmusic.App - 11. 居中显示
23:10:28.618 [JavaFX Application Thread] INFO  com.stickpoint.ddmusic.App - 12. 应用启动完成
23:10:49.499 [JavaFX Application Thread] INFO  c.s.d.p.n.MusicPlayDetailContainer - 当前旋转角度: 暂停--95.0
23:10:53.417 [JavaFX Application Thread] INFO  c.s.d.p.n.MusicPlayDetailContainer - 暂停旋转
23:10:53.417 [JavaFX Application Thread] INFO  c.s.d.p.n.MusicPlayDetailContainer - 当前播放状态: PAUSED
23:10:53.418 [JavaFX Application Thread] INFO  c.s.d.p.n.MusicPlayDetailContainer - 当前旋转角度: 播放--95.0
23:10:54.568 [JavaFX Application Thread] INFO  c.s.d.p.n.MusicPlayDetailContainer - 当前旋转角度: 暂停--95.0
23:11:02.296 [JavaFX Application Thread] INFO  c.s.d.p.n.MusicPlayDetailContainer - 暂停旋转
23:11:02.296 [JavaFX Application Thread] INFO  c.s.d.p.n.MusicPlayDetailContainer - 当前播放状态: PAUSED
23:11:02.297 [JavaFX Application Thread] INFO  c.s.d.p.n.MusicPlayDetailContainer - 当前旋转角度: 播放--95.0
23:15:08.976 [JavaFX Application Thread] INFO  com.stickpoint.ddmusic.App - === 应用启动调试信息 ===
23:15:08.977 [JavaFX Application Thread] INFO  com.stickpoint.ddmusic.App - Java 版本: 21.0.7
23:15:08.978 [JavaFX Application Thread] INFO  com.stickpoint.ddmusic.App - JavaFX 版本: 21.0.7
23:15:08.978 [JavaFX Application Thread] INFO  com.stickpoint.ddmusic.App - 工作目录: G:\codeData\java\javafxProjects\bendy2025\ddmusic
23:15:08.978 [JavaFX Application Thread] INFO  com.stickpoint.ddmusic.App - 1. 开始创建 HomePage
23:15:09.483 [JavaFX Application Thread] INFO  c.s.d.p.n.MusicPlayDetailContainer - 旋转角度: 60.0
23:15:09.485 [JavaFX Application Thread] INFO  com.stickpoint.ddmusic.App - 2. HomePage 创建成功
23:15:09.486 [JavaFX Application Thread] INFO  com.stickpoint.ddmusic.App - 3. 开始创建场景
23:15:09.504 [JavaFX Application Thread] INFO  com.stickpoint.ddmusic.App - 4. 场景创建成功
23:15:09.504 [JavaFX Application Thread] INFO  com.stickpoint.ddmusic.App - 5. 设置舞台属性
23:15:09.504 [JavaFX Application Thread] INFO  com.stickpoint.ddmusic.App - 6. 舞台属性设置完成
23:15:09.505 [JavaFX Application Thread] INFO  com.stickpoint.ddmusic.App - 7. 加载图标
23:15:09.505 [JavaFX Application Thread] INFO  com.stickpoint.ddmusic.App - 图标URL: file:/G:/codeData/java/javafxProjects/bendy2025/ddmusic/target/classes/img/logo.svg
23:15:09.506 [JavaFX Application Thread] INFO  com.stickpoint.ddmusic.App - 8. 图标加载成功
23:15:09.506 [JavaFX Application Thread] INFO  com.stickpoint.ddmusic.App - 9. 显示舞台
23:15:09.711 [JavaFX Application Thread] INFO  com.stickpoint.ddmusic.App - 10. 添加窗口缩放支持
23:15:09.713 [JavaFX Application Thread] INFO  com.stickpoint.ddmusic.App - 11. 居中显示
23:15:09.713 [JavaFX Application Thread] INFO  com.stickpoint.ddmusic.App - 12. 应用启动完成
23:22:05.952 [JavaFX Application Thread] INFO  c.s.d.p.node.HomePageMenuItemPanel - === ToggleGroup 监听器被触发 ===
23:22:05.953 [JavaFX Application Thread] INFO  c.s.d.p.node.HomePageMenuItemPanel - oldToggle: null
23:22:05.953 [JavaFX Application Thread] INFO  c.s.d.p.node.HomePageMenuItemPanel - newToggle: myPlaylist
23:22:05.954 [JavaFX Application Thread] INFO  c.s.d.p.node.HomePageMenuItemPanel - 当前选中的菜单项：myPlaylist
23:22:05.954 [JavaFX Application Thread] INFO  c.s.d.p.node.HomePageMenuItemPanel - ================================
23:26:32.158 [main] INFO  c.s.ddmusic.common.utils.HttpUtils - {filesize=55063, filemd5=favicon_logosc+%282%29_034bfc7fd610118ee1fad6095f44ba7e, fileLastModified=1753105901439, upbigfilename=favicon_logosc+%282%29_034bfc7fd610118ee1fad6095f44ba7e.zip}
23:26:32.547 [main] ERROR c.s.ddmusic.common.utils.HttpUtils - current file doCheckStatus has occurred IO-Exception: Received fatal alert: handshake_failure
23:26:32.549 [main] ERROR c.s.ddmusic.common.utils.HttpUtils - 待上传的文件不存在~
23:27:20.503 [main] INFO  c.s.ddmusic.common.utils.HttpUtils - {filesize=55063, filemd5=123_034bfc7fd610118ee1fad6095f44ba7e, fileLastModified=1753105901439, upbigfilename=123_034bfc7fd610118ee1fad6095f44ba7e.zip}
23:27:21.574 [main] ERROR c.s.ddmusic.common.utils.HttpUtils - current file doCheckStatus has occurred IO-Exception: Received fatal alert: handshake_failure
23:27:21.575 [main] ERROR c.s.ddmusic.common.utils.HttpUtils - 待上传的文件不存在~
23:27:56.191 [main] INFO  c.s.ddmusic.common.utils.HttpUtils - {filesize=55063, filemd5=123_034bfc7fd610118ee1fad6095f44ba7e, fileLastModified=1753105901439, upbigfilename=123_034bfc7fd610118ee1fad6095f44ba7e.zip}
23:27:59.126 [main] ERROR c.s.ddmusic.common.utils.HttpUtils - current file doCheckStatus has occurred IO-Exception: Received fatal alert: handshake_failure
23:27:59.133 [main] ERROR c.s.ddmusic.common.utils.HttpUtils - 待上传的文件不存在~
23:28:48.830 [main] INFO  c.s.ddmusic.common.utils.HttpUtils - {filesize=55063, filemd5=123_034bfc7fd610118ee1fad6095f44ba7e, fileLastModified=1753105901439, upbigfilename=123_034bfc7fd610118ee1fad6095f44ba7e.zip}
23:28:49.056 [main] ERROR c.s.ddmusic.common.utils.HttpUtils - current file doCheckStatus has occurred IO-Exception: Received fatal alert: handshake_failure
23:28:49.058 [main] ERROR c.s.ddmusic.common.utils.HttpUtils - 待上传的文件不存在~
23:29:21.933 [main] INFO  c.s.ddmusic.common.utils.HttpUtils - {filesize=55063, filemd5=123_034bfc7fd610118ee1fad6095f44ba7e, fileLastModified=1753105901439, upbigfilename=123_034bfc7fd610118ee1fad6095f44ba7e.zip}
23:29:44.646 [main] INFO  c.s.ddmusic.common.utils.HttpUtils - {filesize=55063, filemd5=123_034bfc7fd610118ee1fad6095f44ba7e, fileLastModified=1753105901439, upbigfilename=123_034bfc7fd610118ee1fad6095f44ba7e.zip}
23:29:44.868 [main] ERROR c.s.ddmusic.common.utils.HttpUtils - current file doCheckStatus has occurred IO-Exception: Received fatal alert: handshake_failure
23:29:44.869 [main] ERROR c.s.ddmusic.common.utils.HttpUtils - 待上传的文件不存在~
23:39:23.899 [main] WARN  c.s.ddmusic.common.utils.HttpUtils - 文件上传请求返回非200状态码: 409
