13:47:16.600 [JavaFX Application Thread] INFO  com.stickpoint.ddmusic.App - === 应用启动调试信息 ===
13:47:16.602 [JavaFX Application Thread] INFO  com.stickpoint.ddmusic.App - Java 版本: 21.0.8
13:47:16.604 [JavaFX Application Thread] INFO  com.stickpoint.ddmusic.App - JavaFX 版本: 21.0.7
13:47:16.604 [JavaFX Application Thread] INFO  com.stickpoint.ddmusic.App - 工作目录: E:\codeData\javaProject\javafx-ddmusic\ddmuisc2
13:47:16.604 [JavaFX Application Thread] INFO  com.stickpoint.ddmusic.App - 1. 开始创建 HomePage
13:47:23.639 [JavaFX Application Thread] INFO  c.s.ddmusic.common.utils.ConfigUtils - 配置文件读取成功: C:\Users\Administrator\ddmusic.dd
13:47:23.646 [JavaFX Application Thread] INFO  c.s.d.p.n.MusicPlayDetailContainer - 旋转角度: 60.0
13:47:23.764 [JavaFX Application Thread] INFO  com.stickpoint.ddmusic.App - 2. HomePage 创建成功
13:47:23.765 [JavaFX Application Thread] INFO  com.stickpoint.ddmusic.App - 3. 开始创建场景
13:47:23.875 [JavaFX Application Thread] INFO  com.stickpoint.ddmusic.App - 4. 场景创建成功
13:47:23.877 [JavaFX Application Thread] INFO  com.stickpoint.ddmusic.App - 5. 设置舞台属性
13:47:23.879 [JavaFX Application Thread] INFO  com.stickpoint.ddmusic.App - 6. 舞台属性设置完成
13:47:23.879 [JavaFX Application Thread] INFO  com.stickpoint.ddmusic.App - 7. 加载图标
13:47:23.880 [JavaFX Application Thread] INFO  com.stickpoint.ddmusic.App - 图标URL: file:/E:/codeData/javaProject/javafx-ddmusic/ddmuisc2/target/classes/img/logo.svg
13:47:23.882 [JavaFX Application Thread] INFO  com.stickpoint.ddmusic.App - 8. 图标加载成功
13:47:23.883 [JavaFX Application Thread] INFO  com.stickpoint.ddmusic.App - 9. 显示舞台
13:47:24.388 [JavaFX Application Thread] INFO  com.stickpoint.ddmusic.App - 10. 添加窗口缩放支持
13:47:24.390 [JavaFX Application Thread] INFO  com.stickpoint.ddmusic.App - 11. 居中显示
13:47:24.390 [JavaFX Application Thread] INFO  com.stickpoint.ddmusic.App - 12. 应用启动完成
13:56:58.628 [JavaFX Application Thread] INFO  com.stickpoint.ddmusic.App - === 应用启动调试信息 ===
13:56:58.631 [JavaFX Application Thread] INFO  com.stickpoint.ddmusic.App - Java 版本: 21.0.8
13:56:58.631 [JavaFX Application Thread] INFO  com.stickpoint.ddmusic.App - JavaFX 版本: 21.0.7
13:56:58.631 [JavaFX Application Thread] INFO  com.stickpoint.ddmusic.App - 工作目录: E:\codeData\javaProject\javafx-ddmusic\ddmuisc2
13:56:58.632 [JavaFX Application Thread] INFO  com.stickpoint.ddmusic.App - 1. 开始创建 HomePage
13:57:00.337 [JavaFX Application Thread] INFO  c.s.ddmusic.common.utils.ConfigUtils - 配置文件读取成功: C:\Users\Administrator\ddmusic.dd
13:57:00.347 [JavaFX Application Thread] INFO  c.s.d.p.n.MusicPlayDetailContainer - 旋转角度: 60.0
13:57:00.448 [JavaFX Application Thread] INFO  com.stickpoint.ddmusic.App - 2. HomePage 创建成功
13:57:00.448 [JavaFX Application Thread] INFO  com.stickpoint.ddmusic.App - 3. 开始创建场景
13:57:00.523 [JavaFX Application Thread] INFO  com.stickpoint.ddmusic.App - 4. 场景创建成功
13:57:00.524 [JavaFX Application Thread] INFO  com.stickpoint.ddmusic.App - 5. 设置舞台属性
13:57:00.525 [JavaFX Application Thread] INFO  com.stickpoint.ddmusic.App - 6. 舞台属性设置完成
13:57:00.526 [JavaFX Application Thread] INFO  com.stickpoint.ddmusic.App - 7. 加载图标
13:57:00.528 [JavaFX Application Thread] INFO  com.stickpoint.ddmusic.App - 图标URL: file:/E:/codeData/javaProject/javafx-ddmusic/ddmuisc2/target/classes/img/logo.svg
13:57:00.531 [JavaFX Application Thread] INFO  com.stickpoint.ddmusic.App - 8. 图标加载成功
13:57:00.532 [JavaFX Application Thread] INFO  com.stickpoint.ddmusic.App - 9. 显示舞台
13:57:01.031 [JavaFX Application Thread] INFO  com.stickpoint.ddmusic.App - 10. 添加窗口缩放支持
13:57:01.032 [JavaFX Application Thread] INFO  com.stickpoint.ddmusic.App - 11. 居中显示
13:57:01.033 [JavaFX Application Thread] INFO  com.stickpoint.ddmusic.App - 12. 应用启动完成
14:00:59.248 [JavaFX Application Thread] INFO  com.stickpoint.ddmusic.App - === 应用启动调试信息 ===
14:00:59.251 [JavaFX Application Thread] INFO  com.stickpoint.ddmusic.App - Java 版本: 21.0.8
14:00:59.251 [JavaFX Application Thread] INFO  com.stickpoint.ddmusic.App - JavaFX 版本: 21.0.7
14:00:59.251 [JavaFX Application Thread] INFO  com.stickpoint.ddmusic.App - 工作目录: E:\codeData\javaProject\javafx-ddmusic\ddmuisc2
14:00:59.252 [JavaFX Application Thread] INFO  com.stickpoint.ddmusic.App - 1. 开始创建 HomePage
14:01:09.961 [JavaFX Application Thread] INFO  c.s.ddmusic.common.utils.ConfigUtils - 配置文件读取成功: C:\Users\Administrator\ddmusic.dd
14:01:09.969 [JavaFX Application Thread] INFO  c.s.d.p.n.MusicPlayDetailContainer - 旋转角度: 60.0
14:01:10.078 [JavaFX Application Thread] INFO  com.stickpoint.ddmusic.App - 2. HomePage 创建成功
14:01:10.079 [JavaFX Application Thread] INFO  com.stickpoint.ddmusic.App - 3. 开始创建场景
14:01:10.137 [JavaFX Application Thread] INFO  com.stickpoint.ddmusic.App - 4. 场景创建成功
14:01:10.139 [JavaFX Application Thread] INFO  com.stickpoint.ddmusic.App - 5. 设置舞台属性
14:01:10.140 [JavaFX Application Thread] INFO  com.stickpoint.ddmusic.App - 6. 舞台属性设置完成
14:01:10.140 [JavaFX Application Thread] INFO  com.stickpoint.ddmusic.App - 7. 加载图标
14:01:10.141 [JavaFX Application Thread] INFO  com.stickpoint.ddmusic.App - 图标URL: file:/E:/codeData/javaProject/javafx-ddmusic/ddmuisc2/target/classes/img/logo.svg
14:01:10.145 [JavaFX Application Thread] INFO  com.stickpoint.ddmusic.App - 8. 图标加载成功
14:01:10.146 [JavaFX Application Thread] INFO  com.stickpoint.ddmusic.App - 9. 显示舞台
14:01:10.524 [JavaFX Application Thread] INFO  com.stickpoint.ddmusic.App - 10. 添加窗口缩放支持
14:01:10.525 [JavaFX Application Thread] INFO  com.stickpoint.ddmusic.App - 11. 居中显示
14:01:10.525 [JavaFX Application Thread] INFO  com.stickpoint.ddmusic.App - 12. 应用启动完成
14:01:20.549 [JavaFX Application Thread] INFO  c.s.d.p.node.HomePageMenuItemPanel - === ToggleGroup 监听器被触发 ===
14:01:20.550 [JavaFX Application Thread] INFO  c.s.d.p.node.HomePageMenuItemPanel - oldToggle: null
14:01:20.550 [JavaFX Application Thread] INFO  c.s.d.p.node.HomePageMenuItemPanel - newToggle: recommend
14:01:20.550 [JavaFX Application Thread] INFO  c.s.d.p.node.HomePageMenuItemPanel - 当前选中的菜单项：recommend
14:01:20.551 [JavaFX Application Thread] INFO  c.s.d.p.node.HomePageMenuItemPanel - ================================
14:01:21.293 [JavaFX Application Thread] INFO  c.s.d.p.node.HomePageMenuItemPanel - === ToggleGroup 监听器被触发 ===
14:01:21.294 [JavaFX Application Thread] INFO  c.s.d.p.node.HomePageMenuItemPanel - oldToggle: recommend
14:01:21.294 [JavaFX Application Thread] INFO  c.s.d.p.node.HomePageMenuItemPanel - newToggle: jingxuan
14:01:21.294 [JavaFX Application Thread] INFO  c.s.d.p.node.HomePageMenuItemPanel - 当前选中的菜单项：jingxuan
14:01:21.295 [JavaFX Application Thread] INFO  c.s.d.p.node.HomePageMenuItemPanel - 上一个被选中的菜单项：recommend
14:01:21.295 [JavaFX Application Thread] INFO  c.s.d.p.node.HomePageMenuItemPanel - ================================
14:04:12.834 [JavaFX Application Thread] INFO  com.stickpoint.ddmusic.App - === 应用启动调试信息 ===
14:04:12.838 [JavaFX Application Thread] INFO  com.stickpoint.ddmusic.App - Java 版本: 21.0.8
14:04:12.839 [JavaFX Application Thread] INFO  com.stickpoint.ddmusic.App - JavaFX 版本: 21.0.7
14:04:12.840 [JavaFX Application Thread] INFO  com.stickpoint.ddmusic.App - 工作目录: E:\codeData\javaProject\javafx-ddmusic\ddmuisc2
14:04:12.840 [JavaFX Application Thread] INFO  com.stickpoint.ddmusic.App - 1. 开始创建 HomePage
14:04:17.115 [JavaFX Application Thread] INFO  c.s.ddmusic.common.utils.ConfigUtils - 配置文件读取成功: C:\Users\Administrator\ddmusic.dd
14:04:17.121 [JavaFX Application Thread] INFO  c.s.d.p.n.MusicPlayDetailContainer - 旋转角度: 60.0
14:04:17.209 [JavaFX Application Thread] INFO  com.stickpoint.ddmusic.App - 2. HomePage 创建成功
14:04:17.209 [JavaFX Application Thread] INFO  com.stickpoint.ddmusic.App - 3. 开始创建场景
14:04:17.261 [JavaFX Application Thread] INFO  com.stickpoint.ddmusic.App - 4. 场景创建成功
14:04:17.262 [JavaFX Application Thread] INFO  com.stickpoint.ddmusic.App - 5. 设置舞台属性
14:04:17.263 [JavaFX Application Thread] INFO  com.stickpoint.ddmusic.App - 6. 舞台属性设置完成
14:04:17.263 [JavaFX Application Thread] INFO  com.stickpoint.ddmusic.App - 7. 加载图标
14:04:17.263 [JavaFX Application Thread] INFO  com.stickpoint.ddmusic.App - 图标URL: file:/E:/codeData/javaProject/javafx-ddmusic/ddmuisc2/target/classes/img/logo.svg
14:04:17.264 [JavaFX Application Thread] INFO  com.stickpoint.ddmusic.App - 8. 图标加载成功
14:04:17.266 [JavaFX Application Thread] INFO  com.stickpoint.ddmusic.App - 9. 显示舞台
14:04:17.692 [JavaFX Application Thread] INFO  com.stickpoint.ddmusic.App - 10. 添加窗口缩放支持
14:04:17.694 [JavaFX Application Thread] INFO  com.stickpoint.ddmusic.App - 11. 居中显示
14:04:17.695 [JavaFX Application Thread] INFO  com.stickpoint.ddmusic.App - 12. 应用启动完成
15:24:04.446 [JavaFX Application Thread] INFO  com.stickpoint.ddmusic.App - === 应用启动调试信息 ===
15:24:04.448 [JavaFX Application Thread] INFO  com.stickpoint.ddmusic.App - Java 版本: 21.0.8
15:24:04.449 [JavaFX Application Thread] INFO  com.stickpoint.ddmusic.App - JavaFX 版本: 21.0.7
15:24:04.449 [JavaFX Application Thread] INFO  com.stickpoint.ddmusic.App - 工作目录: E:\codeData\javaProject\javafx-ddmusic\ddmuisc2
15:24:04.449 [JavaFX Application Thread] INFO  com.stickpoint.ddmusic.App - 1. 开始创建 HomePage
15:24:05.595 [JavaFX Application Thread] INFO  c.s.ddmusic.common.utils.ConfigUtils - 配置文件读取成功: C:\Users\Administrator\ddmusic.dd
15:24:05.601 [JavaFX Application Thread] INFO  c.s.d.p.n.MusicPlayDetailContainer - 旋转角度: 60.0
15:24:05.669 [JavaFX Application Thread] INFO  com.stickpoint.ddmusic.App - 2. HomePage 创建成功
15:24:05.669 [JavaFX Application Thread] INFO  com.stickpoint.ddmusic.App - 3. 开始创建场景
15:24:05.747 [JavaFX Application Thread] INFO  com.stickpoint.ddmusic.App - 4. 场景创建成功
15:24:05.747 [JavaFX Application Thread] INFO  com.stickpoint.ddmusic.App - 5. 设置舞台属性
15:24:05.748 [JavaFX Application Thread] INFO  com.stickpoint.ddmusic.App - 6. 舞台属性设置完成
15:24:05.749 [JavaFX Application Thread] INFO  com.stickpoint.ddmusic.App - 7. 加载图标
15:24:05.749 [JavaFX Application Thread] INFO  com.stickpoint.ddmusic.App - 图标URL: file:/E:/codeData/javaProject/javafx-ddmusic/ddmuisc2/target/classes/img/logo.svg
15:24:05.761 [JavaFX Application Thread] INFO  com.stickpoint.ddmusic.App - 8. 图标加载成功
15:24:05.761 [JavaFX Application Thread] INFO  com.stickpoint.ddmusic.App - 9. 显示舞台
15:24:06.062 [JavaFX Application Thread] INFO  com.stickpoint.ddmusic.App - 10. 添加窗口缩放支持
15:24:06.063 [JavaFX Application Thread] INFO  com.stickpoint.ddmusic.App - 11. 居中显示
15:24:06.064 [JavaFX Application Thread] INFO  com.stickpoint.ddmusic.App - 12. 应用启动完成
15:24:08.669 [JavaFX Application Thread] INFO  c.s.d.p.node.HomePageMenuItemPanel - === ToggleGroup 监听器被触发 ===
15:24:08.670 [JavaFX Application Thread] INFO  c.s.d.p.node.HomePageMenuItemPanel - oldToggle: null
15:24:08.671 [JavaFX Application Thread] INFO  c.s.d.p.node.HomePageMenuItemPanel - newToggle: myMusic
15:24:08.671 [JavaFX Application Thread] INFO  c.s.d.p.node.HomePageMenuItemPanel - 当前选中的菜单项：myMusic
15:24:08.672 [JavaFX Application Thread] INFO  c.s.d.p.node.HomePageMenuItemPanel - ================================
15:24:31.239 [JavaFX Application Thread] INFO  c.s.d.p.n.MusicPlayDetailContainer - 加载专辑封面: https://qnm.hunliji.com/o_1j4afpm441o4vceo1eilush18pj9.jpeg
15:24:31.240 [JavaFX Application Thread] INFO  c.s.d.p.n.MusicPlayDetailContainer - 当前旋转角度: 暂停--95.0
15:24:31.272 [Thread-95] INFO  c.s.d.p.n.MusicPlayDetailContainer - 实际专辑封面URL: https://qnm.hunliji.com/o_1j4afpm441o4vceo1eilush18pj9.jpeg
15:24:31.320 [JavaFX Application Thread] INFO  c.s.d.p.n.MusicPlayDetailContainer - 图片加载进度: 10%
15:24:31.325 [JavaFX Application Thread] INFO  c.s.d.p.n.MusicPlayDetailContainer - 图片加载进度: 25%
15:24:31.326 [JavaFX Application Thread] INFO  c.s.d.p.n.MusicPlayDetailContainer - 图片加载进度: 35%
15:24:31.328 [JavaFX Application Thread] INFO  c.s.d.p.n.MusicPlayDetailContainer - 图片加载进度: 45%
15:24:31.329 [JavaFX Application Thread] INFO  c.s.d.p.n.MusicPlayDetailContainer - 图片加载进度: 55%
15:24:31.331 [JavaFX Application Thread] INFO  c.s.d.p.n.MusicPlayDetailContainer - 图片加载进度: 65%
15:24:31.333 [JavaFX Application Thread] INFO  c.s.d.p.n.MusicPlayDetailContainer - 图片加载进度: 75%
15:24:31.334 [JavaFX Application Thread] INFO  c.s.d.p.n.MusicPlayDetailContainer - 图片加载进度: 85%
15:24:31.335 [JavaFX Application Thread] INFO  c.s.d.p.n.MusicPlayDetailContainer - 图片加载进度: 95%
15:24:31.335 [JavaFX Application Thread] INFO  c.s.d.p.n.MusicPlayDetailContainer - 图片加载进度: 100%
15:24:31.336 [JavaFX Application Thread] INFO  c.s.d.p.n.MusicPlayDetailContainer - 图片加载完成，加入缓存
15:25:00.870 [Thread-117] INFO  c.s.d.p.node.SearchResultContainer - 开始搜索关键词: 二十分钟
15:25:00.872 [Thread-117] INFO  c.s.d.common.utils.TuneHubApiUtils - 聚合搜索歌曲: 关键词=二十分钟
15:25:01.750 [Thread-117] INFO  c.s.d.p.node.SearchResultContainer - 搜索结果JSON: {"code":200,"message":"success","data":{"keyword":"二十分钟","limit":10,"page":1,"platforms":["netease","qq","kuwo"],"platformStats":{"netease":{"success":true,"count":10,"duration":389,"error":null},"qq":{"success":true,"count":10,"duration":646,"error":null},"kuwo":{"success":true,"count":10,"duration":594,"error":null}},"total":30,"results":[{"id":"3334421479","name":"20分钟","artist":"DJosama、AudiBoi、evl66","album":"DJosama","platform":"netease","url":"https://music-dl.sayqz.com/api/?source=netease&id=3334421479&type=url","pic":"https://music-dl.sayqz.com/api/?source=netease&id=3334421479&type=pic","lrc":"https://music-dl.sayqz.com/api/?source=netease&id=3334421479&type=lrc"},{"id":"000UP2Pg1xhSAX","name":"20分钟","artist":"本兮","album":"溺爱","platform":"qq","url":"https://music-dl.sayqz.com/api/?source=qq&id=000UP2Pg1xhSAX&type=url","pic":"https://music-dl.sayqz.com/api/?source=qq&id=000UP2Pg1xhSAX&type=pic","lrc":"https://music-dl.sayqz.com/api/?source=qq&id=000UP2Pg1xhSAX&type=lrc"},{"id":"365219859","name":"二十分钟","artist":"韩雅乐","album":"","platform":"kuwo","url":"https://music-dl.sayqz.com/api/?source=kuwo&id=365219859&type=url","pic":"https://music-dl.sayqz.com/api/?source=kuwo&id=365219859&type=pic","lrc":"https://music-dl.sayqz.com/api/?source=kuwo&id=365219859&type=lrc"},{"id":"26598859","name":"20分钟","artist":"本兮","album":"溺爱","platform":"netease","url":"https://music-dl.sayqz.com/api/?source=netease&id=26598859&type=url","pic":"https://music-dl.sayqz.com/api/?source=netease&id=26598859&type=pic","lrc":"https://music-dl.sayqz.com/api/?source=netease&id=26598859&type=lrc"},{"id":"004NX1qu4FbSqv","name":"20 Min (Explicit)","artist":"Lil Uzi Vert","album":"Luv Is Rage 2 (Deluxe) [Explicit]","platform":"qq","url":"https://music-dl.sayqz.com/api/?source=qq&id=004NX1qu4FbSqv&type=url","pic":"https://music-dl.sayqz.com/api/?source=qq&id=004NX1qu4FbSqv&type=pic","lrc":"https://music-dl.sayqz.com/api/?source=qq&id=004NX1qu4FbSqv&type=lrc"},{"id":"401693916","name":"二十分钟","artist":"有声读物","album":"","platform":"kuwo","url":"https://music-dl.sayqz.com/api/?source=kuwo&id=401693916&type=url","pic":"https://music-dl.sayqz.com/api/?source=kuwo&id=401693916&type=pic","lrc":"https://music-dl.sayqz.com/api/?source=kuwo&id=401693916&type=lrc"},{"id":"2694615432","name":"二十分钟","artist":"M21","album":"的发表","platform":"netease","url":"https://music-dl.sayqz.com/api/?source=netease&id=2694615432&type=url","pic":"https://music-dl.sayqz.com/api/?source=netease&id=2694615432&type=pic","lrc":"https://music-dl.sayqz.com/api/?source=netease&id=2694615432&type=lrc"},{"id":"000Va1in2TvH4S","name":"512集 用了二十分钟的转身","artist":"于申威-袏佑","album":"麻衣神算子|袏佑|悬疑神作|阴阳风水|我给死人看命","platform":"qq","url":"https://music-dl.sayqz.com/api/?source=qq&id=000Va1in2TvH4S&type=url","pic":"https://music-dl.sayqz.com/api/?source=qq&id=000Va1in2TvH4S&type=pic","lrc":"https://music-dl.sayqz.com/api/?source=qq&id=000Va1in2TvH4S&type=lrc"},{"id":"500513167","name":"二十分钟","artist":"秦天志.","album":"二十分钟","platform":"kuwo","url":"https://music-dl.sayqz.com/api/?source=kuwo&id=500513167&type=url","pic":"https://music-dl.sayqz.com/api/?source=kuwo&id=500513167&type=pic","lrc":"https://music-dl.sayqz.com/api/?source=kuwo&id=500513167&type=lrc"},{"id":"1897978874","name":"20分钟","artist":"一夫","album":"10分钟","platform":"netease","url":"https://music-dl.sayqz.com/api/?source=netease&id=1897978874&type=url","pic":"https://music-dl.sayqz.com/api/?source=netease&id=1897978874&type=pic","lrc":"https://music-dl.sayqz.com/api/?source=netease&id=1897978874&type=lrc"},{"id":"002ig4Nf2kbW7g","name":"二十分钟","artist":"秦天志.","album":"二十分钟","platform":"qq","url":"https://music-dl.sayqz.com/api/?source=qq&id=002ig4Nf2kbW7g&type=url","pic":"https://music-dl.sayqz.com/api/?source=qq&id=002ig4Nf2kbW7g&type=pic","lrc":"https://music-dl.sayqz.com/api/?source=qq&id=002ig4Nf2kbW7g&type=lrc"},{"id":"366619133","name":"二十分钟","artist":"伟","album":"开端","platform":"kuwo","url":"https://music-dl.sayqz.com/api/?source=kuwo&id=366619133&type=url","pic":"https://music-dl.sayqz.com/api/?source=kuwo&id=366619133&type=pic","lrc":"https://music-dl.sayqz.com/api/?source=kuwo&id=366619133&type=lrc"},{"id":"499802989","name":"027-ARCHIVES(GROVE HOOD Talk Shit Freestyle)","artist":"忘词Thugkid、GROVE HOOD葛洛夫兄弟会","album":"027-ARCHIVES","platform":"netease","url":"https://music-dl.sayqz.com/api/?source=netease&id=499802989&type=url","pic":"https://music-dl.sayqz.com/api/?source=netease&id=499802989&type=pic","lrc":"https://music-dl.sayqz.com/api/?source=netease&id=499802989&type=lrc"},{"id":"0013XL570Nhnt2","name":"十分钟","artist":"张韶涵","album":"与世之争","platform":"qq","url":"https://music-dl.sayqz.com/api/?source=qq&id=0013XL570Nhnt2&type=url","pic":"https://music-dl.sayqz.com/api/?source=qq&id=0013XL570Nhnt2&type=pic","lrc":"https://music-dl.sayqz.com/api/?source=qq&id=0013XL570Nhnt2&type=lrc"},{"id":"236801166","name":"第八百八十七章：二十分钟","artist":"小酷说书","album":"英雄联盟之众神之王","platform":"kuwo","url":"https://music-dl.sayqz.com/api/?source=kuwo&id=236801166&type=url","pic":"https://music-dl.sayqz.com/api/?source=kuwo&id=236801166&type=pic","lrc":"https://music-dl.sayqz.com/api/?source=kuwo&id=236801166&type=lrc"},{"id":"1925501245","name":"二十分钟","artist":"猫和狗","album":"独归","platform":"netease","url":"https://music-dl.sayqz.com/api/?source=netease&id=1925501245&type=url","pic":"https://music-dl.sayqz.com/api/?source=netease&id=1925501245&type=pic","lrc":"https://music-dl.sayqz.com/api/?source=netease&id=1925501245&type=lrc"},{"id":"001fBjy11wgyra","name":"10 Minutes","artist":"李孝利","album":"Stylish","platform":"qq","url":"https://music-dl.sayqz.com/api/?source=qq&id=001fBjy11wgyra&type=url","pic":"https://music-dl.sayqz.com/api/?source=qq&id=001fBjy11wgyra&type=pic","lrc":"https://music-dl.sayqz.com/api/?source=qq&id=001fBjy11wgyra&type=lrc"},{"id":"3191424","name":"十分钟","artist":"이효리","album":"","platform":"kuwo","url":"https://music-dl.sayqz.com/api/?source=kuwo&id=3191424&type=url","pic":"https://music-dl.sayqz.com/api/?source=kuwo&id=3191424&type=pic","lrc":"https://music-dl.sayqz.com/api/?source=kuwo&id=3191424&type=lrc"},{"id":"31140336","name":"The Left Panel","artist":"Buckethead","album":"The Left Panel","platform":"netease","url":"https://music-dl.sayqz.com/api/?source=netease&id=31140336&type=url","pic":"https://music-dl.sayqz.com/api/?source=netease&id=31140336&type=pic","lrc":"https://music-dl.sayqz.com/api/?source=netease&id=31140336&type=lrc"},{"id":"001LY5Am0ofIno","name":"一公里的幸福","artist":"徐良","album":"情话","platform":"qq","url":"https://music-dl.sayqz.com/api/?source=qq&id=001LY5Am0ofIno&type=url","pic":"https://music-dl.sayqz.com/api/?source=qq&id=001LY5Am0ofIno&type=pic","lrc":"https://music-dl.sayqz.com/api/?source=qq&id=001LY5Am0ofIno&type=lrc"},{"id":"482532611","name":"堵桥的乌鲁鲁永远出不了大红 (Demo)","artist":"疾风","album":"堵桥永远出不了大红","platform":"kuwo","url":"https://music-dl.sayqz.com/api/?source=kuwo&id=482532611&type=url","pic":"https://music-dl.sayqz.com/api/?source=kuwo&id=482532611&type=pic","lrc":"https://music-dl.sayqz.com/api/?source=kuwo&id=482532611&type=lrc"},{"id":"2164441437","name":"二十分钟","artist":"阅读轻音乐","album":"勿因喜而轻诺","platform":"netease","url":"https://music-dl.sayqz.com/api/?source=netease&id=2164441437&type=url","pic":"https://music-dl.sayqz.com/api/?source=netease&id=2164441437&type=pic","lrc":"https://music-dl.sayqz.com/api/?source=netease&id=2164441437&type=lrc"},{"id":"0002eRkB21fnsD","name":"十分钟","artist":"EnjiA魏恩佳","album":"“EnjiA”","platform":"qq","url":"https://music-dl.sayqz.com/api/?source=qq&id=0002eRkB21fnsD&type=url","pic":"https://music-dl.sayqz.com/api/?source=qq&id=0002eRkB21fnsD&type=pic","lrc":"https://music-dl.sayqz.com/api/?source=qq&id=0002eRkB21fnsD&type=lrc"},{"id":"241737577","name":"Heartbeat","artist":"Shawn Mendes","album":"Heartbeat (From the “Lyle, Lyle, Crocodile” Original Motion Picture Soundtrack)","platform":"kuwo","url":"https://music-dl.sayqz.com/api/?source=kuwo&id=241737577&type=url","pic":"https://music-dl.sayqz.com/api/?source=kuwo&id=241737577&type=pic","lrc":"https://music-dl.sayqz.com/api/?source=kuwo&id=241737577&type=lrc"},{"id":"1454401100","name":"二十分钟","artist":"PRC、孙泽成_","album":"二十分钟","platform":"netease","url":"https://music-dl.sayqz.com/api/?source=netease&id=1454401100&type=url","pic":"https://music-dl.sayqz.com/api/?source=netease&id=1454401100&type=pic","lrc":"https://music-dl.sayqz.com/api/?source=netease&id=1454401100&type=lrc"},{"id":"000ZB5BZ2goaBZ","name":"十分钟 (配180节拍) (配180节拍)","artist":"盒子有话","album":"跑步音乐配步频180拍/分钟","platform":"qq","url":"https://music-dl.sayqz.com/api/?source=qq&id=000ZB5BZ2goaBZ&type=url","pic":"https://music-dl.sayqz.com/api/?source=qq&id=000ZB5BZ2goaBZ&type=pic","lrc":"https://music-dl.sayqz.com/api/?source=qq&id=000ZB5BZ2goaBZ&type=lrc"},{"id":"82332320","name":"来自未来的我：10三条预言","artist":"米小圈","album":"米小圈上学记：四年级","platform":"kuwo","url":"https://music-dl.sayqz.com/api/?source=kuwo&id=82332320&type=url","pic":"https://music-dl.sayqz.com/api/?source=kuwo&id=82332320&type=pic","lrc":"https://music-dl.sayqz.com/api/?source=kuwo&id=82332320&type=lrc"},{"id":"1896400593","name":"The Next Rap God 2","artist":"Dax","album":"The Next Rap God 2","platform":"netease","url":"https://music-dl.sayqz.com/api/?source=netease&id=1896400593&type=url","pic":"https://music-dl.sayqz.com/api/?source=netease&id=1896400593&type=pic","lrc":"https://music-dl.sayqz.com/api/?source=netease&id=1896400593&type=lrc"},{"id":"003k8Wqr2QTUlc","name":"10 Minutes","artist":"INNA","album":"Very Hot (Collector's Edition) (disc1)","platform":"qq","url":"https://music-dl.sayqz.com/api/?source=qq&id=003k8Wqr2QTUlc&type=url","pic":"https://music-dl.sayqz.com/api/?source=qq&id=003k8Wqr2QTUlc&type=pic","lrc":"https://music-dl.sayqz.com/api/?source=qq&id=003k8Wqr2QTUlc&type=lrc"},{"id":"143020649","name":"Freezing","artist":"Bren Joy","album":"Freezing","platform":"kuwo","url":"https://music-dl.sayqz.com/api/?source=kuwo&id=143020649&type=url","pic":"https://music-dl.sayqz.com/api/?source=kuwo&id=143020649&type=pic","lrc":"https://music-dl.sayqz.com/api/?source=kuwo&id=143020649&type=lrc"}]},"timestamp":"2026-01-24T15:25:01.920+08:00"}
15:25:01.761 [Thread-117] INFO  c.s.d.p.node.SearchResultContainer - 搜索结果数量: 30
15:25:08.647 [JavaFX Application Thread] INFO  c.s.d.p.node.HomePageMenuItemPanel - === ToggleGroup 监听器被触发 ===
15:25:08.648 [JavaFX Application Thread] INFO  c.s.d.p.node.HomePageMenuItemPanel - oldToggle: myMusic
15:25:08.648 [JavaFX Application Thread] INFO  c.s.d.p.node.HomePageMenuItemPanel - newToggle: roam
15:25:08.649 [JavaFX Application Thread] INFO  c.s.d.p.node.HomePageMenuItemPanel - 当前选中的菜单项：roam
15:25:08.649 [JavaFX Application Thread] INFO  c.s.d.p.node.HomePageMenuItemPanel - 上一个被选中的菜单项：myMusic
15:25:08.650 [JavaFX Application Thread] INFO  c.s.d.p.node.HomePageMenuItemPanel - ================================
15:25:08.966 [JavaFX Application Thread] INFO  c.s.d.p.node.HomePageMenuItemPanel - === ToggleGroup 监听器被触发 ===
15:25:08.966 [JavaFX Application Thread] INFO  c.s.d.p.node.HomePageMenuItemPanel - oldToggle: roam
15:25:08.967 [JavaFX Application Thread] INFO  c.s.d.p.node.HomePageMenuItemPanel - newToggle: myMusic
15:25:08.967 [JavaFX Application Thread] INFO  c.s.d.p.node.HomePageMenuItemPanel - 当前选中的菜单项：myMusic
15:25:08.967 [JavaFX Application Thread] INFO  c.s.d.p.node.HomePageMenuItemPanel - 上一个被选中的菜单项：roam
15:25:08.968 [JavaFX Application Thread] INFO  c.s.d.p.node.HomePageMenuItemPanel - ================================
15:25:20.087 [JavaFX Application Thread] INFO  c.s.d.p.node.HomePageMenuItemPanel - === ToggleGroup 监听器被触发 ===
15:25:20.087 [JavaFX Application Thread] INFO  c.s.d.p.node.HomePageMenuItemPanel - oldToggle: myMusic
15:25:20.087 [JavaFX Application Thread] INFO  c.s.d.p.node.HomePageMenuItemPanel - newToggle: recommend
15:25:20.087 [JavaFX Application Thread] INFO  c.s.d.p.node.HomePageMenuItemPanel - 当前选中的菜单项：recommend
15:25:20.088 [JavaFX Application Thread] INFO  c.s.d.p.node.HomePageMenuItemPanel - 上一个被选中的菜单项：myMusic
15:25:20.089 [JavaFX Application Thread] INFO  c.s.d.p.node.HomePageMenuItemPanel - ================================
15:25:25.518 [Thread-131] INFO  c.s.d.p.node.SearchResultContainer - 开始搜索关键词: 二十分钟
15:25:25.518 [Thread-131] INFO  c.s.d.common.utils.TuneHubApiUtils - 聚合搜索歌曲: 关键词=二十分钟
15:25:26.133 [Thread-131] INFO  c.s.d.p.node.SearchResultContainer - 搜索结果JSON: {"code":200,"message":"success","data":{"keyword":"二十分钟","limit":10,"page":1,"platforms":["netease","qq","kuwo"],"platformStats":{"netease":{"success":true,"count":10,"duration":389,"error":null},"qq":{"success":true,"count":10,"duration":297,"error":null},"kuwo":{"success":true,"count":10,"duration":46,"error":null}},"total":30,"results":[{"id":"3334421479","name":"20分钟","artist":"DJosama、AudiBoi、evl66","album":"DJosama","platform":"netease","url":"https://music-dl.sayqz.com/api/?source=netease&id=3334421479&type=url","pic":"https://music-dl.sayqz.com/api/?source=netease&id=3334421479&type=pic","lrc":"https://music-dl.sayqz.com/api/?source=netease&id=3334421479&type=lrc"},{"id":"000UP2Pg1xhSAX","name":"20分钟","artist":"本兮","album":"溺爱","platform":"qq","url":"https://music-dl.sayqz.com/api/?source=qq&id=000UP2Pg1xhSAX&type=url","pic":"https://music-dl.sayqz.com/api/?source=qq&id=000UP2Pg1xhSAX&type=pic","lrc":"https://music-dl.sayqz.com/api/?source=qq&id=000UP2Pg1xhSAX&type=lrc"},{"id":"365219859","name":"二十分钟","artist":"韩雅乐","album":"","platform":"kuwo","url":"https://music-dl.sayqz.com/api/?source=kuwo&id=365219859&type=url","pic":"https://music-dl.sayqz.com/api/?source=kuwo&id=365219859&type=pic","lrc":"https://music-dl.sayqz.com/api/?source=kuwo&id=365219859&type=lrc"},{"id":"26598859","name":"20分钟","artist":"本兮","album":"溺爱","platform":"netease","url":"https://music-dl.sayqz.com/api/?source=netease&id=26598859&type=url","pic":"https://music-dl.sayqz.com/api/?source=netease&id=26598859&type=pic","lrc":"https://music-dl.sayqz.com/api/?source=netease&id=26598859&type=lrc"},{"id":"004NX1qu4FbSqv","name":"20 Min (Explicit)","artist":"Lil Uzi Vert","album":"Luv Is Rage 2 (Deluxe) [Explicit]","platform":"qq","url":"https://music-dl.sayqz.com/api/?source=qq&id=004NX1qu4FbSqv&type=url","pic":"https://music-dl.sayqz.com/api/?source=qq&id=004NX1qu4FbSqv&type=pic","lrc":"https://music-dl.sayqz.com/api/?source=qq&id=004NX1qu4FbSqv&type=lrc"},{"id":"401693916","name":"二十分钟","artist":"有声读物","album":"","platform":"kuwo","url":"https://music-dl.sayqz.com/api/?source=kuwo&id=401693916&type=url","pic":"https://music-dl.sayqz.com/api/?source=kuwo&id=401693916&type=pic","lrc":"https://music-dl.sayqz.com/api/?source=kuwo&id=401693916&type=lrc"},{"id":"2694615432","name":"二十分钟","artist":"M21","album":"的发表","platform":"netease","url":"https://music-dl.sayqz.com/api/?source=netease&id=2694615432&type=url","pic":"https://music-dl.sayqz.com/api/?source=netease&id=2694615432&type=pic","lrc":"https://music-dl.sayqz.com/api/?source=netease&id=2694615432&type=lrc"},{"id":"000Va1in2TvH4S","name":"512集 用了二十分钟的转身","artist":"于申威-袏佑","album":"麻衣神算子|袏佑|悬疑神作|阴阳风水|我给死人看命","platform":"qq","url":"https://music-dl.sayqz.com/api/?source=qq&id=000Va1in2TvH4S&type=url","pic":"https://music-dl.sayqz.com/api/?source=qq&id=000Va1in2TvH4S&type=pic","lrc":"https://music-dl.sayqz.com/api/?source=qq&id=000Va1in2TvH4S&type=lrc"},{"id":"500513167","name":"二十分钟","artist":"秦天志.","album":"二十分钟","platform":"kuwo","url":"https://music-dl.sayqz.com/api/?source=kuwo&id=500513167&type=url","pic":"https://music-dl.sayqz.com/api/?source=kuwo&id=500513167&type=pic","lrc":"https://music-dl.sayqz.com/api/?source=kuwo&id=500513167&type=lrc"},{"id":"1897978874","name":"20分钟","artist":"一夫","album":"10分钟","platform":"netease","url":"https://music-dl.sayqz.com/api/?source=netease&id=1897978874&type=url","pic":"https://music-dl.sayqz.com/api/?source=netease&id=1897978874&type=pic","lrc":"https://music-dl.sayqz.com/api/?source=netease&id=1897978874&type=lrc"},{"id":"002ig4Nf2kbW7g","name":"二十分钟","artist":"秦天志.","album":"二十分钟","platform":"qq","url":"https://music-dl.sayqz.com/api/?source=qq&id=002ig4Nf2kbW7g&type=url","pic":"https://music-dl.sayqz.com/api/?source=qq&id=002ig4Nf2kbW7g&type=pic","lrc":"https://music-dl.sayqz.com/api/?source=qq&id=002ig4Nf2kbW7g&type=lrc"},{"id":"366619133","name":"二十分钟","artist":"伟","album":"开端","platform":"kuwo","url":"https://music-dl.sayqz.com/api/?source=kuwo&id=366619133&type=url","pic":"https://music-dl.sayqz.com/api/?source=kuwo&id=366619133&type=pic","lrc":"https://music-dl.sayqz.com/api/?source=kuwo&id=366619133&type=lrc"},{"id":"499802989","name":"027-ARCHIVES(GROVE HOOD Talk Shit Freestyle)","artist":"忘词Thugkid、GROVE HOOD葛洛夫兄弟会","album":"027-ARCHIVES","platform":"netease","url":"https://music-dl.sayqz.com/api/?source=netease&id=499802989&type=url","pic":"https://music-dl.sayqz.com/api/?source=netease&id=499802989&type=pic","lrc":"https://music-dl.sayqz.com/api/?source=netease&id=499802989&type=lrc"},{"id":"0013XL570Nhnt2","name":"十分钟","artist":"张韶涵","album":"与世之争","platform":"qq","url":"https://music-dl.sayqz.com/api/?source=qq&id=0013XL570Nhnt2&type=url","pic":"https://music-dl.sayqz.com/api/?source=qq&id=0013XL570Nhnt2&type=pic","lrc":"https://music-dl.sayqz.com/api/?source=qq&id=0013XL570Nhnt2&type=lrc"},{"id":"236801166","name":"第八百八十七章：二十分钟","artist":"小酷说书","album":"英雄联盟之众神之王","platform":"kuwo","url":"https://music-dl.sayqz.com/api/?source=kuwo&id=236801166&type=url","pic":"https://music-dl.sayqz.com/api/?source=kuwo&id=236801166&type=pic","lrc":"https://music-dl.sayqz.com/api/?source=kuwo&id=236801166&type=lrc"},{"id":"1925501245","name":"二十分钟","artist":"猫和狗","album":"独归","platform":"netease","url":"https://music-dl.sayqz.com/api/?source=netease&id=1925501245&type=url","pic":"https://music-dl.sayqz.com/api/?source=netease&id=1925501245&type=pic","lrc":"https://music-dl.sayqz.com/api/?source=netease&id=1925501245&type=lrc"},{"id":"001fBjy11wgyra","name":"10 Minutes","artist":"李孝利","album":"Stylish","platform":"qq","url":"https://music-dl.sayqz.com/api/?source=qq&id=001fBjy11wgyra&type=url","pic":"https://music-dl.sayqz.com/api/?source=qq&id=001fBjy11wgyra&type=pic","lrc":"https://music-dl.sayqz.com/api/?source=qq&id=001fBjy11wgyra&type=lrc"},{"id":"3191424","name":"十分钟","artist":"이효리","album":"","platform":"kuwo","url":"https://music-dl.sayqz.com/api/?source=kuwo&id=3191424&type=url","pic":"https://music-dl.sayqz.com/api/?source=kuwo&id=3191424&type=pic","lrc":"https://music-dl.sayqz.com/api/?source=kuwo&id=3191424&type=lrc"},{"id":"31140336","name":"The Left Panel","artist":"Buckethead","album":"The Left Panel","platform":"netease","url":"https://music-dl.sayqz.com/api/?source=netease&id=31140336&type=url","pic":"https://music-dl.sayqz.com/api/?source=netease&id=31140336&type=pic","lrc":"https://music-dl.sayqz.com/api/?source=netease&id=31140336&type=lrc"},{"id":"001LY5Am0ofIno","name":"一公里的幸福","artist":"徐良","album":"情话","platform":"qq","url":"https://music-dl.sayqz.com/api/?source=qq&id=001LY5Am0ofIno&type=url","pic":"https://music-dl.sayqz.com/api/?source=qq&id=001LY5Am0ofIno&type=pic","lrc":"https://music-dl.sayqz.com/api/?source=qq&id=001LY5Am0ofIno&type=lrc"},{"id":"482532611","name":"堵桥的乌鲁鲁永远出不了大红 (Demo)","artist":"疾风","album":"堵桥永远出不了大红","platform":"kuwo","url":"https://music-dl.sayqz.com/api/?source=kuwo&id=482532611&type=url","pic":"https://music-dl.sayqz.com/api/?source=kuwo&id=482532611&type=pic","lrc":"https://music-dl.sayqz.com/api/?source=kuwo&id=482532611&type=lrc"},{"id":"2164441437","name":"二十分钟","artist":"阅读轻音乐","album":"勿因喜而轻诺","platform":"netease","url":"https://music-dl.sayqz.com/api/?source=netease&id=2164441437&type=url","pic":"https://music-dl.sayqz.com/api/?source=netease&id=2164441437&type=pic","lrc":"https://music-dl.sayqz.com/api/?source=netease&id=2164441437&type=lrc"},{"id":"0002eRkB21fnsD","name":"十分钟","artist":"EnjiA魏恩佳","album":"“EnjiA”","platform":"qq","url":"https://music-dl.sayqz.com/api/?source=qq&id=0002eRkB21fnsD&type=url","pic":"https://music-dl.sayqz.com/api/?source=qq&id=0002eRkB21fnsD&type=pic","lrc":"https://music-dl.sayqz.com/api/?source=qq&id=0002eRkB21fnsD&type=lrc"},{"id":"241737577","name":"Heartbeat","artist":"Shawn Mendes","album":"Heartbeat (From the “Lyle, Lyle, Crocodile” Original Motion Picture Soundtrack)","platform":"kuwo","url":"https://music-dl.sayqz.com/api/?source=kuwo&id=241737577&type=url","pic":"https://music-dl.sayqz.com/api/?source=kuwo&id=241737577&type=pic","lrc":"https://music-dl.sayqz.com/api/?source=kuwo&id=241737577&type=lrc"},{"id":"1454401100","name":"二十分钟","artist":"PRC、孙泽成_","album":"二十分钟","platform":"netease","url":"https://music-dl.sayqz.com/api/?source=netease&id=1454401100&type=url","pic":"https://music-dl.sayqz.com/api/?source=netease&id=1454401100&type=pic","lrc":"https://music-dl.sayqz.com/api/?source=netease&id=1454401100&type=lrc"},{"id":"000ZB5BZ2goaBZ","name":"十分钟 (配180节拍) (配180节拍)","artist":"盒子有话","album":"跑步音乐配步频180拍/分钟","platform":"qq","url":"https://music-dl.sayqz.com/api/?source=qq&id=000ZB5BZ2goaBZ&type=url","pic":"https://music-dl.sayqz.com/api/?source=qq&id=000ZB5BZ2goaBZ&type=pic","lrc":"https://music-dl.sayqz.com/api/?source=qq&id=000ZB5BZ2goaBZ&type=lrc"},{"id":"82332320","name":"来自未来的我：10三条预言","artist":"米小圈","album":"米小圈上学记：四年级","platform":"kuwo","url":"https://music-dl.sayqz.com/api/?source=kuwo&id=82332320&type=url","pic":"https://music-dl.sayqz.com/api/?source=kuwo&id=82332320&type=pic","lrc":"https://music-dl.sayqz.com/api/?source=kuwo&id=82332320&type=lrc"},{"id":"1896400593","name":"The Next Rap God 2","artist":"Dax","album":"The Next Rap God 2","platform":"netease","url":"https://music-dl.sayqz.com/api/?source=netease&id=1896400593&type=url","pic":"https://music-dl.sayqz.com/api/?source=netease&id=1896400593&type=pic","lrc":"https://music-dl.sayqz.com/api/?source=netease&id=1896400593&type=lrc"},{"id":"003k8Wqr2QTUlc","name":"10 Minutes","artist":"INNA","album":"Very Hot (Collector's Edition) (disc1)","platform":"qq","url":"https://music-dl.sayqz.com/api/?source=qq&id=003k8Wqr2QTUlc&type=url","pic":"https://music-dl.sayqz.com/api/?source=qq&id=003k8Wqr2QTUlc&type=pic","lrc":"https://music-dl.sayqz.com/api/?source=qq&id=003k8Wqr2QTUlc&type=lrc"},{"id":"143020649","name":"Freezing","artist":"Bren Joy","album":"Freezing","platform":"kuwo","url":"https://music-dl.sayqz.com/api/?source=kuwo&id=143020649&type=url","pic":"https://music-dl.sayqz.com/api/?source=kuwo&id=143020649&type=pic","lrc":"https://music-dl.sayqz.com/api/?source=kuwo&id=143020649&type=lrc"}]},"timestamp":"2026-01-24T15:25:26.298+08:00"}
15:25:26.139 [Thread-131] INFO  c.s.d.p.node.SearchResultContainer - 搜索结果数量: 30
15:25:30.269 [JavaFX Application Thread] INFO  c.s.d.p.node.SearchResultContainer - 播放歌曲: 本兮 - 20分钟
15:25:31.824 [JavaFX Application Thread] INFO  c.s.d.p.n.MusicPlayDetailContainer - 加载专辑封面: https://music-dl.sayqz.com/api/?source=qq&id=000UP2Pg1xhSAX&type=pic
15:25:31.825 [JavaFX Application Thread] INFO  c.s.d.p.n.MusicPlayDetailContainer - 暂停旋转
15:25:31.826 [JavaFX Application Thread] INFO  c.s.d.p.n.MusicPlayDetailContainer - 当前播放状态: STOPPED
15:25:31.832 [JavaFX Application Thread] INFO  c.s.d.p.n.MusicPlayDetailContainer - 当前旋转角度: 播放--95.0
15:25:32.167 [JavaFX Application Thread] INFO  c.s.d.p.n.MusicPlayDetailContainer - 当前旋转角度: 暂停--95.0
15:25:32.317 [Thread-152] INFO  c.s.d.p.n.MusicPlayDetailContainer - 实际专辑封面URL: https://y.gtimg.cn/music/photo_new/T002R500x500M000002rcSAA3c5EFA.jpg
15:25:32.363 [JavaFX Application Thread] INFO  c.s.d.p.n.MusicPlayDetailContainer - 图片加载进度: 11%
15:25:32.364 [JavaFX Application Thread] INFO  c.s.d.p.n.MusicPlayDetailContainer - 图片加载进度: 22%
15:25:32.399 [JavaFX Application Thread] INFO  c.s.d.p.n.MusicPlayDetailContainer - 图片加载进度: 33%
15:25:32.433 [JavaFX Application Thread] INFO  c.s.d.p.n.MusicPlayDetailContainer - 图片加载进度: 44%
15:25:32.434 [JavaFX Application Thread] INFO  c.s.d.p.n.MusicPlayDetailContainer - 图片加载进度: 55%
15:25:32.435 [JavaFX Application Thread] INFO  c.s.d.p.n.MusicPlayDetailContainer - 图片加载进度: 66%
15:25:32.450 [JavaFX Application Thread] INFO  c.s.d.p.n.MusicPlayDetailContainer - 图片加载进度: 77%
15:25:32.615 [JavaFX Application Thread] INFO  c.s.d.p.n.MusicPlayDetailContainer - 图片加载进度: 88%
15:25:32.616 [JavaFX Application Thread] INFO  c.s.d.p.n.MusicPlayDetailContainer - 图片加载进度: 99%
15:25:32.616 [JavaFX Application Thread] INFO  c.s.d.p.n.MusicPlayDetailContainer - 图片加载进度: 100%
15:25:32.616 [JavaFX Application Thread] INFO  c.s.d.p.n.MusicPlayDetailContainer - 图片加载完成，加入缓存
15:28:56.029 [JavaFX Application Thread] INFO  c.s.d.p.n.MusicPlayDetailContainer - 加载专辑封面: https://qnm.hunliji.com/o_1j4004gdbik71aj219fb1ahrqk4j.jpg
15:28:56.095 [Thread-2163] INFO  c.s.d.p.n.MusicPlayDetailContainer - 实际专辑封面URL: https://qnm.hunliji.com/o_1j4004gdbik71aj219fb1ahrqk4j.jpg
15:28:56.295 [JavaFX Application Thread] INFO  c.s.d.p.n.MusicPlayDetailContainer - 图片加载进度: 11%
15:28:56.305 [JavaFX Application Thread] INFO  c.s.d.p.n.MusicPlayDetailContainer - 图片加载进度: 22%
15:28:56.314 [JavaFX Application Thread] INFO  c.s.d.p.n.MusicPlayDetailContainer - 图片加载进度: 33%
15:28:56.325 [JavaFX Application Thread] INFO  c.s.d.p.n.MusicPlayDetailContainer - 图片加载进度: 43%
15:28:56.337 [JavaFX Application Thread] INFO  c.s.d.p.n.MusicPlayDetailContainer - 图片加载进度: 54%
15:28:56.342 [JavaFX Application Thread] INFO  c.s.d.p.n.MusicPlayDetailContainer - 图片加载进度: 65%
15:28:56.359 [JavaFX Application Thread] INFO  c.s.d.p.n.MusicPlayDetailContainer - 图片加载进度: 76%
15:28:56.362 [JavaFX Application Thread] INFO  c.s.d.p.n.MusicPlayDetailContainer - 图片加载进度: 86%
15:28:56.369 [JavaFX Application Thread] INFO  c.s.d.p.n.MusicPlayDetailContainer - 图片加载进度: 97%
15:28:56.373 [JavaFX Application Thread] INFO  c.s.d.p.n.MusicPlayDetailContainer - 图片加载进度: 100%
15:28:56.374 [JavaFX Application Thread] INFO  c.s.d.p.n.MusicPlayDetailContainer - 图片加载完成，加入缓存
15:28:57.244 [JavaFX Application Thread] INFO  c.s.d.p.n.MusicPlayDetailContainer - 暂停旋转
15:28:57.245 [JavaFX Application Thread] INFO  c.s.d.p.n.MusicPlayDetailContainer - 当前播放状态: PAUSED
15:28:57.249 [JavaFX Application Thread] INFO  c.s.d.p.n.MusicPlayDetailContainer - 当前旋转角度: 播放--95.0
15:29:05.881 [Thread-4076] INFO  c.s.d.p.node.SearchResultContainer - 开始搜索关键词: 那不是雪中红
15:29:05.881 [Thread-4076] INFO  c.s.d.common.utils.TuneHubApiUtils - 聚合搜索歌曲: 关键词=那不是雪中红
15:29:06.530 [Thread-4076] INFO  c.s.d.p.node.SearchResultContainer - 搜索结果JSON: {"code":200,"message":"success","data":{"keyword":"那不是雪中红","limit":10,"page":1,"platforms":["netease","qq","kuwo"],"platformStats":{"netease":{"success":true,"count":6,"duration":387,"error":null},"qq":{"success":true,"count":10,"duration":470,"error":null},"kuwo":{"success":true,"count":10,"duration":230,"error":null}},"total":26,"results":[{"id":"362217","name":"那不是雪中红","artist":"JPM","album":"月球漫步","platform":"netease","url":"https://music-dl.sayqz.com/api/?source=netease&id=362217&type=url","pic":"https://music-dl.sayqz.com/api/?source=netease&id=362217&type=pic","lrc":"https://music-dl.sayqz.com/api/?source=netease&id=362217&type=lrc"},{"id":"002UBCQy117o0B","name":"那不是雪中红","artist":"JPM","album":"月球漫步","platform":"qq","url":"https://music-dl.sayqz.com/api/?source=qq&id=002UBCQy117o0B&type=url","pic":"https://music-dl.sayqz.com/api/?source=qq&id=002UBCQy117o0B&type=pic","lrc":"https://music-dl.sayqz.com/api/?source=qq&id=002UBCQy117o0B&type=lrc"},{"id":"1096383","name":"那不是雪中红","artist":"JPM","album":"月球漫步","platform":"kuwo","url":"https://music-dl.sayqz.com/api/?source=kuwo&id=1096383&type=url","pic":"https://music-dl.sayqz.com/api/?source=kuwo&id=1096383&type=pic","lrc":"https://music-dl.sayqz.com/api/?source=kuwo&id=1096383&type=lrc"},{"id":"1997273815","name":"那不是雪中红","artist":"billy911","album":"Snow Red","platform":"netease","url":"https://music-dl.sayqz.com/api/?source=netease&id=1997273815&type=url","pic":"https://music-dl.sayqz.com/api/?source=netease&id=1997273815&type=pic","lrc":"https://music-dl.sayqz.com/api/?source=netease&id=1997273815&type=lrc"},{"id":"001srso223HHKW","name":"那不是雪中红","artist":"billy911","album":"Snow Red","platform":"qq","url":"https://music-dl.sayqz.com/api/?source=qq&id=001srso223HHKW&type=url","pic":"https://music-dl.sayqz.com/api/?source=qq&id=001srso223HHKW&type=pic","lrc":"https://music-dl.sayqz.com/api/?source=qq&id=001srso223HHKW&type=lrc"},{"id":"473136060","name":"那不是雪中红 (cover: JPM) (其他)","artist":"满君","album":"满不在乎","platform":"kuwo","url":"https://music-dl.sayqz.com/api/?source=kuwo&id=473136060&type=url","pic":"https://music-dl.sayqz.com/api/?source=kuwo&id=473136060&type=pic","lrc":"https://music-dl.sayqz.com/api/?source=kuwo&id=473136060&type=lrc"},{"id":"2164276553","name":"那不是雪中红 (电台版)","artist":"JPM","album":"","platform":"netease","url":"https://music-dl.sayqz.com/api/?source=netease&id=2164276553&type=url","pic":"https://music-dl.sayqz.com/api/?source=netease&id=2164276553&type=pic","lrc":"https://music-dl.sayqz.com/api/?source=netease&id=2164276553&type=lrc"},{"id":"001lJ8nj0tvDuo","name":"那不是雪中红","artist":"刘恩昊","album":"是否能对你说出好久不见","platform":"qq","url":"https://music-dl.sayqz.com/api/?source=qq&id=001lJ8nj0tvDuo&type=url","pic":"https://music-dl.sayqz.com/api/?source=qq&id=001lJ8nj0tvDuo&type=pic","lrc":"https://music-dl.sayqz.com/api/?source=qq&id=001lJ8nj0tvDuo&type=lrc"},{"id":"360422954","name":"那不是雪中红 (cover: JPM)","artist":"Eirene","album":"between u & us","platform":"kuwo","url":"https://music-dl.sayqz.com/api/?source=kuwo&id=360422954&type=url","pic":"https://music-dl.sayqz.com/api/?source=kuwo&id=360422954&type=pic","lrc":"https://music-dl.sayqz.com/api/?source=kuwo&id=360422954&type=lrc"},{"id":"2161332565","name":"那不是雪中红","artist":"黑梨_","album":"","platform":"netease","url":"https://music-dl.sayqz.com/api/?source=netease&id=2161332565&type=url","pic":"https://music-dl.sayqz.com/api/?source=netease&id=2161332565&type=pic","lrc":"https://music-dl.sayqz.com/api/?source=netease&id=2161332565&type=lrc"},{"id":"003pwopQ0Czo33","name":"那不是雪中红","artist":"华语群星","album":"","platform":"qq","url":"https://music-dl.sayqz.com/api/?source=qq&id=003pwopQ0Czo33&type=url","pic":"https://music-dl.sayqz.com/api/?source=qq&id=003pwopQ0Czo33&type=pic","lrc":"https://music-dl.sayqz.com/api/?source=qq&id=003pwopQ0Czo33&type=lrc"},{"id":"323006719","name":"那不是雪中红","artist":"模仿翻唱","album":"","platform":"kuwo","url":"https://music-dl.sayqz.com/api/?source=kuwo&id=323006719&type=url","pic":"https://music-dl.sayqz.com/api/?source=kuwo&id=323006719&type=pic","lrc":"https://music-dl.sayqz.com/api/?source=kuwo&id=323006719&type=lrc"},{"id":"2160198038","name":"那不是雪中红 官方舞蹈设计","artist":"JPM","album":"","platform":"netease","url":"https://music-dl.sayqz.com/api/?source=netease&id=2160198038&type=url","pic":"https://music-dl.sayqz.com/api/?source=netease&id=2160198038&type=pic","lrc":"https://music-dl.sayqz.com/api/?source=netease&id=2160198038&type=lrc"},{"id":"0026vXwx1R74wq","name":"那不是雪中红 (Remix)","artist":"DJ Mr.Zi","album":"比你贱","platform":"qq","url":"https://music-dl.sayqz.com/api/?source=qq&id=0026vXwx1R74wq&type=url","pic":"https://music-dl.sayqz.com/api/?source=qq&id=0026vXwx1R74wq&type=pic","lrc":"https://music-dl.sayqz.com/api/?source=qq&id=0026vXwx1R74wq&type=lrc"},{"id":"192067176","name":"那不是雪中红 (cover: JPM)","artist":"SoulShow刘恩昊","album":"是否能对你说出好久不见","platform":"kuwo","url":"https://music-dl.sayqz.com/api/?source=kuwo&id=192067176&type=url","pic":"https://music-dl.sayqz.com/api/?source=kuwo&id=192067176&type=pic","lrc":"https://music-dl.sayqz.com/api/?source=kuwo&id=192067176&type=lrc"},{"id":"2161091690","name":"月球漫步 & 那不是雪中红 Hito流行音乐颁奖典礼现场版 12/05/06","artist":"JPM","album":"","platform":"netease","url":"https://music-dl.sayqz.com/api/?source=netease&id=2161091690&type=url","pic":"https://music-dl.sayqz.com/api/?source=netease&id=2161091690&type=pic","lrc":"https://music-dl.sayqz.com/api/?source=netease&id=2161091690&type=lrc"},{"id":"003mwBFv1CGZZ8","name":"那不是雪中红","artist":"Eirene","album":"between u & us","platform":"qq","url":"https://music-dl.sayqz.com/api/?source=qq&id=003mwBFv1CGZZ8&type=url","pic":"https://music-dl.sayqz.com/api/?source=qq&id=003mwBFv1CGZZ8&type=pic","lrc":"https://music-dl.sayqz.com/api/?source=qq&id=003mwBFv1CGZZ8&type=lrc"},{"id":"280880978","name":"那不是雪中红 (cover: JPM)","artist":"billy911","album":"Snow Red","platform":"kuwo","url":"https://music-dl.sayqz.com/api/?source=kuwo&id=280880978&type=url","pic":"https://music-dl.sayqz.com/api/?source=kuwo&id=280880978&type=pic","lrc":"https://music-dl.sayqz.com/api/?source=kuwo&id=280880978&type=lrc"},{"id":"002Ntp3K17LAEo","name":"那不是雪中红","artist":"D小禹","album":"","platform":"qq","url":"https://music-dl.sayqz.com/api/?source=qq&id=002Ntp3K17LAEo&type=url","pic":"https://music-dl.sayqz.com/api/?source=qq&id=002Ntp3K17LAEo&type=pic","lrc":"https://music-dl.sayqz.com/api/?source=qq&id=002Ntp3K17LAEo&type=lrc"},{"id":"152766117","name":"那不是雪中红 (KTV版伴奏)","artist":"JPM","album":"","platform":"kuwo","url":"https://music-dl.sayqz.com/api/?source=kuwo&id=152766117&type=url","pic":"https://music-dl.sayqz.com/api/?source=kuwo&id=152766117&type=pic","lrc":"https://music-dl.sayqz.com/api/?source=kuwo&id=152766117&type=lrc"},{"id":"002rV6Ec2cvgRp","name":"那不是雪中红","artist":"三21对不起","album":"","platform":"qq","url":"https://music-dl.sayqz.com/api/?source=qq&id=002rV6Ec2cvgRp&type=url","pic":"https://music-dl.sayqz.com/api/?source=qq&id=002rV6Ec2cvgRp&type=pic","lrc":"https://music-dl.sayqz.com/api/?source=qq&id=002rV6Ec2cvgRp&type=lrc"},{"id":"371728576","name":"那不是雪中红","artist":"D小禹","album":"","platform":"kuwo","url":"https://music-dl.sayqz.com/api/?source=kuwo&id=371728576&type=url","pic":"https://music-dl.sayqz.com/api/?source=kuwo&id=371728576&type=pic","lrc":"https://music-dl.sayqz.com/api/?source=kuwo&id=371728576&type=lrc"},{"id":"004eH7e21rvE2C","name":"那不是雪中红","artist":"铭天娶你","album":"","platform":"qq","url":"https://music-dl.sayqz.com/api/?source=qq&id=004eH7e21rvE2C&type=url","pic":"https://music-dl.sayqz.com/api/?source=qq&id=004eH7e21rvE2C&type=pic","lrc":"https://music-dl.sayqz.com/api/?source=qq&id=004eH7e21rvE2C&type=lrc"},{"id":"364807408","name":"那不是雪中红","artist":"K歌boy","album":"","platform":"kuwo","url":"https://music-dl.sayqz.com/api/?source=kuwo&id=364807408&type=url","pic":"https://music-dl.sayqz.com/api/?source=kuwo&id=364807408&type=pic","lrc":"https://music-dl.sayqz.com/api/?source=kuwo&id=364807408&type=lrc"},{"id":"003v6ONi1LfvQN","name":"于是长大了以后那不是雪中红","artist":"张抽抽","album":"小情歌","platform":"qq","url":"https://music-dl.sayqz.com/api/?source=qq&id=003v6ONi1LfvQN&type=url","pic":"https://music-dl.sayqz.com/api/?source=qq&id=003v6ONi1LfvQN&type=pic","lrc":"https://music-dl.sayqz.com/api/?source=qq&id=003v6ONi1LfvQN&type=lrc"},{"id":"368922112","name":"那不是雪中红","artist":"☆紫曦≧?≦漓沁","album":"","platform":"kuwo","url":"https://music-dl.sayqz.com/api/?source=kuwo&id=368922112&type=url","pic":"https://music-dl.sayqz.com/api/?source=kuwo&id=368922112&type=pic","lrc":"https://music-dl.sayqz.com/api/?source=kuwo&id=368922112&type=lrc"}]},"timestamp":"2026-01-24T15:29:06.707+08:00"}
15:29:06.538 [Thread-4076] INFO  c.s.d.p.node.SearchResultContainer - 搜索结果数量: 26
15:29:09.149 [JavaFX Application Thread] INFO  c.s.d.p.node.SearchResultContainer - 播放歌曲: JPM - 那不是雪中红
15:29:10.732 [JavaFX Application Thread] INFO  c.s.d.p.n.MusicPlayDetailContainer - 加载专辑封面: https://music-dl.sayqz.com/api/?source=netease&id=362217&type=pic
15:29:10.732 [JavaFX Application Thread] INFO  c.s.d.p.n.MusicPlayDetailContainer - 当前旋转角度: 暂停--95.0
15:29:11.279 [Thread-4083] INFO  c.s.d.p.n.MusicPlayDetailContainer - 实际专辑封面URL: https://p1.music.126.net/dAtz4tPKpkzxc1V2lDrzBw==/109951165958787705.jpg
15:29:11.344 [JavaFX Application Thread] INFO  c.s.d.p.n.MusicPlayDetailContainer - 图片加载进度: 11%
15:29:11.346 [JavaFX Application Thread] INFO  c.s.d.p.n.MusicPlayDetailContainer - 图片加载进度: 23%
15:29:11.353 [JavaFX Application Thread] INFO  c.s.d.p.n.MusicPlayDetailContainer - 图片加载进度: 36%
15:29:11.355 [JavaFX Application Thread] INFO  c.s.d.p.n.MusicPlayDetailContainer - 图片加载进度: 48%
15:29:11.368 [JavaFX Application Thread] INFO  c.s.d.p.n.MusicPlayDetailContainer - 图片加载进度: 60%
15:29:11.373 [JavaFX Application Thread] INFO  c.s.d.p.n.MusicPlayDetailContainer - 图片加载进度: 73%
15:29:11.379 [JavaFX Application Thread] INFO  c.s.d.p.n.MusicPlayDetailContainer - 图片加载进度: 85%
15:29:11.386 [JavaFX Application Thread] INFO  c.s.d.p.n.MusicPlayDetailContainer - 图片加载进度: 97%
15:29:11.387 [JavaFX Application Thread] INFO  c.s.d.p.n.MusicPlayDetailContainer - 图片加载进度: 100%
15:29:11.387 [JavaFX Application Thread] INFO  c.s.d.p.n.MusicPlayDetailContainer - 图片加载完成，加入缓存
15:32:47.899 [JavaFX Application Thread] INFO  c.s.d.p.n.MusicPlayDetailContainer - 暂停旋转
15:32:47.900 [JavaFX Application Thread] INFO  c.s.d.p.n.MusicPlayDetailContainer - 当前播放状态: PAUSED
15:32:47.907 [JavaFX Application Thread] INFO  c.s.d.p.n.MusicPlayDetailContainer - 当前旋转角度: 播放--95.0
16:32:40.234 [JavaFX Application Thread] INFO  com.stickpoint.ddmusic.App - === 应用启动调试信息 ===
16:32:40.268 [JavaFX Application Thread] INFO  com.stickpoint.ddmusic.App - Java 版本: 21.0.8
16:32:40.268 [JavaFX Application Thread] INFO  com.stickpoint.ddmusic.App - JavaFX 版本: 21.0.7
16:32:40.268 [JavaFX Application Thread] INFO  com.stickpoint.ddmusic.App - 工作目录: E:\codeData\javaProject\javafx-ddmusic\ddmuisc2
16:32:40.269 [JavaFX Application Thread] INFO  com.stickpoint.ddmusic.App - 1. 开始创建 HomePage
16:32:42.534 [JavaFX Application Thread] INFO  c.s.ddmusic.common.utils.ConfigUtils - 配置文件读取成功: C:\Users\Administrator\ddmusic.dd
16:32:42.559 [JavaFX Application Thread] INFO  c.s.d.p.n.MusicPlayDetailContainer - 旋转角度: 60.0
16:32:42.752 [JavaFX Application Thread] INFO  com.stickpoint.ddmusic.App - 2. HomePage 创建成功
16:32:42.752 [JavaFX Application Thread] INFO  com.stickpoint.ddmusic.App - 3. 开始创建场景
16:32:42.934 [JavaFX Application Thread] INFO  com.stickpoint.ddmusic.App - 4. 场景创建成功
16:32:42.935 [JavaFX Application Thread] INFO  com.stickpoint.ddmusic.App - 5. 设置舞台属性
16:32:42.936 [JavaFX Application Thread] INFO  com.stickpoint.ddmusic.App - 6. 舞台属性设置完成
16:32:42.936 [JavaFX Application Thread] INFO  com.stickpoint.ddmusic.App - 7. 加载图标
16:32:42.938 [JavaFX Application Thread] INFO  com.stickpoint.ddmusic.App - 图标URL: file:/E:/codeData/javaProject/javafx-ddmusic/ddmuisc2/target/classes/img/logo.svg
16:32:42.947 [JavaFX Application Thread] INFO  com.stickpoint.ddmusic.App - 8. 图标加载成功
16:32:42.949 [JavaFX Application Thread] INFO  com.stickpoint.ddmusic.App - 9. 显示舞台
16:32:43.616 [JavaFX Application Thread] INFO  com.stickpoint.ddmusic.App - 10. 添加窗口缩放支持
16:32:43.618 [JavaFX Application Thread] INFO  com.stickpoint.ddmusic.App - 11. 居中显示
16:32:43.619 [JavaFX Application Thread] INFO  com.stickpoint.ddmusic.App - 12. 应用启动完成
16:32:51.340 [Thread-78] INFO  c.s.d.p.node.SearchResultContainer - 开始搜索关键词: 我不对
16:32:51.342 [Thread-78] INFO  c.s.d.common.utils.TuneHubApiUtils - 聚合搜索歌曲: 关键词=我不对
16:33:01.539 [Thread-78] ERROR c.s.ddmusic.common.utils.HttpUtils - TuneFree API请求失败: Read timed out
16:33:01.539 [Thread-78] INFO  c.s.d.p.node.SearchResultContainer - 搜索结果JSON: null
16:33:17.030 [JavaFX Application Thread] INFO  c.s.d.p.node.HomePageMenuItemPanel - === ToggleGroup 监听器被触发 ===
16:33:17.031 [JavaFX Application Thread] INFO  c.s.d.p.node.HomePageMenuItemPanel - oldToggle: null
16:33:17.031 [JavaFX Application Thread] INFO  c.s.d.p.node.HomePageMenuItemPanel - newToggle: recommend
16:33:17.031 [JavaFX Application Thread] INFO  c.s.d.p.node.HomePageMenuItemPanel - 当前选中的菜单项：recommend
16:33:17.031 [JavaFX Application Thread] INFO  c.s.d.p.node.HomePageMenuItemPanel - ================================
16:33:18.493 [JavaFX Application Thread] INFO  c.s.d.p.node.HomePageMenuItemPanel - === ToggleGroup 监听器被触发 ===
16:33:18.493 [JavaFX Application Thread] INFO  c.s.d.p.node.HomePageMenuItemPanel - oldToggle: recommend
16:33:18.493 [JavaFX Application Thread] INFO  c.s.d.p.node.HomePageMenuItemPanel - newToggle: myMusic
16:33:18.494 [JavaFX Application Thread] INFO  c.s.d.p.node.HomePageMenuItemPanel - 当前选中的菜单项：myMusic
16:33:18.494 [JavaFX Application Thread] INFO  c.s.d.p.node.HomePageMenuItemPanel - 上一个被选中的菜单项：recommend
16:33:18.494 [JavaFX Application Thread] INFO  c.s.d.p.node.HomePageMenuItemPanel - ================================
16:33:56.296 [JavaFX Application Thread] INFO  c.s.d.p.n.MusicPlayDetailContainer - 加载专辑封面: https://qnm.hunliji.com/o_1j4afpm441o4vceo1eilush18pj9.jpeg
16:33:56.298 [JavaFX Application Thread] INFO  c.s.d.p.n.MusicPlayDetailContainer - 当前旋转角度: 暂停--95.0
16:33:56.349 [Thread-86] INFO  c.s.d.p.n.MusicPlayDetailContainer - 实际专辑封面URL: https://qnm.hunliji.com/o_1j4afpm441o4vceo1eilush18pj9.jpeg
16:33:56.392 [JavaFX Application Thread] INFO  c.s.d.p.n.MusicPlayDetailContainer - 图片加载进度: 10%
16:33:56.396 [JavaFX Application Thread] INFO  c.s.d.p.n.MusicPlayDetailContainer - 图片加载进度: 21%
16:33:56.398 [JavaFX Application Thread] INFO  c.s.d.p.n.MusicPlayDetailContainer - 图片加载进度: 31%
16:33:56.399 [JavaFX Application Thread] INFO  c.s.d.p.n.MusicPlayDetailContainer - 图片加载进度: 41%
16:33:56.401 [JavaFX Application Thread] INFO  c.s.d.p.n.MusicPlayDetailContainer - 图片加载进度: 51%
16:33:56.402 [JavaFX Application Thread] INFO  c.s.d.p.n.MusicPlayDetailContainer - 图片加载进度: 61%
16:33:56.402 [JavaFX Application Thread] INFO  c.s.d.p.n.MusicPlayDetailContainer - 图片加载进度: 71%
16:33:56.403 [JavaFX Application Thread] INFO  c.s.d.p.n.MusicPlayDetailContainer - 图片加载进度: 81%
16:33:56.404 [JavaFX Application Thread] INFO  c.s.d.p.n.MusicPlayDetailContainer - 图片加载进度: 91%
16:33:56.405 [JavaFX Application Thread] INFO  c.s.d.p.n.MusicPlayDetailContainer - 图片加载进度: 100%
16:33:56.405 [JavaFX Application Thread] INFO  c.s.d.p.n.MusicPlayDetailContainer - 图片加载完成，加入缓存
16:34:07.565 [JavaFX Application Thread] INFO  c.s.d.p.node.HomePageMenuItemPanel - === ToggleGroup 监听器被触发 ===
16:34:07.565 [JavaFX Application Thread] INFO  c.s.d.p.node.HomePageMenuItemPanel - oldToggle: myMusic
16:34:07.565 [JavaFX Application Thread] INFO  c.s.d.p.node.HomePageMenuItemPanel - newToggle: recommend
16:34:07.565 [JavaFX Application Thread] INFO  c.s.d.p.node.HomePageMenuItemPanel - 当前选中的菜单项：recommend
16:34:07.565 [JavaFX Application Thread] INFO  c.s.d.p.node.HomePageMenuItemPanel - 上一个被选中的菜单项：myMusic
16:34:07.565 [JavaFX Application Thread] INFO  c.s.d.p.node.HomePageMenuItemPanel - ================================
16:34:08.150 [JavaFX Application Thread] INFO  c.s.d.p.node.HomePageMenuItemPanel - === ToggleGroup 监听器被触发 ===
16:34:08.150 [JavaFX Application Thread] INFO  c.s.d.p.node.HomePageMenuItemPanel - oldToggle: recommend
16:34:08.151 [JavaFX Application Thread] INFO  c.s.d.p.node.HomePageMenuItemPanel - newToggle: myMusic
16:34:08.151 [JavaFX Application Thread] INFO  c.s.d.p.node.HomePageMenuItemPanel - 当前选中的菜单项：myMusic
16:34:08.151 [JavaFX Application Thread] INFO  c.s.d.p.node.HomePageMenuItemPanel - 上一个被选中的菜单项：recommend
16:34:08.151 [JavaFX Application Thread] INFO  c.s.d.p.node.HomePageMenuItemPanel - ================================
16:36:27.941 [JavaFX Application Thread] INFO  c.s.d.p.node.HomePageMenuItemPanel - === ToggleGroup 监听器被触发 ===
16:36:27.942 [JavaFX Application Thread] INFO  c.s.d.p.node.HomePageMenuItemPanel - oldToggle: myMusic
16:36:27.943 [JavaFX Application Thread] INFO  c.s.d.p.node.HomePageMenuItemPanel - newToggle: recommend
16:36:27.943 [JavaFX Application Thread] INFO  c.s.d.p.node.HomePageMenuItemPanel - 当前选中的菜单项：recommend
16:36:27.943 [JavaFX Application Thread] INFO  c.s.d.p.node.HomePageMenuItemPanel - 上一个被选中的菜单项：myMusic
16:36:27.943 [JavaFX Application Thread] INFO  c.s.d.p.node.HomePageMenuItemPanel - ================================
16:36:28.949 [JavaFX Application Thread] INFO  c.s.d.p.node.HomePageMenuItemPanel - === ToggleGroup 监听器被触发 ===
16:36:28.949 [JavaFX Application Thread] INFO  c.s.d.p.node.HomePageMenuItemPanel - oldToggle: recommend
16:36:28.949 [JavaFX Application Thread] INFO  c.s.d.p.node.HomePageMenuItemPanel - newToggle: myMusic
16:36:28.949 [JavaFX Application Thread] INFO  c.s.d.p.node.HomePageMenuItemPanel - 当前选中的菜单项：myMusic
16:36:28.950 [JavaFX Application Thread] INFO  c.s.d.p.node.HomePageMenuItemPanel - 上一个被选中的菜单项：recommend
16:36:28.950 [JavaFX Application Thread] INFO  c.s.d.p.node.HomePageMenuItemPanel - ================================
16:36:29.877 [JavaFX Application Thread] INFO  c.s.d.p.node.HomePageMenuItemPanel - === ToggleGroup 监听器被触发 ===
16:36:29.878 [JavaFX Application Thread] INFO  c.s.d.p.node.HomePageMenuItemPanel - oldToggle: myMusic
16:36:29.878 [JavaFX Application Thread] INFO  c.s.d.p.node.HomePageMenuItemPanel - newToggle: recommend
16:36:29.878 [JavaFX Application Thread] INFO  c.s.d.p.node.HomePageMenuItemPanel - 当前选中的菜单项：recommend
16:36:29.878 [JavaFX Application Thread] INFO  c.s.d.p.node.HomePageMenuItemPanel - 上一个被选中的菜单项：myMusic
16:36:29.878 [JavaFX Application Thread] INFO  c.s.d.p.node.HomePageMenuItemPanel - ================================
16:47:15.185 [JavaFX Application Thread] INFO  com.stickpoint.ddmusic.App - === 应用启动调试信息 ===
16:47:15.188 [JavaFX Application Thread] INFO  com.stickpoint.ddmusic.App - Java 版本: 21.0.8
16:47:15.188 [JavaFX Application Thread] INFO  com.stickpoint.ddmusic.App - JavaFX 版本: 21.0.7
16:47:15.189 [JavaFX Application Thread] INFO  com.stickpoint.ddmusic.App - 工作目录: E:\codeData\javaProject\javafx-ddmusic\ddmuisc2
16:47:15.189 [JavaFX Application Thread] INFO  com.stickpoint.ddmusic.App - 1. 开始创建 HomePage
16:47:16.562 [JavaFX Application Thread] INFO  c.s.ddmusic.common.utils.ConfigUtils - 配置文件读取成功: C:\Users\Administrator\ddmusic.dd
16:47:16.572 [JavaFX Application Thread] INFO  c.s.d.p.n.MusicPlayDetailContainer - 旋转角度: 60.0
16:47:16.695 [JavaFX Application Thread] INFO  com.stickpoint.ddmusic.App - 2. HomePage 创建成功
16:47:16.695 [JavaFX Application Thread] INFO  com.stickpoint.ddmusic.App - 3. 开始创建场景
16:47:16.767 [JavaFX Application Thread] INFO  com.stickpoint.ddmusic.App - 4. 场景创建成功
16:47:16.768 [JavaFX Application Thread] INFO  com.stickpoint.ddmusic.App - 5. 设置舞台属性
16:47:16.770 [JavaFX Application Thread] INFO  com.stickpoint.ddmusic.App - 6. 舞台属性设置完成
16:47:16.771 [JavaFX Application Thread] INFO  com.stickpoint.ddmusic.App - 7. 加载图标
16:47:16.772 [JavaFX Application Thread] INFO  com.stickpoint.ddmusic.App - 图标URL: file:/E:/codeData/javaProject/javafx-ddmusic/ddmuisc2/target/classes/img/logo.svg
16:47:16.775 [JavaFX Application Thread] INFO  com.stickpoint.ddmusic.App - 8. 图标加载成功
16:47:16.776 [JavaFX Application Thread] INFO  com.stickpoint.ddmusic.App - 9. 显示舞台
16:47:17.270 [JavaFX Application Thread] INFO  com.stickpoint.ddmusic.App - 10. 添加窗口缩放支持
16:47:17.272 [JavaFX Application Thread] INFO  com.stickpoint.ddmusic.App - 11. 居中显示
16:47:17.272 [JavaFX Application Thread] INFO  com.stickpoint.ddmusic.App - 12. 应用启动完成
16:47:24.769 [Thread-77] INFO  c.s.d.p.node.SearchResultContainer - 开始搜索关键词: 那不是雪中红
16:47:24.771 [Thread-77] INFO  c.s.d.common.utils.TuneHubApiUtils - 聚合搜索歌曲: 关键词=那不是雪中红
16:47:25.817 [Thread-77] INFO  c.s.d.p.node.SearchResultContainer - 搜索结果JSON: {"code":200,"message":"success","data":{"keyword":"那不是雪中红","limit":10,"page":1,"platforms":["netease","qq","kuwo"],"platformStats":{"netease":{"success":true,"count":6,"duration":371,"error":null},"qq":{"success":true,"count":10,"duration":817,"error":null},"kuwo":{"success":true,"count":0,"duration":21,"error":null}},"total":16,"results":[{"id":"362217","name":"那不是雪中红","artist":"JPM","album":"月球漫步","platform":"netease","url":"https://music-dl.sayqz.com/api/?source=netease&id=362217&type=url","pic":"https://music-dl.sayqz.com/api/?source=netease&id=362217&type=pic","lrc":"https://music-dl.sayqz.com/api/?source=netease&id=362217&type=lrc"},{"id":"002UBCQy117o0B","name":"那不是雪中红","artist":"JPM","album":"月球漫步","platform":"qq","url":"https://music-dl.sayqz.com/api/?source=qq&id=002UBCQy117o0B&type=url","pic":"https://music-dl.sayqz.com/api/?source=qq&id=002UBCQy117o0B&type=pic","lrc":"https://music-dl.sayqz.com/api/?source=qq&id=002UBCQy117o0B&type=lrc"},{"id":"1997273815","name":"那不是雪中红","artist":"billy911","album":"Snow Red","platform":"netease","url":"https://music-dl.sayqz.com/api/?source=netease&id=1997273815&type=url","pic":"https://music-dl.sayqz.com/api/?source=netease&id=1997273815&type=pic","lrc":"https://music-dl.sayqz.com/api/?source=netease&id=1997273815&type=lrc"},{"id":"001srso223HHKW","name":"那不是雪中红","artist":"billy911","album":"Snow Red","platform":"qq","url":"https://music-dl.sayqz.com/api/?source=qq&id=001srso223HHKW&type=url","pic":"https://music-dl.sayqz.com/api/?source=qq&id=001srso223HHKW&type=pic","lrc":"https://music-dl.sayqz.com/api/?source=qq&id=001srso223HHKW&type=lrc"},{"id":"2164276553","name":"那不是雪中红 (电台版)","artist":"JPM","album":"","platform":"netease","url":"https://music-dl.sayqz.com/api/?source=netease&id=2164276553&type=url","pic":"https://music-dl.sayqz.com/api/?source=netease&id=2164276553&type=pic","lrc":"https://music-dl.sayqz.com/api/?source=netease&id=2164276553&type=lrc"},{"id":"001lJ8nj0tvDuo","name":"那不是雪中红","artist":"刘恩昊","album":"是否能对你说出好久不见","platform":"qq","url":"https://music-dl.sayqz.com/api/?source=qq&id=001lJ8nj0tvDuo&type=url","pic":"https://music-dl.sayqz.com/api/?source=qq&id=001lJ8nj0tvDuo&type=pic","lrc":"https://music-dl.sayqz.com/api/?source=qq&id=001lJ8nj0tvDuo&type=lrc"},{"id":"2161332565","name":"那不是雪中红","artist":"黑梨_","album":"","platform":"netease","url":"https://music-dl.sayqz.com/api/?source=netease&id=2161332565&type=url","pic":"https://music-dl.sayqz.com/api/?source=netease&id=2161332565&type=pic","lrc":"https://music-dl.sayqz.com/api/?source=netease&id=2161332565&type=lrc"},{"id":"003pwopQ0Czo33","name":"那不是雪中红","artist":"华语群星","album":"","platform":"qq","url":"https://music-dl.sayqz.com/api/?source=qq&id=003pwopQ0Czo33&type=url","pic":"https://music-dl.sayqz.com/api/?source=qq&id=003pwopQ0Czo33&type=pic","lrc":"https://music-dl.sayqz.com/api/?source=qq&id=003pwopQ0Czo33&type=lrc"},{"id":"2160198038","name":"那不是雪中红 官方舞蹈设计","artist":"JPM","album":"","platform":"netease","url":"https://music-dl.sayqz.com/api/?source=netease&id=2160198038&type=url","pic":"https://music-dl.sayqz.com/api/?source=netease&id=2160198038&type=pic","lrc":"https://music-dl.sayqz.com/api/?source=netease&id=2160198038&type=lrc"},{"id":"0026vXwx1R74wq","name":"那不是雪中红 (Remix)","artist":"DJ Mr.Zi","album":"比你贱","platform":"qq","url":"https://music-dl.sayqz.com/api/?source=qq&id=0026vXwx1R74wq&type=url","pic":"https://music-dl.sayqz.com/api/?source=qq&id=0026vXwx1R74wq&type=pic","lrc":"https://music-dl.sayqz.com/api/?source=qq&id=0026vXwx1R74wq&type=lrc"},{"id":"2161091690","name":"月球漫步 & 那不是雪中红 Hito流行音乐颁奖典礼现场版 12/05/06","artist":"JPM","album":"","platform":"netease","url":"https://music-dl.sayqz.com/api/?source=netease&id=2161091690&type=url","pic":"https://music-dl.sayqz.com/api/?source=netease&id=2161091690&type=pic","lrc":"https://music-dl.sayqz.com/api/?source=netease&id=2161091690&type=lrc"},{"id":"003mwBFv1CGZZ8","name":"那不是雪中红","artist":"Eirene","album":"between u & us","platform":"qq","url":"https://music-dl.sayqz.com/api/?source=qq&id=003mwBFv1CGZZ8&type=url","pic":"https://music-dl.sayqz.com/api/?source=qq&id=003mwBFv1CGZZ8&type=pic","lrc":"https://music-dl.sayqz.com/api/?source=qq&id=003mwBFv1CGZZ8&type=lrc"},{"id":"002Ntp3K17LAEo","name":"那不是雪中红","artist":"D小禹","album":"","platform":"qq","url":"https://music-dl.sayqz.com/api/?source=qq&id=002Ntp3K17LAEo&type=url","pic":"https://music-dl.sayqz.com/api/?source=qq&id=002Ntp3K17LAEo&type=pic","lrc":"https://music-dl.sayqz.com/api/?source=qq&id=002Ntp3K17LAEo&type=lrc"},{"id":"002rV6Ec2cvgRp","name":"那不是雪中红","artist":"三21对不起","album":"","platform":"qq","url":"https://music-dl.sayqz.com/api/?source=qq&id=002rV6Ec2cvgRp&type=url","pic":"https://music-dl.sayqz.com/api/?source=qq&id=002rV6Ec2cvgRp&type=pic","lrc":"https://music-dl.sayqz.com/api/?source=qq&id=002rV6Ec2cvgRp&type=lrc"},{"id":"004eH7e21rvE2C","name":"那不是雪中红","artist":"铭天娶你","album":"","platform":"qq","url":"https://music-dl.sayqz.com/api/?source=qq&id=004eH7e21rvE2C&type=url","pic":"https://music-dl.sayqz.com/api/?source=qq&id=004eH7e21rvE2C&type=pic","lrc":"https://music-dl.sayqz.com/api/?source=qq&id=004eH7e21rvE2C&type=lrc"},{"id":"003v6ONi1LfvQN","name":"于是长大了以后那不是雪中红","artist":"张抽抽","album":"小情歌","platform":"qq","url":"https://music-dl.sayqz.com/api/?source=qq&id=003v6ONi1LfvQN&type=url","pic":"https://music-dl.sayqz.com/api/?source=qq&id=003v6ONi1LfvQN&type=pic","lrc":"https://music-dl.sayqz.com/api/?source=qq&id=003v6ONi1LfvQN&type=lrc"}]},"timestamp":"2026-01-24T16:47:25.949+08:00"}
16:47:25.827 [Thread-77] INFO  c.s.d.p.node.SearchResultContainer - 搜索结果数量: 16
16:47:57.721 [JavaFX Application Thread] INFO  c.s.d.p.n.MusicPlayDetailContainer - 加载专辑封面: https://music-dl.sayqz.com/api/?source=netease&id=362217&type=pic
16:47:57.722 [JavaFX Application Thread] INFO  c.s.d.p.n.MusicPlayDetailContainer - 当前旋转角度: 暂停--95.0
16:47:58.402 [Thread-80] INFO  c.s.d.p.n.MusicPlayDetailContainer - 实际专辑封面URL: https://p1.music.126.net/dAtz4tPKpkzxc1V2lDrzBw==/109951165958787705.jpg
16:47:58.465 [JavaFX Application Thread] INFO  c.s.d.p.n.MusicPlayDetailContainer - 图片加载进度: 11%
16:47:58.471 [JavaFX Application Thread] INFO  c.s.d.p.n.MusicPlayDetailContainer - 图片加载进度: 23%
16:47:58.474 [JavaFX Application Thread] INFO  c.s.d.p.n.MusicPlayDetailContainer - 图片加载进度: 35%
16:47:58.480 [JavaFX Application Thread] INFO  c.s.d.p.n.MusicPlayDetailContainer - 图片加载进度: 47%
16:47:58.483 [JavaFX Application Thread] INFO  c.s.d.p.n.MusicPlayDetailContainer - 图片加载进度: 60%
16:47:58.486 [JavaFX Application Thread] INFO  c.s.d.p.n.MusicPlayDetailContainer - 图片加载进度: 70%
16:47:58.489 [JavaFX Application Thread] INFO  c.s.d.p.n.MusicPlayDetailContainer - 图片加载进度: 81%
16:47:58.494 [JavaFX Application Thread] INFO  c.s.d.p.n.MusicPlayDetailContainer - 图片加载进度: 93%
16:47:58.496 [JavaFX Application Thread] INFO  c.s.d.p.n.MusicPlayDetailContainer - 图片加载进度: 100%
16:47:58.497 [JavaFX Application Thread] INFO  c.s.d.p.n.MusicPlayDetailContainer - 图片加载完成，加入缓存
16:48:09.558 [JavaFX Application Thread] INFO  c.s.d.p.node.HomePageMenuItemPanel - === ToggleGroup 监听器被触发 ===
16:48:09.559 [JavaFX Application Thread] INFO  c.s.d.p.node.HomePageMenuItemPanel - oldToggle: null
16:48:09.560 [JavaFX Application Thread] INFO  c.s.d.p.node.HomePageMenuItemPanel - newToggle: recommend
16:48:09.560 [JavaFX Application Thread] INFO  c.s.d.p.node.HomePageMenuItemPanel - 当前选中的菜单项：recommend
16:48:09.561 [JavaFX Application Thread] INFO  c.s.d.p.node.HomePageMenuItemPanel - ================================
16:48:10.852 [JavaFX Application Thread] INFO  c.s.d.p.node.HomePageMenuItemPanel - === ToggleGroup 监听器被触发 ===
16:48:10.853 [JavaFX Application Thread] INFO  c.s.d.p.node.HomePageMenuItemPanel - oldToggle: recommend
16:48:10.853 [JavaFX Application Thread] INFO  c.s.d.p.node.HomePageMenuItemPanel - newToggle: myMusic
16:48:10.854 [JavaFX Application Thread] INFO  c.s.d.p.node.HomePageMenuItemPanel - 当前选中的菜单项：myMusic
16:48:10.855 [JavaFX Application Thread] INFO  c.s.d.p.node.HomePageMenuItemPanel - 上一个被选中的菜单项：recommend
16:48:10.855 [JavaFX Application Thread] INFO  c.s.d.p.node.HomePageMenuItemPanel - ================================
16:48:22.589 [JavaFX Application Thread] INFO  c.s.d.p.node.HomePageMenuItemPanel - === ToggleGroup 监听器被触发 ===
16:48:22.589 [JavaFX Application Thread] INFO  c.s.d.p.node.HomePageMenuItemPanel - oldToggle: myMusic
16:48:22.589 [JavaFX Application Thread] INFO  c.s.d.p.node.HomePageMenuItemPanel - newToggle: recommend
16:48:22.590 [JavaFX Application Thread] INFO  c.s.d.p.node.HomePageMenuItemPanel - 当前选中的菜单项：recommend
16:48:22.590 [JavaFX Application Thread] INFO  c.s.d.p.node.HomePageMenuItemPanel - 上一个被选中的菜单项：myMusic
16:48:22.591 [JavaFX Application Thread] INFO  c.s.d.p.node.HomePageMenuItemPanel - ================================
16:48:25.743 [Thread-2124] INFO  c.s.d.p.node.SearchResultContainer - 开始搜索关键词: 那不是雪中红
16:48:25.744 [Thread-2124] INFO  c.s.d.common.utils.TuneHubApiUtils - 聚合搜索歌曲: 关键词=那不是雪中红
16:48:26.283 [Thread-2124] INFO  c.s.d.p.node.SearchResultContainer - 搜索结果JSON: {"code":200,"message":"success","data":{"keyword":"那不是雪中红","limit":10,"page":1,"platforms":["netease","qq","kuwo"],"platformStats":{"netease":{"success":true,"count":6,"duration":296,"error":null},"qq":{"success":true,"count":10,"duration":156,"error":null},"kuwo":{"success":true,"count":0,"duration":27,"error":null}},"total":16,"results":[{"id":"362217","name":"那不是雪中红","artist":"JPM","album":"月球漫步","platform":"netease","url":"https://music-dl.sayqz.com/api/?source=netease&id=362217&type=url","pic":"https://music-dl.sayqz.com/api/?source=netease&id=362217&type=pic","lrc":"https://music-dl.sayqz.com/api/?source=netease&id=362217&type=lrc"},{"id":"002UBCQy117o0B","name":"那不是雪中红","artist":"JPM","album":"月球漫步","platform":"qq","url":"https://music-dl.sayqz.com/api/?source=qq&id=002UBCQy117o0B&type=url","pic":"https://music-dl.sayqz.com/api/?source=qq&id=002UBCQy117o0B&type=pic","lrc":"https://music-dl.sayqz.com/api/?source=qq&id=002UBCQy117o0B&type=lrc"},{"id":"1997273815","name":"那不是雪中红","artist":"billy911","album":"Snow Red","platform":"netease","url":"https://music-dl.sayqz.com/api/?source=netease&id=1997273815&type=url","pic":"https://music-dl.sayqz.com/api/?source=netease&id=1997273815&type=pic","lrc":"https://music-dl.sayqz.com/api/?source=netease&id=1997273815&type=lrc"},{"id":"001srso223HHKW","name":"那不是雪中红","artist":"billy911","album":"Snow Red","platform":"qq","url":"https://music-dl.sayqz.com/api/?source=qq&id=001srso223HHKW&type=url","pic":"https://music-dl.sayqz.com/api/?source=qq&id=001srso223HHKW&type=pic","lrc":"https://music-dl.sayqz.com/api/?source=qq&id=001srso223HHKW&type=lrc"},{"id":"2164276553","name":"那不是雪中红 (电台版)","artist":"JPM","album":"","platform":"netease","url":"https://music-dl.sayqz.com/api/?source=netease&id=2164276553&type=url","pic":"https://music-dl.sayqz.com/api/?source=netease&id=2164276553&type=pic","lrc":"https://music-dl.sayqz.com/api/?source=netease&id=2164276553&type=lrc"},{"id":"001lJ8nj0tvDuo","name":"那不是雪中红","artist":"刘恩昊","album":"是否能对你说出好久不见","platform":"qq","url":"https://music-dl.sayqz.com/api/?source=qq&id=001lJ8nj0tvDuo&type=url","pic":"https://music-dl.sayqz.com/api/?source=qq&id=001lJ8nj0tvDuo&type=pic","lrc":"https://music-dl.sayqz.com/api/?source=qq&id=001lJ8nj0tvDuo&type=lrc"},{"id":"2161332565","name":"那不是雪中红","artist":"黑梨_","album":"","platform":"netease","url":"https://music-dl.sayqz.com/api/?source=netease&id=2161332565&type=url","pic":"https://music-dl.sayqz.com/api/?source=netease&id=2161332565&type=pic","lrc":"https://music-dl.sayqz.com/api/?source=netease&id=2161332565&type=lrc"},{"id":"003pwopQ0Czo33","name":"那不是雪中红","artist":"华语群星","album":"","platform":"qq","url":"https://music-dl.sayqz.com/api/?source=qq&id=003pwopQ0Czo33&type=url","pic":"https://music-dl.sayqz.com/api/?source=qq&id=003pwopQ0Czo33&type=pic","lrc":"https://music-dl.sayqz.com/api/?source=qq&id=003pwopQ0Czo33&type=lrc"},{"id":"2160198038","name":"那不是雪中红 官方舞蹈设计","artist":"JPM","album":"","platform":"netease","url":"https://music-dl.sayqz.com/api/?source=netease&id=2160198038&type=url","pic":"https://music-dl.sayqz.com/api/?source=netease&id=2160198038&type=pic","lrc":"https://music-dl.sayqz.com/api/?source=netease&id=2160198038&type=lrc"},{"id":"0026vXwx1R74wq","name":"那不是雪中红 (Remix)","artist":"DJ Mr.Zi","album":"比你贱","platform":"qq","url":"https://music-dl.sayqz.com/api/?source=qq&id=0026vXwx1R74wq&type=url","pic":"https://music-dl.sayqz.com/api/?source=qq&id=0026vXwx1R74wq&type=pic","lrc":"https://music-dl.sayqz.com/api/?source=qq&id=0026vXwx1R74wq&type=lrc"},{"id":"2161091690","name":"月球漫步 & 那不是雪中红 Hito流行音乐颁奖典礼现场版 12/05/06","artist":"JPM","album":"","platform":"netease","url":"https://music-dl.sayqz.com/api/?source=netease&id=2161091690&type=url","pic":"https://music-dl.sayqz.com/api/?source=netease&id=2161091690&type=pic","lrc":"https://music-dl.sayqz.com/api/?source=netease&id=2161091690&type=lrc"},{"id":"003mwBFv1CGZZ8","name":"那不是雪中红","artist":"Eirene","album":"between u & us","platform":"qq","url":"https://music-dl.sayqz.com/api/?source=qq&id=003mwBFv1CGZZ8&type=url","pic":"https://music-dl.sayqz.com/api/?source=qq&id=003mwBFv1CGZZ8&type=pic","lrc":"https://music-dl.sayqz.com/api/?source=qq&id=003mwBFv1CGZZ8&type=lrc"},{"id":"002Ntp3K17LAEo","name":"那不是雪中红","artist":"D小禹","album":"","platform":"qq","url":"https://music-dl.sayqz.com/api/?source=qq&id=002Ntp3K17LAEo&type=url","pic":"https://music-dl.sayqz.com/api/?source=qq&id=002Ntp3K17LAEo&type=pic","lrc":"https://music-dl.sayqz.com/api/?source=qq&id=002Ntp3K17LAEo&type=lrc"},{"id":"002rV6Ec2cvgRp","name":"那不是雪中红","artist":"三21对不起","album":"","platform":"qq","url":"https://music-dl.sayqz.com/api/?source=qq&id=002rV6Ec2cvgRp&type=url","pic":"https://music-dl.sayqz.com/api/?source=qq&id=002rV6Ec2cvgRp&type=pic","lrc":"https://music-dl.sayqz.com/api/?source=qq&id=002rV6Ec2cvgRp&type=lrc"},{"id":"004eH7e21rvE2C","name":"那不是雪中红","artist":"铭天娶你","album":"","platform":"qq","url":"https://music-dl.sayqz.com/api/?source=qq&id=004eH7e21rvE2C&type=url","pic":"https://music-dl.sayqz.com/api/?source=qq&id=004eH7e21rvE2C&type=pic","lrc":"https://music-dl.sayqz.com/api/?source=qq&id=004eH7e21rvE2C&type=lrc"},{"id":"003v6ONi1LfvQN","name":"于是长大了以后那不是雪中红","artist":"张抽抽","album":"小情歌","platform":"qq","url":"https://music-dl.sayqz.com/api/?source=qq&id=003v6ONi1LfvQN&type=url","pic":"https://music-dl.sayqz.com/api/?source=qq&id=003v6ONi1LfvQN&type=pic","lrc":"https://music-dl.sayqz.com/api/?source=qq&id=003v6ONi1LfvQN&type=lrc"}]},"timestamp":"2026-01-24T16:48:26.405+08:00"}
16:48:26.287 [Thread-2124] INFO  c.s.d.p.node.SearchResultContainer - 搜索结果数量: 16
16:53:07.282 [JavaFX Application Thread] INFO  com.stickpoint.ddmusic.App - === 应用启动调试信息 ===
16:53:07.285 [JavaFX Application Thread] INFO  com.stickpoint.ddmusic.App - Java 版本: 21.0.8
16:53:07.286 [JavaFX Application Thread] INFO  com.stickpoint.ddmusic.App - JavaFX 版本: 21.0.7
16:53:07.286 [JavaFX Application Thread] INFO  com.stickpoint.ddmusic.App - 工作目录: E:\codeData\javaProject\javafx-ddmusic\ddmuisc2
16:53:07.287 [JavaFX Application Thread] INFO  com.stickpoint.ddmusic.App - 1. 开始创建 HomePage
16:53:11.933 [JavaFX Application Thread] INFO  c.s.ddmusic.common.utils.ConfigUtils - 配置文件读取成功: C:\Users\Administrator\ddmusic.dd
16:53:11.942 [JavaFX Application Thread] INFO  c.s.d.p.n.MusicPlayDetailContainer - 旋转角度: 60.0
16:53:12.046 [JavaFX Application Thread] INFO  com.stickpoint.ddmusic.App - 2. HomePage 创建成功
16:53:12.046 [JavaFX Application Thread] INFO  com.stickpoint.ddmusic.App - 3. 开始创建场景
16:53:12.105 [JavaFX Application Thread] INFO  com.stickpoint.ddmusic.App - 4. 场景创建成功
16:53:12.106 [JavaFX Application Thread] INFO  com.stickpoint.ddmusic.App - 5. 设置舞台属性
16:53:12.107 [JavaFX Application Thread] INFO  com.stickpoint.ddmusic.App - 6. 舞台属性设置完成
16:53:12.108 [JavaFX Application Thread] INFO  com.stickpoint.ddmusic.App - 7. 加载图标
16:53:12.109 [JavaFX Application Thread] INFO  com.stickpoint.ddmusic.App - 图标URL: file:/E:/codeData/javaProject/javafx-ddmusic/ddmuisc2/target/classes/img/logo.svg
16:53:12.155 [JavaFX Application Thread] INFO  com.stickpoint.ddmusic.App - 8. 图标加载成功
16:53:12.155 [JavaFX Application Thread] INFO  com.stickpoint.ddmusic.App - 9. 显示舞台
16:53:12.656 [JavaFX Application Thread] INFO  com.stickpoint.ddmusic.App - 10. 添加窗口缩放支持
16:53:12.660 [JavaFX Application Thread] INFO  com.stickpoint.ddmusic.App - 11. 居中显示
16:53:12.660 [JavaFX Application Thread] INFO  com.stickpoint.ddmusic.App - 12. 应用启动完成
16:54:04.794 [Thread-79] INFO  c.s.d.p.node.SearchResultContainer - 开始搜索关键词: 我不对
16:54:04.795 [Thread-79] INFO  c.s.d.common.utils.TuneHubApiUtils - 聚合搜索歌曲: 关键词=我不对
16:54:05.753 [Thread-79] INFO  c.s.d.p.node.SearchResultContainer - 搜索结果JSON: {"code":200,"message":"success","data":{"keyword":"我不对","limit":10,"page":1,"platforms":["netease","qq","kuwo"],"platformStats":{"netease":{"success":true,"count":10,"duration":340,"error":null},"qq":{"success":false,"count":0,"duration":309,"error":"搜索重试次数过多"},"kuwo":{"success":true,"count":0,"duration":23,"error":null}},"total":10,"results":[{"id":"1389152878","name":"我不好","artist":"张艺兴","album":"我不好","platform":"netease","url":"https://music-dl.sayqz.com/api/?source=netease&id=1389152878&type=url","pic":"https://music-dl.sayqz.com/api/?source=netease&id=1389152878&type=pic","lrc":"https://music-dl.sayqz.com/api/?source=netease&id=1389152878&type=lrc"},{"id":"1391927772","name":"我不好","artist":"语恒","album":"我不好","platform":"netease","url":"https://music-dl.sayqz.com/api/?source=netease&id=1391927772&type=url","pic":"https://music-dl.sayqz.com/api/?source=netease&id=1391927772&type=pic","lrc":"https://music-dl.sayqz.com/api/?source=netease&id=1391927772&type=lrc"},{"id":"2738146260","name":"我不对","artist":"九宝贝","album":"九宝贝最走心","platform":"netease","url":"https://music-dl.sayqz.com/api/?source=netease&id=2738146260&type=url","pic":"https://music-dl.sayqz.com/api/?source=netease&id=2738146260&type=pic","lrc":"https://music-dl.sayqz.com/api/?source=netease&id=2738146260&type=lrc"},{"id":"2703675544","name":"我不好","artist":"钊柯.l","album":"我不好","platform":"netease","url":"https://music-dl.sayqz.com/api/?source=netease&id=2703675544&type=url","pic":"https://music-dl.sayqz.com/api/?source=netease&id=2703675544&type=pic","lrc":"https://music-dl.sayqz.com/api/?source=netease&id=2703675544&type=lrc"},{"id":"1809286552","name":"我不对","artist":"金玮晟","album":"我不对","platform":"netease","url":"https://music-dl.sayqz.com/api/?source=netease&id=1809286552&type=url","pic":"https://music-dl.sayqz.com/api/?source=netease&id=1809286552&type=pic","lrc":"https://music-dl.sayqz.com/api/?source=netease&id=1809286552&type=lrc"},{"id":"1976481901","name":"我不对","artist":"钟婉芸","album":"想了很久，但还是觉得这样好","platform":"netease","url":"https://music-dl.sayqz.com/api/?source=netease&id=1976481901&type=url","pic":"https://music-dl.sayqz.com/api/?source=netease&id=1976481901&type=pic","lrc":"https://music-dl.sayqz.com/api/?source=netease&id=1976481901&type=lrc"},{"id":"1838786037","name":"我不好","artist":"郭文琳","album":"张艺兴","platform":"netease","url":"https://music-dl.sayqz.com/api/?source=netease&id=1838786037&type=url","pic":"https://music-dl.sayqz.com/api/?source=netease&id=1838786037&type=pic","lrc":"https://music-dl.sayqz.com/api/?source=netease&id=1838786037&type=lrc"},{"id":"2121080234","name":"我不好","artist":"Chloe Wong 黄筠儿","album":"我不好","platform":"netease","url":"https://music-dl.sayqz.com/api/?source=netease&id=2121080234&type=url","pic":"https://music-dl.sayqz.com/api/?source=netease&id=2121080234&type=pic","lrc":"https://music-dl.sayqz.com/api/?source=netease&id=2121080234&type=lrc"},{"id":"1389725043","name":"我不好 (伴奏)","artist":"张艺兴","album":"我不好","platform":"netease","url":"https://music-dl.sayqz.com/api/?source=netease&id=1389725043&type=url","pic":"https://music-dl.sayqz.com/api/?source=netease&id=1389725043&type=pic","lrc":"https://music-dl.sayqz.com/api/?source=netease&id=1389725043&type=lrc"},{"id":"1929341395","name":"我不對","artist":"梁一村","album":"Eric Master Leung","platform":"netease","url":"https://music-dl.sayqz.com/api/?source=netease&id=1929341395&type=url","pic":"https://music-dl.sayqz.com/api/?source=netease&id=1929341395&type=pic","lrc":"https://music-dl.sayqz.com/api/?source=netease&id=1929341395&type=lrc"}]},"timestamp":"2026-01-24T16:54:05.806+08:00"}
16:54:05.759 [Thread-79] INFO  c.s.d.p.node.SearchResultContainer - 搜索结果数量: 10
16:54:14.943 [JavaFX Application Thread] INFO  c.s.d.p.node.HomePageMenuItemPanel - === ToggleGroup 监听器被触发 ===
16:54:14.944 [JavaFX Application Thread] INFO  c.s.d.p.node.HomePageMenuItemPanel - oldToggle: null
16:54:14.944 [JavaFX Application Thread] INFO  c.s.d.p.node.HomePageMenuItemPanel - newToggle: recommend
16:54:14.944 [JavaFX Application Thread] INFO  c.s.d.p.node.HomePageMenuItemPanel - 当前选中的菜单项：recommend
16:54:14.945 [JavaFX Application Thread] INFO  c.s.d.p.node.HomePageMenuItemPanel - ================================
16:54:16.896 [Thread-82] INFO  c.s.d.p.node.SearchResultContainer - 开始搜索关键词: 我不对
16:54:16.896 [Thread-82] INFO  c.s.d.common.utils.TuneHubApiUtils - 聚合搜索歌曲: 关键词=我不对
16:54:17.902 [Thread-82] INFO  c.s.d.p.node.SearchResultContainer - 搜索结果JSON: {"code":200,"message":"success","data":{"keyword":"我不对","limit":10,"page":1,"platforms":["netease","qq","kuwo"],"platformStats":{"netease":{"success":true,"count":10,"duration":417,"error":null},"qq":{"success":false,"count":0,"duration":836,"error":"搜索重试次数过多"},"kuwo":{"success":true,"count":0,"duration":26,"error":null}},"total":10,"results":[{"id":"1389152878","name":"我不好","artist":"张艺兴","album":"我不好","platform":"netease","url":"https://music-dl.sayqz.com/api/?source=netease&id=1389152878&type=url","pic":"https://music-dl.sayqz.com/api/?source=netease&id=1389152878&type=pic","lrc":"https://music-dl.sayqz.com/api/?source=netease&id=1389152878&type=lrc"},{"id":"1391927772","name":"我不好","artist":"语恒","album":"我不好","platform":"netease","url":"https://music-dl.sayqz.com/api/?source=netease&id=1391927772&type=url","pic":"https://music-dl.sayqz.com/api/?source=netease&id=1391927772&type=pic","lrc":"https://music-dl.sayqz.com/api/?source=netease&id=1391927772&type=lrc"},{"id":"2738146260","name":"我不对","artist":"九宝贝","album":"九宝贝最走心","platform":"netease","url":"https://music-dl.sayqz.com/api/?source=netease&id=2738146260&type=url","pic":"https://music-dl.sayqz.com/api/?source=netease&id=2738146260&type=pic","lrc":"https://music-dl.sayqz.com/api/?source=netease&id=2738146260&type=lrc"},{"id":"2703675544","name":"我不好","artist":"钊柯.l","album":"我不好","platform":"netease","url":"https://music-dl.sayqz.com/api/?source=netease&id=2703675544&type=url","pic":"https://music-dl.sayqz.com/api/?source=netease&id=2703675544&type=pic","lrc":"https://music-dl.sayqz.com/api/?source=netease&id=2703675544&type=lrc"},{"id":"1809286552","name":"我不对","artist":"金玮晟","album":"我不对","platform":"netease","url":"https://music-dl.sayqz.com/api/?source=netease&id=1809286552&type=url","pic":"https://music-dl.sayqz.com/api/?source=netease&id=1809286552&type=pic","lrc":"https://music-dl.sayqz.com/api/?source=netease&id=1809286552&type=lrc"},{"id":"1976481901","name":"我不对","artist":"钟婉芸","album":"想了很久，但还是觉得这样好","platform":"netease","url":"https://music-dl.sayqz.com/api/?source=netease&id=1976481901&type=url","pic":"https://music-dl.sayqz.com/api/?source=netease&id=1976481901&type=pic","lrc":"https://music-dl.sayqz.com/api/?source=netease&id=1976481901&type=lrc"},{"id":"1838786037","name":"我不好","artist":"郭文琳","album":"张艺兴","platform":"netease","url":"https://music-dl.sayqz.com/api/?source=netease&id=1838786037&type=url","pic":"https://music-dl.sayqz.com/api/?source=netease&id=1838786037&type=pic","lrc":"https://music-dl.sayqz.com/api/?source=netease&id=1838786037&type=lrc"},{"id":"2121080234","name":"我不好","artist":"Chloe Wong 黄筠儿","album":"我不好","platform":"netease","url":"https://music-dl.sayqz.com/api/?source=netease&id=2121080234&type=url","pic":"https://music-dl.sayqz.com/api/?source=netease&id=2121080234&type=pic","lrc":"https://music-dl.sayqz.com/api/?source=netease&id=2121080234&type=lrc"},{"id":"1389725043","name":"我不好 (伴奏)","artist":"张艺兴","album":"我不好","platform":"netease","url":"https://music-dl.sayqz.com/api/?source=netease&id=1389725043&type=url","pic":"https://music-dl.sayqz.com/api/?source=netease&id=1389725043&type=pic","lrc":"https://music-dl.sayqz.com/api/?source=netease&id=1389725043&type=lrc"},{"id":"1929341395","name":"我不對","artist":"梁一村","album":"Eric Master Leung","platform":"netease","url":"https://music-dl.sayqz.com/api/?source=netease&id=1929341395&type=url","pic":"https://music-dl.sayqz.com/api/?source=netease&id=1929341395&type=pic","lrc":"https://music-dl.sayqz.com/api/?source=netease&id=1929341395&type=lrc"}]},"timestamp":"2026-01-24T16:54:18.053+08:00"}
16:54:17.902 [Thread-82] INFO  c.s.d.p.node.SearchResultContainer - 搜索结果数量: 10
16:55:30.942 [JavaFX Application Thread] INFO  c.s.d.p.node.HomePageMenuItemPanel - === ToggleGroup 监听器被触发 ===
16:55:30.942 [JavaFX Application Thread] INFO  c.s.d.p.node.HomePageMenuItemPanel - oldToggle: recommend
16:55:30.942 [JavaFX Application Thread] INFO  c.s.d.p.node.HomePageMenuItemPanel - newToggle: myMusic
16:55:30.942 [JavaFX Application Thread] INFO  c.s.d.p.node.HomePageMenuItemPanel - 当前选中的菜单项：myMusic
16:55:30.942 [JavaFX Application Thread] INFO  c.s.d.p.node.HomePageMenuItemPanel - 上一个被选中的菜单项：recommend
16:55:30.943 [JavaFX Application Thread] INFO  c.s.d.p.node.HomePageMenuItemPanel - ================================
16:55:35.774 [JavaFX Application Thread] INFO  c.s.d.p.node.HomePageMenuItemPanel - === ToggleGroup 监听器被触发 ===
16:55:35.775 [JavaFX Application Thread] INFO  c.s.d.p.node.HomePageMenuItemPanel - oldToggle: myMusic
16:55:35.775 [JavaFX Application Thread] INFO  c.s.d.p.node.HomePageMenuItemPanel - newToggle: jingxuan
16:55:35.775 [JavaFX Application Thread] INFO  c.s.d.p.node.HomePageMenuItemPanel - 当前选中的菜单项：jingxuan
16:55:35.775 [JavaFX Application Thread] INFO  c.s.d.p.node.HomePageMenuItemPanel - 上一个被选中的菜单项：myMusic
16:55:35.775 [JavaFX Application Thread] INFO  c.s.d.p.node.HomePageMenuItemPanel - ================================
16:55:36.981 [JavaFX Application Thread] INFO  c.s.d.p.node.HomePageMenuItemPanel - === ToggleGroup 监听器被触发 ===
16:55:36.982 [JavaFX Application Thread] INFO  c.s.d.p.node.HomePageMenuItemPanel - oldToggle: jingxuan
16:55:36.982 [JavaFX Application Thread] INFO  c.s.d.p.node.HomePageMenuItemPanel - newToggle: recommend
16:55:36.982 [JavaFX Application Thread] INFO  c.s.d.p.node.HomePageMenuItemPanel - 当前选中的菜单项：recommend
16:55:36.982 [JavaFX Application Thread] INFO  c.s.d.p.node.HomePageMenuItemPanel - 上一个被选中的菜单项：jingxuan
16:55:36.982 [JavaFX Application Thread] INFO  c.s.d.p.node.HomePageMenuItemPanel - ================================
16:55:39.433 [Thread-84] INFO  c.s.d.p.node.SearchResultContainer - 开始搜索关键词: 我不对
16:55:39.433 [Thread-84] INFO  c.s.d.common.utils.TuneHubApiUtils - 聚合搜索歌曲: 关键词=我不对
16:55:40.057 [Thread-84] INFO  c.s.d.p.node.SearchResultContainer - 搜索结果JSON: {"code":200,"message":"success","data":{"keyword":"我不对","limit":10,"page":1,"platforms":["netease","qq","kuwo"],"platformStats":{"netease":{"success":true,"count":10,"duration":387,"error":null},"qq":{"success":false,"count":0,"duration":328,"error":"搜索重试次数过多"},"kuwo":{"success":true,"count":0,"duration":32,"error":null}},"total":10,"results":[{"id":"1389152878","name":"我不好","artist":"张艺兴","album":"我不好","platform":"netease","url":"https://music-dl.sayqz.com/api/?source=netease&id=1389152878&type=url","pic":"https://music-dl.sayqz.com/api/?source=netease&id=1389152878&type=pic","lrc":"https://music-dl.sayqz.com/api/?source=netease&id=1389152878&type=lrc"},{"id":"1391927772","name":"我不好","artist":"语恒","album":"我不好","platform":"netease","url":"https://music-dl.sayqz.com/api/?source=netease&id=1391927772&type=url","pic":"https://music-dl.sayqz.com/api/?source=netease&id=1391927772&type=pic","lrc":"https://music-dl.sayqz.com/api/?source=netease&id=1391927772&type=lrc"},{"id":"2738146260","name":"我不对","artist":"九宝贝","album":"九宝贝最走心","platform":"netease","url":"https://music-dl.sayqz.com/api/?source=netease&id=2738146260&type=url","pic":"https://music-dl.sayqz.com/api/?source=netease&id=2738146260&type=pic","lrc":"https://music-dl.sayqz.com/api/?source=netease&id=2738146260&type=lrc"},{"id":"2703675544","name":"我不好","artist":"钊柯.l","album":"我不好","platform":"netease","url":"https://music-dl.sayqz.com/api/?source=netease&id=2703675544&type=url","pic":"https://music-dl.sayqz.com/api/?source=netease&id=2703675544&type=pic","lrc":"https://music-dl.sayqz.com/api/?source=netease&id=2703675544&type=lrc"},{"id":"1809286552","name":"我不对","artist":"金玮晟","album":"我不对","platform":"netease","url":"https://music-dl.sayqz.com/api/?source=netease&id=1809286552&type=url","pic":"https://music-dl.sayqz.com/api/?source=netease&id=1809286552&type=pic","lrc":"https://music-dl.sayqz.com/api/?source=netease&id=1809286552&type=lrc"},{"id":"1976481901","name":"我不对","artist":"钟婉芸","album":"想了很久，但还是觉得这样好","platform":"netease","url":"https://music-dl.sayqz.com/api/?source=netease&id=1976481901&type=url","pic":"https://music-dl.sayqz.com/api/?source=netease&id=1976481901&type=pic","lrc":"https://music-dl.sayqz.com/api/?source=netease&id=1976481901&type=lrc"},{"id":"1838786037","name":"我不好","artist":"郭文琳","album":"张艺兴","platform":"netease","url":"https://music-dl.sayqz.com/api/?source=netease&id=1838786037&type=url","pic":"https://music-dl.sayqz.com/api/?source=netease&id=1838786037&type=pic","lrc":"https://music-dl.sayqz.com/api/?source=netease&id=1838786037&type=lrc"},{"id":"2121080234","name":"我不好","artist":"Chloe Wong 黄筠儿","album":"我不好","platform":"netease","url":"https://music-dl.sayqz.com/api/?source=netease&id=2121080234&type=url","pic":"https://music-dl.sayqz.com/api/?source=netease&id=2121080234&type=pic","lrc":"https://music-dl.sayqz.com/api/?source=netease&id=2121080234&type=lrc"},{"id":"1389725043","name":"我不好 (伴奏)","artist":"张艺兴","album":"我不好","platform":"netease","url":"https://music-dl.sayqz.com/api/?source=netease&id=1389725043&type=url","pic":"https://music-dl.sayqz.com/api/?source=netease&id=1389725043&type=pic","lrc":"https://music-dl.sayqz.com/api/?source=netease&id=1389725043&type=lrc"},{"id":"1929341395","name":"我不對","artist":"梁一村","album":"Eric Master Leung","platform":"netease","url":"https://music-dl.sayqz.com/api/?source=netease&id=1929341395&type=url","pic":"https://music-dl.sayqz.com/api/?source=netease&id=1929341395&type=pic","lrc":"https://music-dl.sayqz.com/api/?source=netease&id=1929341395&type=lrc"}]},"timestamp":"2026-01-24T16:55:40.183+08:00"}
16:55:40.059 [Thread-84] INFO  c.s.d.p.node.SearchResultContainer - 搜索结果数量: 10
16:55:55.998 [JavaFX Application Thread] INFO  c.s.d.p.node.HomePageMenuItemPanel - === ToggleGroup 监听器被触发 ===
16:55:55.998 [JavaFX Application Thread] INFO  c.s.d.p.node.HomePageMenuItemPanel - oldToggle: recommend
16:55:55.998 [JavaFX Application Thread] INFO  c.s.d.p.node.HomePageMenuItemPanel - newToggle: myMusic
16:55:55.998 [JavaFX Application Thread] INFO  c.s.d.p.node.HomePageMenuItemPanel - 当前选中的菜单项：myMusic
16:55:55.998 [JavaFX Application Thread] INFO  c.s.d.p.node.HomePageMenuItemPanel - 上一个被选中的菜单项：recommend
16:55:55.999 [JavaFX Application Thread] INFO  c.s.d.p.node.HomePageMenuItemPanel - ================================
16:56:26.029 [JavaFX Application Thread] INFO  c.s.d.p.n.MusicPlayDetailContainer - 加载专辑封面: https://qnm.hunliji.com/o_1j4afpm441o4vceo1eilush18pj9.jpeg
16:56:26.030 [JavaFX Application Thread] INFO  c.s.d.p.n.MusicPlayDetailContainer - 当前旋转角度: 暂停--95.0
16:56:26.062 [Thread-88] INFO  c.s.d.p.n.MusicPlayDetailContainer - 实际专辑封面URL: https://qnm.hunliji.com/o_1j4afpm441o4vceo1eilush18pj9.jpeg
16:56:26.111 [JavaFX Application Thread] INFO  c.s.d.p.n.MusicPlayDetailContainer - 图片加载进度: 14%
16:56:26.112 [JavaFX Application Thread] INFO  c.s.d.p.n.MusicPlayDetailContainer - 图片加载进度: 24%
16:56:26.113 [JavaFX Application Thread] INFO  c.s.d.p.n.MusicPlayDetailContainer - 图片加载进度: 34%
16:56:26.114 [JavaFX Application Thread] INFO  c.s.d.p.n.MusicPlayDetailContainer - 图片加载进度: 44%
16:56:26.115 [JavaFX Application Thread] INFO  c.s.d.p.n.MusicPlayDetailContainer - 图片加载进度: 54%
16:56:26.116 [JavaFX Application Thread] INFO  c.s.d.p.n.MusicPlayDetailContainer - 图片加载进度: 64%
16:56:26.116 [JavaFX Application Thread] INFO  c.s.d.p.n.MusicPlayDetailContainer - 图片加载进度: 75%
16:56:26.117 [JavaFX Application Thread] INFO  c.s.d.p.n.MusicPlayDetailContainer - 图片加载进度: 85%
16:56:26.117 [JavaFX Application Thread] INFO  c.s.d.p.n.MusicPlayDetailContainer - 图片加载进度: 95%
16:56:26.118 [JavaFX Application Thread] INFO  c.s.d.p.n.MusicPlayDetailContainer - 图片加载进度: 100%
16:56:26.118 [JavaFX Application Thread] INFO  c.s.d.p.n.MusicPlayDetailContainer - 图片加载完成，加入缓存
16:56:46.452 [JavaFX Application Thread] INFO  c.s.d.p.node.HomePageMenuItemPanel - === ToggleGroup 监听器被触发 ===
16:56:46.453 [JavaFX Application Thread] INFO  c.s.d.p.node.HomePageMenuItemPanel - oldToggle: myMusic
16:56:46.453 [JavaFX Application Thread] INFO  c.s.d.p.node.HomePageMenuItemPanel - newToggle: recommend
16:56:46.453 [JavaFX Application Thread] INFO  c.s.d.p.node.HomePageMenuItemPanel - 当前选中的菜单项：recommend
16:56:46.453 [JavaFX Application Thread] INFO  c.s.d.p.node.HomePageMenuItemPanel - 上一个被选中的菜单项：myMusic
16:56:46.453 [JavaFX Application Thread] INFO  c.s.d.p.node.HomePageMenuItemPanel - ================================
16:56:47.945 [Thread-120] INFO  c.s.d.p.node.SearchResultContainer - 开始搜索关键词: 我不对
16:56:47.946 [Thread-120] INFO  c.s.d.common.utils.TuneHubApiUtils - 聚合搜索歌曲: 关键词=我不对
16:56:48.402 [Thread-120] INFO  c.s.d.p.node.SearchResultContainer - 搜索结果JSON: {"code":200,"message":"success","data":{"keyword":"我不对","limit":10,"page":1,"platforms":["netease","qq","kuwo"],"platformStats":{"netease":{"success":true,"count":10,"duration":282,"error":null},"qq":{"success":false,"count":0,"duration":303,"error":"搜索重试次数过多"},"kuwo":{"success":true,"count":0,"duration":27,"error":null}},"total":10,"results":[{"id":"1389152878","name":"我不好","artist":"张艺兴","album":"我不好","platform":"netease","url":"https://music-dl.sayqz.com/api/?source=netease&id=1389152878&type=url","pic":"https://music-dl.sayqz.com/api/?source=netease&id=1389152878&type=pic","lrc":"https://music-dl.sayqz.com/api/?source=netease&id=1389152878&type=lrc"},{"id":"1391927772","name":"我不好","artist":"语恒","album":"我不好","platform":"netease","url":"https://music-dl.sayqz.com/api/?source=netease&id=1391927772&type=url","pic":"https://music-dl.sayqz.com/api/?source=netease&id=1391927772&type=pic","lrc":"https://music-dl.sayqz.com/api/?source=netease&id=1391927772&type=lrc"},{"id":"2738146260","name":"我不对","artist":"九宝贝","album":"九宝贝最走心","platform":"netease","url":"https://music-dl.sayqz.com/api/?source=netease&id=2738146260&type=url","pic":"https://music-dl.sayqz.com/api/?source=netease&id=2738146260&type=pic","lrc":"https://music-dl.sayqz.com/api/?source=netease&id=2738146260&type=lrc"},{"id":"2703675544","name":"我不好","artist":"钊柯.l","album":"我不好","platform":"netease","url":"https://music-dl.sayqz.com/api/?source=netease&id=2703675544&type=url","pic":"https://music-dl.sayqz.com/api/?source=netease&id=2703675544&type=pic","lrc":"https://music-dl.sayqz.com/api/?source=netease&id=2703675544&type=lrc"},{"id":"1809286552","name":"我不对","artist":"金玮晟","album":"我不对","platform":"netease","url":"https://music-dl.sayqz.com/api/?source=netease&id=1809286552&type=url","pic":"https://music-dl.sayqz.com/api/?source=netease&id=1809286552&type=pic","lrc":"https://music-dl.sayqz.com/api/?source=netease&id=1809286552&type=lrc"},{"id":"1976481901","name":"我不对","artist":"钟婉芸","album":"想了很久，但还是觉得这样好","platform":"netease","url":"https://music-dl.sayqz.com/api/?source=netease&id=1976481901&type=url","pic":"https://music-dl.sayqz.com/api/?source=netease&id=1976481901&type=pic","lrc":"https://music-dl.sayqz.com/api/?source=netease&id=1976481901&type=lrc"},{"id":"1838786037","name":"我不好","artist":"郭文琳","album":"张艺兴","platform":"netease","url":"https://music-dl.sayqz.com/api/?source=netease&id=1838786037&type=url","pic":"https://music-dl.sayqz.com/api/?source=netease&id=1838786037&type=pic","lrc":"https://music-dl.sayqz.com/api/?source=netease&id=1838786037&type=lrc"},{"id":"2121080234","name":"我不好","artist":"Chloe Wong 黄筠儿","album":"我不好","platform":"netease","url":"https://music-dl.sayqz.com/api/?source=netease&id=2121080234&type=url","pic":"https://music-dl.sayqz.com/api/?source=netease&id=2121080234&type=pic","lrc":"https://music-dl.sayqz.com/api/?source=netease&id=2121080234&type=lrc"},{"id":"1389725043","name":"我不好 (伴奏)","artist":"张艺兴","album":"我不好","platform":"netease","url":"https://music-dl.sayqz.com/api/?source=netease&id=1389725043&type=url","pic":"https://music-dl.sayqz.com/api/?source=netease&id=1389725043&type=pic","lrc":"https://music-dl.sayqz.com/api/?source=netease&id=1389725043&type=lrc"},{"id":"1929341395","name":"我不對","artist":"梁一村","album":"Eric Master Leung","platform":"netease","url":"https://music-dl.sayqz.com/api/?source=netease&id=1929341395&type=url","pic":"https://music-dl.sayqz.com/api/?source=netease&id=1929341395&type=pic","lrc":"https://music-dl.sayqz.com/api/?source=netease&id=1929341395&type=lrc"}]},"timestamp":"2026-01-24T16:56:48.554+08:00"}
16:56:48.403 [Thread-120] INFO  c.s.d.p.node.SearchResultContainer - 搜索结果数量: 10
16:58:55.190 [JavaFX Application Thread] INFO  c.s.d.p.node.HomePageMenuItemPanel - === ToggleGroup 监听器被触发 ===
16:58:55.190 [JavaFX Application Thread] INFO  c.s.d.p.node.HomePageMenuItemPanel - oldToggle: recommend
16:58:55.190 [JavaFX Application Thread] INFO  c.s.d.p.node.HomePageMenuItemPanel - newToggle: jingxuan
16:58:55.190 [JavaFX Application Thread] INFO  c.s.d.p.node.HomePageMenuItemPanel - 当前选中的菜单项：jingxuan
16:58:55.190 [JavaFX Application Thread] INFO  c.s.d.p.node.HomePageMenuItemPanel - 上一个被选中的菜单项：recommend
16:58:55.191 [JavaFX Application Thread] INFO  c.s.d.p.node.HomePageMenuItemPanel - ================================
16:58:56.070 [JavaFX Application Thread] INFO  c.s.d.p.node.HomePageMenuItemPanel - === ToggleGroup 监听器被触发 ===
16:58:56.070 [JavaFX Application Thread] INFO  c.s.d.p.node.HomePageMenuItemPanel - oldToggle: jingxuan
16:58:56.071 [JavaFX Application Thread] INFO  c.s.d.p.node.HomePageMenuItemPanel - newToggle: podcast
16:58:56.071 [JavaFX Application Thread] INFO  c.s.d.p.node.HomePageMenuItemPanel - 当前选中的菜单项：podcast
16:58:56.071 [JavaFX Application Thread] INFO  c.s.d.p.node.HomePageMenuItemPanel - 上一个被选中的菜单项：jingxuan
16:58:56.071 [JavaFX Application Thread] INFO  c.s.d.p.node.HomePageMenuItemPanel - ================================
16:58:56.532 [JavaFX Application Thread] INFO  c.s.d.p.node.HomePageMenuItemPanel - === ToggleGroup 监听器被触发 ===
16:58:56.533 [JavaFX Application Thread] INFO  c.s.d.p.node.HomePageMenuItemPanel - oldToggle: podcast
16:58:56.533 [JavaFX Application Thread] INFO  c.s.d.p.node.HomePageMenuItemPanel - newToggle: roam
16:58:56.533 [JavaFX Application Thread] INFO  c.s.d.p.node.HomePageMenuItemPanel - 当前选中的菜单项：roam
16:58:56.533 [JavaFX Application Thread] INFO  c.s.d.p.node.HomePageMenuItemPanel - 上一个被选中的菜单项：podcast
16:58:56.533 [JavaFX Application Thread] INFO  c.s.d.p.node.HomePageMenuItemPanel - ================================
16:58:57.100 [JavaFX Application Thread] INFO  c.s.d.p.node.HomePageMenuItemPanel - === ToggleGroup 监听器被触发 ===
16:58:57.101 [JavaFX Application Thread] INFO  c.s.d.p.node.HomePageMenuItemPanel - oldToggle: roam
16:58:57.101 [JavaFX Application Thread] INFO  c.s.d.p.node.HomePageMenuItemPanel - newToggle: recent
16:58:57.101 [JavaFX Application Thread] INFO  c.s.d.p.node.HomePageMenuItemPanel - 当前选中的菜单项：recent
16:58:57.101 [JavaFX Application Thread] INFO  c.s.d.p.node.HomePageMenuItemPanel - 上一个被选中的菜单项：roam
16:58:57.101 [JavaFX Application Thread] INFO  c.s.d.p.node.HomePageMenuItemPanel - ================================
16:58:57.637 [JavaFX Application Thread] INFO  c.s.d.p.node.HomePageMenuItemPanel - === ToggleGroup 监听器被触发 ===
16:58:57.637 [JavaFX Application Thread] INFO  c.s.d.p.node.HomePageMenuItemPanel - oldToggle: recent
16:58:57.637 [JavaFX Application Thread] INFO  c.s.d.p.node.HomePageMenuItemPanel - newToggle: myMusic
16:58:57.637 [JavaFX Application Thread] INFO  c.s.d.p.node.HomePageMenuItemPanel - 当前选中的菜单项：myMusic
16:58:57.637 [JavaFX Application Thread] INFO  c.s.d.p.node.HomePageMenuItemPanel - 上一个被选中的菜单项：recent
16:58:57.637 [JavaFX Application Thread] INFO  c.s.d.p.node.HomePageMenuItemPanel - ================================
16:59:00.423 [JavaFX Application Thread] INFO  c.s.d.p.node.HomePageMenuItemPanel - === ToggleGroup 监听器被触发 ===
16:59:00.423 [JavaFX Application Thread] INFO  c.s.d.p.node.HomePageMenuItemPanel - oldToggle: myMusic
16:59:00.423 [JavaFX Application Thread] INFO  c.s.d.p.node.HomePageMenuItemPanel - newToggle: recommend
16:59:00.423 [JavaFX Application Thread] INFO  c.s.d.p.node.HomePageMenuItemPanel - 当前选中的菜单项：recommend
16:59:00.423 [JavaFX Application Thread] INFO  c.s.d.p.node.HomePageMenuItemPanel - 上一个被选中的菜单项：myMusic
16:59:00.423 [JavaFX Application Thread] INFO  c.s.d.p.node.HomePageMenuItemPanel - ================================
16:59:04.334 [Thread-190] INFO  c.s.d.p.node.SearchResultContainer - 开始搜索关键词: 二十分钟
16:59:04.334 [Thread-190] INFO  c.s.d.common.utils.TuneHubApiUtils - 聚合搜索歌曲: 关键词=二十分钟
16:59:05.296 [Thread-190] INFO  c.s.d.p.node.SearchResultContainer - 搜索结果JSON: {"code":200,"message":"success","data":{"keyword":"二十分钟","limit":10,"page":1,"platforms":["netease","qq","kuwo"],"platformStats":{"netease":{"success":true,"count":10,"duration":723,"error":null},"qq":{"success":true,"count":10,"duration":145,"error":null},"kuwo":{"success":true,"count":0,"duration":19,"error":null}},"total":20,"results":[{"id":"3334421479","name":"20分钟","artist":"DJosama、AudiBoi、evl66","album":"DJosama","platform":"netease","url":"https://music-dl.sayqz.com/api/?source=netease&id=3334421479&type=url","pic":"https://music-dl.sayqz.com/api/?source=netease&id=3334421479&type=pic","lrc":"https://music-dl.sayqz.com/api/?source=netease&id=3334421479&type=lrc"},{"id":"000UP2Pg1xhSAX","name":"20分钟","artist":"本兮","album":"溺爱","platform":"qq","url":"https://music-dl.sayqz.com/api/?source=qq&id=000UP2Pg1xhSAX&type=url","pic":"https://music-dl.sayqz.com/api/?source=qq&id=000UP2Pg1xhSAX&type=pic","lrc":"https://music-dl.sayqz.com/api/?source=qq&id=000UP2Pg1xhSAX&type=lrc"},{"id":"26598859","name":"20分钟","artist":"本兮","album":"溺爱","platform":"netease","url":"https://music-dl.sayqz.com/api/?source=netease&id=26598859&type=url","pic":"https://music-dl.sayqz.com/api/?source=netease&id=26598859&type=pic","lrc":"https://music-dl.sayqz.com/api/?source=netease&id=26598859&type=lrc"},{"id":"004NX1qu4FbSqv","name":"20 Min (Explicit)","artist":"Lil Uzi Vert","album":"Luv Is Rage 2 (Deluxe) [Explicit]","platform":"qq","url":"https://music-dl.sayqz.com/api/?source=qq&id=004NX1qu4FbSqv&type=url","pic":"https://music-dl.sayqz.com/api/?source=qq&id=004NX1qu4FbSqv&type=pic","lrc":"https://music-dl.sayqz.com/api/?source=qq&id=004NX1qu4FbSqv&type=lrc"},{"id":"2694615432","name":"二十分钟","artist":"M21","album":"的发表","platform":"netease","url":"https://music-dl.sayqz.com/api/?source=netease&id=2694615432&type=url","pic":"https://music-dl.sayqz.com/api/?source=netease&id=2694615432&type=pic","lrc":"https://music-dl.sayqz.com/api/?source=netease&id=2694615432&type=lrc"},{"id":"000Va1in2TvH4S","name":"512集 用了二十分钟的转身","artist":"于申威-袏佑","album":"麻衣神算子|袏佑|悬疑神作|阴阳风水|我给死人看命","platform":"qq","url":"https://music-dl.sayqz.com/api/?source=qq&id=000Va1in2TvH4S&type=url","pic":"https://music-dl.sayqz.com/api/?source=qq&id=000Va1in2TvH4S&type=pic","lrc":"https://music-dl.sayqz.com/api/?source=qq&id=000Va1in2TvH4S&type=lrc"},{"id":"1897978874","name":"20分钟","artist":"一夫","album":"10分钟","platform":"netease","url":"https://music-dl.sayqz.com/api/?source=netease&id=1897978874&type=url","pic":"https://music-dl.sayqz.com/api/?source=netease&id=1897978874&type=pic","lrc":"https://music-dl.sayqz.com/api/?source=netease&id=1897978874&type=lrc"},{"id":"002ig4Nf2kbW7g","name":"二十分钟","artist":"秦天志.","album":"二十分钟","platform":"qq","url":"https://music-dl.sayqz.com/api/?source=qq&id=002ig4Nf2kbW7g&type=url","pic":"https://music-dl.sayqz.com/api/?source=qq&id=002ig4Nf2kbW7g&type=pic","lrc":"https://music-dl.sayqz.com/api/?source=qq&id=002ig4Nf2kbW7g&type=lrc"},{"id":"499802989","name":"027-ARCHIVES(GROVE HOOD Talk Shit Freestyle)","artist":"忘词Thugkid、GROVE HOOD葛洛夫兄弟会","album":"027-ARCHIVES","platform":"netease","url":"https://music-dl.sayqz.com/api/?source=netease&id=499802989&type=url","pic":"https://music-dl.sayqz.com/api/?source=netease&id=499802989&type=pic","lrc":"https://music-dl.sayqz.com/api/?source=netease&id=499802989&type=lrc"},{"id":"0013XL570Nhnt2","name":"十分钟","artist":"张韶涵","album":"与世之争","platform":"qq","url":"https://music-dl.sayqz.com/api/?source=qq&id=0013XL570Nhnt2&type=url","pic":"https://music-dl.sayqz.com/api/?source=qq&id=0013XL570Nhnt2&type=pic","lrc":"https://music-dl.sayqz.com/api/?source=qq&id=0013XL570Nhnt2&type=lrc"},{"id":"1925501245","name":"二十分钟","artist":"猫和狗","album":"独归","platform":"netease","url":"https://music-dl.sayqz.com/api/?source=netease&id=1925501245&type=url","pic":"https://music-dl.sayqz.com/api/?source=netease&id=1925501245&type=pic","lrc":"https://music-dl.sayqz.com/api/?source=netease&id=1925501245&type=lrc"},{"id":"001fBjy11wgyra","name":"10 Minutes","artist":"李孝利","album":"Stylish","platform":"qq","url":"https://music-dl.sayqz.com/api/?source=qq&id=001fBjy11wgyra&type=url","pic":"https://music-dl.sayqz.com/api/?source=qq&id=001fBjy11wgyra&type=pic","lrc":"https://music-dl.sayqz.com/api/?source=qq&id=001fBjy11wgyra&type=lrc"},{"id":"31140336","name":"The Left Panel","artist":"Buckethead","album":"The Left Panel","platform":"netease","url":"https://music-dl.sayqz.com/api/?source=netease&id=31140336&type=url","pic":"https://music-dl.sayqz.com/api/?source=netease&id=31140336&type=pic","lrc":"https://music-dl.sayqz.com/api/?source=netease&id=31140336&type=lrc"},{"id":"001LY5Am0ofIno","name":"一公里的幸福","artist":"徐良","album":"情话","platform":"qq","url":"https://music-dl.sayqz.com/api/?source=qq&id=001LY5Am0ofIno&type=url","pic":"https://music-dl.sayqz.com/api/?source=qq&id=001LY5Am0ofIno&type=pic","lrc":"https://music-dl.sayqz.com/api/?source=qq&id=001LY5Am0ofIno&type=lrc"},{"id":"2164441437","name":"二十分钟","artist":"阅读轻音乐","album":"勿因喜而轻诺","platform":"netease","url":"https://music-dl.sayqz.com/api/?source=netease&id=2164441437&type=url","pic":"https://music-dl.sayqz.com/api/?source=netease&id=2164441437&type=pic","lrc":"https://music-dl.sayqz.com/api/?source=netease&id=2164441437&type=lrc"},{"id":"0002eRkB21fnsD","name":"十分钟","artist":"EnjiA魏恩佳","album":"“EnjiA”","platform":"qq","url":"https://music-dl.sayqz.com/api/?source=qq&id=0002eRkB21fnsD&type=url","pic":"https://music-dl.sayqz.com/api/?source=qq&id=0002eRkB21fnsD&type=pic","lrc":"https://music-dl.sayqz.com/api/?source=qq&id=0002eRkB21fnsD&type=lrc"},{"id":"1454401100","name":"二十分钟","artist":"PRC、孙泽成_","album":"二十分钟","platform":"netease","url":"https://music-dl.sayqz.com/api/?source=netease&id=1454401100&type=url","pic":"https://music-dl.sayqz.com/api/?source=netease&id=1454401100&type=pic","lrc":"https://music-dl.sayqz.com/api/?source=netease&id=1454401100&type=lrc"},{"id":"000ZB5BZ2goaBZ","name":"十分钟 (配180节拍) (配180节拍)","artist":"盒子有话","album":"跑步音乐配步频180拍/分钟","platform":"qq","url":"https://music-dl.sayqz.com/api/?source=qq&id=000ZB5BZ2goaBZ&type=url","pic":"https://music-dl.sayqz.com/api/?source=qq&id=000ZB5BZ2goaBZ&type=pic","lrc":"https://music-dl.sayqz.com/api/?source=qq&id=000ZB5BZ2goaBZ&type=lrc"},{"id":"1896400593","name":"The Next Rap God 2","artist":"Dax","album":"The Next Rap God 2","platform":"netease","url":"https://music-dl.sayqz.com/api/?source=netease&id=1896400593&type=url","pic":"https://music-dl.sayqz.com/api/?source=netease&id=1896400593&type=pic","lrc":"https://music-dl.sayqz.com/api/?source=netease&id=1896400593&type=lrc"},{"id":"003k8Wqr2QTUlc","name":"10 Minutes","artist":"INNA","album":"Very Hot (Collector's Edition) (disc1)","platform":"qq","url":"https://music-dl.sayqz.com/api/?source=qq&id=003k8Wqr2QTUlc&type=url","pic":"https://music-dl.sayqz.com/api/?source=qq&id=003k8Wqr2QTUlc&type=pic","lrc":"https://music-dl.sayqz.com/api/?source=qq&id=003k8Wqr2QTUlc&type=lrc"}]},"timestamp":"2026-01-24T16:59:05.432+08:00"}
16:59:05.297 [Thread-190] INFO  c.s.d.p.node.SearchResultContainer - 搜索结果数量: 20
16:59:15.061 [JavaFX Application Thread] INFO  c.s.d.p.node.HomePageMenuItemPanel - === ToggleGroup 监听器被触发 ===
16:59:15.062 [JavaFX Application Thread] INFO  c.s.d.p.node.HomePageMenuItemPanel - oldToggle: recommend
16:59:15.062 [JavaFX Application Thread] INFO  c.s.d.p.node.HomePageMenuItemPanel - newToggle: jingxuan
16:59:15.062 [JavaFX Application Thread] INFO  c.s.d.p.node.HomePageMenuItemPanel - 当前选中的菜单项：jingxuan
16:59:15.062 [JavaFX Application Thread] INFO  c.s.d.p.node.HomePageMenuItemPanel - 上一个被选中的菜单项：recommend
16:59:15.062 [JavaFX Application Thread] INFO  c.s.d.p.node.HomePageMenuItemPanel - ================================
16:59:16.134 [JavaFX Application Thread] INFO  c.s.d.p.node.HomePageMenuItemPanel - === ToggleGroup 监听器被触发 ===
16:59:16.134 [JavaFX Application Thread] INFO  c.s.d.p.node.HomePageMenuItemPanel - oldToggle: jingxuan
16:59:16.134 [JavaFX Application Thread] INFO  c.s.d.p.node.HomePageMenuItemPanel - newToggle: recommend
16:59:16.134 [JavaFX Application Thread] INFO  c.s.d.p.node.HomePageMenuItemPanel - 当前选中的菜单项：recommend
16:59:16.134 [JavaFX Application Thread] INFO  c.s.d.p.node.HomePageMenuItemPanel - 上一个被选中的菜单项：jingxuan
16:59:16.134 [JavaFX Application Thread] INFO  c.s.d.p.node.HomePageMenuItemPanel - ================================
16:59:17.564 [JavaFX Application Thread] INFO  c.s.d.p.node.HomePageMenuItemPanel - === ToggleGroup 监听器被触发 ===
16:59:17.564 [JavaFX Application Thread] INFO  c.s.d.p.node.HomePageMenuItemPanel - oldToggle: recommend
16:59:17.564 [JavaFX Application Thread] INFO  c.s.d.p.node.HomePageMenuItemPanel - newToggle: jingxuan
16:59:17.564 [JavaFX Application Thread] INFO  c.s.d.p.node.HomePageMenuItemPanel - 当前选中的菜单项：jingxuan
16:59:17.564 [JavaFX Application Thread] INFO  c.s.d.p.node.HomePageMenuItemPanel - 上一个被选中的菜单项：recommend
16:59:17.564 [JavaFX Application Thread] INFO  c.s.d.p.node.HomePageMenuItemPanel - ================================
16:59:18.005 [JavaFX Application Thread] INFO  c.s.d.p.node.HomePageMenuItemPanel - === ToggleGroup 监听器被触发 ===
16:59:18.005 [JavaFX Application Thread] INFO  c.s.d.p.node.HomePageMenuItemPanel - oldToggle: jingxuan
16:59:18.005 [JavaFX Application Thread] INFO  c.s.d.p.node.HomePageMenuItemPanel - newToggle: podcast
16:59:18.005 [JavaFX Application Thread] INFO  c.s.d.p.node.HomePageMenuItemPanel - 当前选中的菜单项：podcast
16:59:18.005 [JavaFX Application Thread] INFO  c.s.d.p.node.HomePageMenuItemPanel - 上一个被选中的菜单项：jingxuan
16:59:18.005 [JavaFX Application Thread] INFO  c.s.d.p.node.HomePageMenuItemPanel - ================================
16:59:19.463 [JavaFX Application Thread] INFO  c.s.d.p.node.HomePageMenuItemPanel - === ToggleGroup 监听器被触发 ===
16:59:19.463 [JavaFX Application Thread] INFO  c.s.d.p.node.HomePageMenuItemPanel - oldToggle: podcast
16:59:19.463 [JavaFX Application Thread] INFO  c.s.d.p.node.HomePageMenuItemPanel - newToggle: roam
16:59:19.463 [JavaFX Application Thread] INFO  c.s.d.p.node.HomePageMenuItemPanel - 当前选中的菜单项：roam
16:59:19.463 [JavaFX Application Thread] INFO  c.s.d.p.node.HomePageMenuItemPanel - 上一个被选中的菜单项：podcast
16:59:19.463 [JavaFX Application Thread] INFO  c.s.d.p.node.HomePageMenuItemPanel - ================================
16:59:19.990 [JavaFX Application Thread] INFO  c.s.d.p.node.HomePageMenuItemPanel - === ToggleGroup 监听器被触发 ===
16:59:19.991 [JavaFX Application Thread] INFO  c.s.d.p.node.HomePageMenuItemPanel - oldToggle: roam
16:59:19.991 [JavaFX Application Thread] INFO  c.s.d.p.node.HomePageMenuItemPanel - newToggle: myMusic
16:59:19.991 [JavaFX Application Thread] INFO  c.s.d.p.node.HomePageMenuItemPanel - 当前选中的菜单项：myMusic
16:59:19.991 [JavaFX Application Thread] INFO  c.s.d.p.node.HomePageMenuItemPanel - 上一个被选中的菜单项：roam
16:59:19.991 [JavaFX Application Thread] INFO  c.s.d.p.node.HomePageMenuItemPanel - ================================
16:59:20.773 [JavaFX Application Thread] INFO  c.s.d.p.node.HomePageMenuItemPanel - === ToggleGroup 监听器被触发 ===
16:59:20.774 [JavaFX Application Thread] INFO  c.s.d.p.node.HomePageMenuItemPanel - oldToggle: myMusic
16:59:20.774 [JavaFX Application Thread] INFO  c.s.d.p.node.HomePageMenuItemPanel - newToggle: recent
16:59:20.775 [JavaFX Application Thread] INFO  c.s.d.p.node.HomePageMenuItemPanel - 当前选中的菜单项：recent
16:59:20.775 [JavaFX Application Thread] INFO  c.s.d.p.node.HomePageMenuItemPanel - 上一个被选中的菜单项：myMusic
16:59:20.775 [JavaFX Application Thread] INFO  c.s.d.p.node.HomePageMenuItemPanel - ================================
16:59:21.613 [JavaFX Application Thread] INFO  c.s.d.p.node.HomePageMenuItemPanel - === ToggleGroup 监听器被触发 ===
16:59:21.613 [JavaFX Application Thread] INFO  c.s.d.p.node.HomePageMenuItemPanel - oldToggle: recent
16:59:21.614 [JavaFX Application Thread] INFO  c.s.d.p.node.HomePageMenuItemPanel - newToggle: myPlaylist
16:59:21.614 [JavaFX Application Thread] INFO  c.s.d.p.node.HomePageMenuItemPanel - 当前选中的菜单项：myPlaylist
16:59:21.614 [JavaFX Application Thread] INFO  c.s.d.p.node.HomePageMenuItemPanel - 上一个被选中的菜单项：recent
16:59:21.614 [JavaFX Application Thread] INFO  c.s.d.p.node.HomePageMenuItemPanel - ================================
16:59:22.165 [JavaFX Application Thread] INFO  c.s.d.p.node.HomePageMenuItemPanel - === ToggleGroup 监听器被触发 ===
16:59:22.165 [JavaFX Application Thread] INFO  c.s.d.p.node.HomePageMenuItemPanel - oldToggle: myPlaylist
16:59:22.165 [JavaFX Application Thread] INFO  c.s.d.p.node.HomePageMenuItemPanel - newToggle: recent
16:59:22.165 [JavaFX Application Thread] INFO  c.s.d.p.node.HomePageMenuItemPanel - 当前选中的菜单项：recent
16:59:22.165 [JavaFX Application Thread] INFO  c.s.d.p.node.HomePageMenuItemPanel - 上一个被选中的菜单项：myPlaylist
16:59:22.165 [JavaFX Application Thread] INFO  c.s.d.p.node.HomePageMenuItemPanel - ================================
16:59:22.524 [JavaFX Application Thread] INFO  c.s.d.p.node.HomePageMenuItemPanel - === ToggleGroup 监听器被触发 ===
16:59:22.525 [JavaFX Application Thread] INFO  c.s.d.p.node.HomePageMenuItemPanel - oldToggle: recent
16:59:22.526 [JavaFX Application Thread] INFO  c.s.d.p.node.HomePageMenuItemPanel - newToggle: myMusic
16:59:22.526 [JavaFX Application Thread] INFO  c.s.d.p.node.HomePageMenuItemPanel - 当前选中的菜单项：myMusic
16:59:22.526 [JavaFX Application Thread] INFO  c.s.d.p.node.HomePageMenuItemPanel - 上一个被选中的菜单项：recent
16:59:22.526 [JavaFX Application Thread] INFO  c.s.d.p.node.HomePageMenuItemPanel - ================================
16:59:23.469 [JavaFX Application Thread] INFO  c.s.d.p.node.HomePageMenuItemPanel - === ToggleGroup 监听器被触发 ===
16:59:23.469 [JavaFX Application Thread] INFO  c.s.d.p.node.HomePageMenuItemPanel - oldToggle: myMusic
16:59:23.469 [JavaFX Application Thread] INFO  c.s.d.p.node.HomePageMenuItemPanel - newToggle: recommend
16:59:23.469 [JavaFX Application Thread] INFO  c.s.d.p.node.HomePageMenuItemPanel - 当前选中的菜单项：recommend
16:59:23.469 [JavaFX Application Thread] INFO  c.s.d.p.node.HomePageMenuItemPanel - 上一个被选中的菜单项：myMusic
16:59:23.469 [JavaFX Application Thread] INFO  c.s.d.p.node.HomePageMenuItemPanel - ================================
16:59:31.272 [JavaFX Application Thread] INFO  c.s.d.p.n.MusicPlayDetailContainer - 暂停旋转
16:59:31.273 [JavaFX Application Thread] INFO  c.s.d.p.n.MusicPlayDetailContainer - 当前播放状态: STOPPED
16:59:31.274 [JavaFX Application Thread] INFO  c.s.d.p.n.MusicPlayDetailContainer - 当前旋转角度: 播放--95.0
16:59:32.924 [JavaFX Application Thread] INFO  c.s.d.p.node.HomePageMenuItemPanel - === ToggleGroup 监听器被触发 ===
16:59:32.924 [JavaFX Application Thread] INFO  c.s.d.p.node.HomePageMenuItemPanel - oldToggle: recommend
16:59:32.925 [JavaFX Application Thread] INFO  c.s.d.p.node.HomePageMenuItemPanel - newToggle: jingxuan
16:59:32.925 [JavaFX Application Thread] INFO  c.s.d.p.node.HomePageMenuItemPanel - 当前选中的菜单项：jingxuan
16:59:32.925 [JavaFX Application Thread] INFO  c.s.d.p.node.HomePageMenuItemPanel - 上一个被选中的菜单项：recommend
16:59:32.925 [JavaFX Application Thread] INFO  c.s.d.p.node.HomePageMenuItemPanel - ================================
16:59:36.175 [JavaFX Application Thread] INFO  c.s.d.p.node.HomePageMenuItemPanel - === ToggleGroup 监听器被触发 ===
16:59:36.175 [JavaFX Application Thread] INFO  c.s.d.p.node.HomePageMenuItemPanel - oldToggle: jingxuan
16:59:36.176 [JavaFX Application Thread] INFO  c.s.d.p.node.HomePageMenuItemPanel - newToggle: myMusic
16:59:36.176 [JavaFX Application Thread] INFO  c.s.d.p.node.HomePageMenuItemPanel - 当前选中的菜单项：myMusic
16:59:36.176 [JavaFX Application Thread] INFO  c.s.d.p.node.HomePageMenuItemPanel - 上一个被选中的菜单项：jingxuan
16:59:36.176 [JavaFX Application Thread] INFO  c.s.d.p.node.HomePageMenuItemPanel - ================================
16:59:38.028 [JavaFX Application Thread] INFO  c.s.d.p.node.HomePageMenuItemPanel - === ToggleGroup 监听器被触发 ===
16:59:38.028 [JavaFX Application Thread] INFO  c.s.d.p.node.HomePageMenuItemPanel - oldToggle: myMusic
16:59:38.028 [JavaFX Application Thread] INFO  c.s.d.p.node.HomePageMenuItemPanel - newToggle: recommend
16:59:38.028 [JavaFX Application Thread] INFO  c.s.d.p.node.HomePageMenuItemPanel - 当前选中的菜单项：recommend
16:59:38.028 [JavaFX Application Thread] INFO  c.s.d.p.node.HomePageMenuItemPanel - 上一个被选中的菜单项：myMusic
16:59:38.028 [JavaFX Application Thread] INFO  c.s.d.p.node.HomePageMenuItemPanel - ================================
16:59:39.502 [JavaFX Application Thread] INFO  c.s.d.p.node.HomePageMenuItemPanel - === ToggleGroup 监听器被触发 ===
16:59:39.502 [JavaFX Application Thread] INFO  c.s.d.p.node.HomePageMenuItemPanel - oldToggle: recommend
16:59:39.502 [JavaFX Application Thread] INFO  c.s.d.p.node.HomePageMenuItemPanel - newToggle: myMusic
16:59:39.502 [JavaFX Application Thread] INFO  c.s.d.p.node.HomePageMenuItemPanel - 当前选中的菜单项：myMusic
16:59:39.502 [JavaFX Application Thread] INFO  c.s.d.p.node.HomePageMenuItemPanel - 上一个被选中的菜单项：recommend
16:59:39.502 [JavaFX Application Thread] INFO  c.s.d.p.node.HomePageMenuItemPanel - ================================
16:59:40.190 [JavaFX Application Thread] INFO  c.s.d.p.node.HomePageMenuItemPanel - === ToggleGroup 监听器被触发 ===
16:59:40.190 [JavaFX Application Thread] INFO  c.s.d.p.node.HomePageMenuItemPanel - oldToggle: myMusic
16:59:40.190 [JavaFX Application Thread] INFO  c.s.d.p.node.HomePageMenuItemPanel - newToggle: recent
16:59:40.190 [JavaFX Application Thread] INFO  c.s.d.p.node.HomePageMenuItemPanel - 当前选中的菜单项：recent
16:59:40.190 [JavaFX Application Thread] INFO  c.s.d.p.node.HomePageMenuItemPanel - 上一个被选中的菜单项：myMusic
16:59:40.191 [JavaFX Application Thread] INFO  c.s.d.p.node.HomePageMenuItemPanel - ================================
16:59:40.758 [JavaFX Application Thread] INFO  c.s.d.p.node.HomePageMenuItemPanel - === ToggleGroup 监听器被触发 ===
16:59:40.759 [JavaFX Application Thread] INFO  c.s.d.p.node.HomePageMenuItemPanel - oldToggle: recent
16:59:40.759 [JavaFX Application Thread] INFO  c.s.d.p.node.HomePageMenuItemPanel - newToggle: myPlaylist
16:59:40.759 [JavaFX Application Thread] INFO  c.s.d.p.node.HomePageMenuItemPanel - 当前选中的菜单项：myPlaylist
16:59:40.759 [JavaFX Application Thread] INFO  c.s.d.p.node.HomePageMenuItemPanel - 上一个被选中的菜单项：recent
16:59:40.759 [JavaFX Application Thread] INFO  c.s.d.p.node.HomePageMenuItemPanel - ================================
16:59:43.140 [JavaFX Application Thread] INFO  c.s.d.p.node.HomePageMenuItemPanel - === ToggleGroup 监听器被触发 ===
16:59:43.141 [JavaFX Application Thread] INFO  c.s.d.p.node.HomePageMenuItemPanel - oldToggle: myPlaylist
16:59:43.141 [JavaFX Application Thread] INFO  c.s.d.p.node.HomePageMenuItemPanel - newToggle: recommend
16:59:43.141 [JavaFX Application Thread] INFO  c.s.d.p.node.HomePageMenuItemPanel - 当前选中的菜单项：recommend
16:59:43.141 [JavaFX Application Thread] INFO  c.s.d.p.node.HomePageMenuItemPanel - 上一个被选中的菜单项：myPlaylist
16:59:43.141 [JavaFX Application Thread] INFO  c.s.d.p.node.HomePageMenuItemPanel - ================================
17:02:05.737 [JavaFX Application Thread] INFO  com.stickpoint.ddmusic.App - === 应用启动调试信息 ===
17:02:05.739 [JavaFX Application Thread] INFO  com.stickpoint.ddmusic.App - Java 版本: 21.0.8
17:02:05.740 [JavaFX Application Thread] INFO  com.stickpoint.ddmusic.App - JavaFX 版本: 21.0.7
17:02:05.740 [JavaFX Application Thread] INFO  com.stickpoint.ddmusic.App - 工作目录: E:\codeData\javaProject\javafx-ddmusic\ddmuisc2
17:02:05.741 [JavaFX Application Thread] INFO  com.stickpoint.ddmusic.App - 1. 开始创建 HomePage
17:02:07.827 [JavaFX Application Thread] INFO  c.s.ddmusic.common.utils.ConfigUtils - 配置文件读取成功: C:\Users\Administrator\ddmusic.dd
17:02:07.836 [JavaFX Application Thread] INFO  c.s.d.p.n.MusicPlayDetailContainer - 旋转角度: 60.0
17:02:07.923 [JavaFX Application Thread] INFO  com.stickpoint.ddmusic.App - 2. HomePage 创建成功
17:02:07.925 [JavaFX Application Thread] INFO  com.stickpoint.ddmusic.App - 3. 开始创建场景
17:02:07.976 [JavaFX Application Thread] INFO  com.stickpoint.ddmusic.App - 4. 场景创建成功
17:02:07.977 [JavaFX Application Thread] INFO  com.stickpoint.ddmusic.App - 5. 设置舞台属性
17:02:07.978 [JavaFX Application Thread] INFO  com.stickpoint.ddmusic.App - 6. 舞台属性设置完成
17:02:07.979 [JavaFX Application Thread] INFO  com.stickpoint.ddmusic.App - 7. 加载图标
17:02:07.980 [JavaFX Application Thread] INFO  com.stickpoint.ddmusic.App - 图标URL: file:/E:/codeData/javaProject/javafx-ddmusic/ddmuisc2/target/classes/img/logo.svg
17:02:07.981 [JavaFX Application Thread] INFO  com.stickpoint.ddmusic.App - 8. 图标加载成功
17:02:07.982 [JavaFX Application Thread] INFO  com.stickpoint.ddmusic.App - 9. 显示舞台
17:02:08.343 [JavaFX Application Thread] INFO  com.stickpoint.ddmusic.App - 10. 添加窗口缩放支持
17:02:08.345 [JavaFX Application Thread] INFO  com.stickpoint.ddmusic.App - 11. 居中显示
17:02:08.345 [JavaFX Application Thread] INFO  com.stickpoint.ddmusic.App - 12. 应用启动完成
18:34:39.876 [JavaFX Application Thread] INFO  com.stickpoint.ddmusic.App - === 应用启动调试信息 ===
18:34:39.892 [JavaFX Application Thread] INFO  com.stickpoint.ddmusic.App - Java 版本: 21.0.8
18:34:39.892 [JavaFX Application Thread] INFO  com.stickpoint.ddmusic.App - JavaFX 版本: 21.0.7
18:34:39.892 [JavaFX Application Thread] INFO  com.stickpoint.ddmusic.App - 工作目录: E:\codeData\javaProject\javafx-ddmusic\ddmuisc2
18:34:39.892 [JavaFX Application Thread] INFO  com.stickpoint.ddmusic.App - 1. 开始创建 HomePage
18:34:47.180 [JavaFX Application Thread] INFO  c.s.ddmusic.common.utils.ConfigUtils - 配置文件读取成功: C:\Users\Administrator\ddmusic.dd
18:34:47.188 [JavaFX Application Thread] INFO  c.s.d.p.n.MusicPlayDetailContainer - 旋转角度: 60.0
18:34:47.418 [JavaFX Application Thread] INFO  com.stickpoint.ddmusic.App - 2. HomePage 创建成功
18:34:47.418 [JavaFX Application Thread] INFO  com.stickpoint.ddmusic.App - 3. 开始创建场景
18:34:47.588 [JavaFX Application Thread] INFO  com.stickpoint.ddmusic.App - 4. 场景创建成功
18:34:47.588 [JavaFX Application Thread] INFO  com.stickpoint.ddmusic.App - 5. 设置舞台属性
18:34:47.589 [JavaFX Application Thread] INFO  com.stickpoint.ddmusic.App - 6. 舞台属性设置完成
18:34:47.590 [JavaFX Application Thread] INFO  com.stickpoint.ddmusic.App - 7. 加载图标
18:34:47.592 [JavaFX Application Thread] INFO  com.stickpoint.ddmusic.App - 图标URL: file:/E:/codeData/javaProject/javafx-ddmusic/ddmuisc2/target/classes/img/logo.svg
18:34:47.605 [JavaFX Application Thread] INFO  com.stickpoint.ddmusic.App - 8. 图标加载成功
18:34:47.607 [JavaFX Application Thread] INFO  com.stickpoint.ddmusic.App - 9. 显示舞台
18:34:48.238 [JavaFX Application Thread] INFO  com.stickpoint.ddmusic.App - 10. 添加窗口缩放支持
18:34:48.244 [JavaFX Application Thread] INFO  com.stickpoint.ddmusic.App - 11. 居中显示
18:34:48.245 [JavaFX Application Thread] INFO  com.stickpoint.ddmusic.App - 12. 应用启动完成
18:35:30.735 [Thread-78] INFO  c.s.d.common.utils.TuneHubApiUtils - 获取排行榜歌曲: 平台=netease, 排行榜ID=19723756
18:45:36.787 [JavaFX Application Thread] INFO  com.stickpoint.ddmusic.App - === 应用启动调试信息 ===
18:45:36.791 [JavaFX Application Thread] INFO  com.stickpoint.ddmusic.App - Java 版本: 21.0.8
18:45:36.792 [JavaFX Application Thread] INFO  com.stickpoint.ddmusic.App - JavaFX 版本: 21.0.7
18:45:36.792 [JavaFX Application Thread] INFO  com.stickpoint.ddmusic.App - 工作目录: E:\codeData\javaProject\javafx-ddmusic\ddmuisc2
18:45:36.793 [JavaFX Application Thread] INFO  com.stickpoint.ddmusic.App - 1. 开始创建 HomePage
18:45:38.242 [JavaFX Application Thread] INFO  c.s.ddmusic.common.utils.ConfigUtils - 配置文件读取成功: C:\Users\Administrator\ddmusic.dd
18:45:38.251 [JavaFX Application Thread] INFO  c.s.d.p.n.MusicPlayDetailContainer - 旋转角度: 60.0
18:45:38.378 [JavaFX Application Thread] INFO  com.stickpoint.ddmusic.App - 2. HomePage 创建成功
18:45:38.379 [JavaFX Application Thread] INFO  com.stickpoint.ddmusic.App - 3. 开始创建场景
18:45:38.432 [JavaFX Application Thread] INFO  com.stickpoint.ddmusic.App - 4. 场景创建成功
18:45:38.435 [JavaFX Application Thread] INFO  com.stickpoint.ddmusic.App - 5. 设置舞台属性
18:45:38.435 [JavaFX Application Thread] INFO  com.stickpoint.ddmusic.App - 6. 舞台属性设置完成
18:45:38.437 [JavaFX Application Thread] INFO  com.stickpoint.ddmusic.App - 7. 加载图标
18:45:38.439 [JavaFX Application Thread] INFO  com.stickpoint.ddmusic.App - 图标URL: file:/E:/codeData/javaProject/javafx-ddmusic/ddmuisc2/target/classes/img/logo.svg
18:45:38.443 [JavaFX Application Thread] INFO  com.stickpoint.ddmusic.App - 8. 图标加载成功
18:45:38.444 [JavaFX Application Thread] INFO  com.stickpoint.ddmusic.App - 9. 显示舞台
18:45:38.785 [JavaFX Application Thread] INFO  com.stickpoint.ddmusic.App - 10. 添加窗口缩放支持
18:45:38.787 [JavaFX Application Thread] INFO  com.stickpoint.ddmusic.App - 11. 居中显示
18:45:38.787 [JavaFX Application Thread] INFO  com.stickpoint.ddmusic.App - 12. 应用启动完成
18:45:42.656 [Thread-77] INFO  c.s.d.common.utils.TuneHubApiUtils - 获取排行榜歌曲: 平台=netease, 排行榜ID=19723756
18:46:52.246 [JavaFX Application Thread] INFO  com.stickpoint.ddmusic.App - === 应用启动调试信息 ===
18:46:52.249 [JavaFX Application Thread] INFO  com.stickpoint.ddmusic.App - Java 版本: 21.0.8
18:46:52.250 [JavaFX Application Thread] INFO  com.stickpoint.ddmusic.App - JavaFX 版本: 21.0.7
18:46:52.251 [JavaFX Application Thread] INFO  com.stickpoint.ddmusic.App - 工作目录: E:\codeData\javaProject\javafx-ddmusic\ddmuisc2
18:46:52.251 [JavaFX Application Thread] INFO  com.stickpoint.ddmusic.App - 1. 开始创建 HomePage
18:46:54.695 [JavaFX Application Thread] INFO  c.s.ddmusic.common.utils.ConfigUtils - 配置文件读取成功: C:\Users\Administrator\ddmusic.dd
18:46:54.703 [JavaFX Application Thread] INFO  c.s.d.p.n.MusicPlayDetailContainer - 旋转角度: 60.0
18:46:54.829 [JavaFX Application Thread] INFO  com.stickpoint.ddmusic.App - 2. HomePage 创建成功
18:46:54.829 [JavaFX Application Thread] INFO  com.stickpoint.ddmusic.App - 3. 开始创建场景
18:46:54.899 [JavaFX Application Thread] INFO  com.stickpoint.ddmusic.App - 4. 场景创建成功
18:46:54.899 [JavaFX Application Thread] INFO  com.stickpoint.ddmusic.App - 5. 设置舞台属性
18:46:54.900 [JavaFX Application Thread] INFO  com.stickpoint.ddmusic.App - 6. 舞台属性设置完成
18:46:54.900 [JavaFX Application Thread] INFO  com.stickpoint.ddmusic.App - 7. 加载图标
18:46:54.901 [JavaFX Application Thread] INFO  com.stickpoint.ddmusic.App - 图标URL: file:/E:/codeData/javaProject/javafx-ddmusic/ddmuisc2/target/classes/img/logo.svg
18:46:54.903 [JavaFX Application Thread] INFO  com.stickpoint.ddmusic.App - 8. 图标加载成功
18:46:54.903 [JavaFX Application Thread] INFO  com.stickpoint.ddmusic.App - 9. 显示舞台
18:46:55.454 [JavaFX Application Thread] INFO  com.stickpoint.ddmusic.App - 10. 添加窗口缩放支持
18:46:55.457 [JavaFX Application Thread] INFO  com.stickpoint.ddmusic.App - 11. 居中显示
18:46:55.458 [JavaFX Application Thread] INFO  com.stickpoint.ddmusic.App - 12. 应用启动完成
18:48:19.113 [Thread-77] INFO  c.s.d.common.utils.TuneHubApiUtils - 获取排行榜歌曲: 平台=netease, 排行榜ID=19723756
18:49:21.667 [JavaFX Application Thread] INFO  com.stickpoint.ddmusic.App - === 应用启动调试信息 ===
18:49:21.669 [JavaFX Application Thread] INFO  com.stickpoint.ddmusic.App - Java 版本: 21.0.8
18:49:21.670 [JavaFX Application Thread] INFO  com.stickpoint.ddmusic.App - JavaFX 版本: 21.0.7
18:49:21.671 [JavaFX Application Thread] INFO  com.stickpoint.ddmusic.App - 工作目录: E:\codeData\javaProject\javafx-ddmusic\ddmuisc2
18:49:21.671 [JavaFX Application Thread] INFO  com.stickpoint.ddmusic.App - 1. 开始创建 HomePage
18:49:23.099 [JavaFX Application Thread] INFO  c.s.ddmusic.common.utils.ConfigUtils - 配置文件读取成功: C:\Users\Administrator\ddmusic.dd
18:49:23.109 [JavaFX Application Thread] INFO  c.s.d.p.n.MusicPlayDetailContainer - 旋转角度: 60.0
18:49:23.238 [JavaFX Application Thread] INFO  com.stickpoint.ddmusic.App - 2. HomePage 创建成功
18:49:23.238 [JavaFX Application Thread] INFO  com.stickpoint.ddmusic.App - 3. 开始创建场景
18:49:23.305 [JavaFX Application Thread] INFO  com.stickpoint.ddmusic.App - 4. 场景创建成功
18:49:23.306 [JavaFX Application Thread] INFO  com.stickpoint.ddmusic.App - 5. 设置舞台属性
18:49:23.308 [JavaFX Application Thread] INFO  com.stickpoint.ddmusic.App - 6. 舞台属性设置完成
18:49:23.308 [JavaFX Application Thread] INFO  com.stickpoint.ddmusic.App - 7. 加载图标
18:49:23.309 [JavaFX Application Thread] INFO  com.stickpoint.ddmusic.App - 图标URL: file:/E:/codeData/javaProject/javafx-ddmusic/ddmuisc2/target/classes/img/logo.svg
18:49:23.310 [JavaFX Application Thread] INFO  com.stickpoint.ddmusic.App - 8. 图标加载成功
18:49:23.311 [JavaFX Application Thread] INFO  com.stickpoint.ddmusic.App - 9. 显示舞台
18:49:23.820 [JavaFX Application Thread] INFO  com.stickpoint.ddmusic.App - 10. 添加窗口缩放支持
18:49:23.823 [JavaFX Application Thread] INFO  com.stickpoint.ddmusic.App - 11. 居中显示
18:49:23.824 [JavaFX Application Thread] INFO  com.stickpoint.ddmusic.App - 12. 应用启动完成
18:50:47.392 [Thread-79] INFO  c.s.d.common.utils.TuneHubApiUtils - 获取排行榜歌曲: 平台=netease, 排行榜ID=19723756
18:51:44.341 [JavaFX Application Thread] INFO  com.stickpoint.ddmusic.App - === 应用启动调试信息 ===
18:51:44.344 [JavaFX Application Thread] INFO  com.stickpoint.ddmusic.App - Java 版本: 21.0.8
18:51:44.344 [JavaFX Application Thread] INFO  com.stickpoint.ddmusic.App - JavaFX 版本: 21.0.7
18:51:44.345 [JavaFX Application Thread] INFO  com.stickpoint.ddmusic.App - 工作目录: E:\codeData\javaProject\javafx-ddmusic\ddmuisc2
18:51:44.346 [JavaFX Application Thread] INFO  com.stickpoint.ddmusic.App - 1. 开始创建 HomePage
18:51:46.135 [JavaFX Application Thread] INFO  c.s.ddmusic.common.utils.ConfigUtils - 配置文件读取成功: C:\Users\Administrator\ddmusic.dd
18:51:46.142 [JavaFX Application Thread] INFO  c.s.d.p.n.MusicPlayDetailContainer - 旋转角度: 60.0
18:51:46.225 [JavaFX Application Thread] INFO  com.stickpoint.ddmusic.App - 2. HomePage 创建成功
18:51:46.225 [JavaFX Application Thread] INFO  com.stickpoint.ddmusic.App - 3. 开始创建场景
18:51:46.270 [JavaFX Application Thread] INFO  com.stickpoint.ddmusic.App - 4. 场景创建成功
18:51:46.271 [JavaFX Application Thread] INFO  com.stickpoint.ddmusic.App - 5. 设置舞台属性
18:51:46.271 [JavaFX Application Thread] INFO  com.stickpoint.ddmusic.App - 6. 舞台属性设置完成
18:51:46.272 [JavaFX Application Thread] INFO  com.stickpoint.ddmusic.App - 7. 加载图标
18:51:46.273 [JavaFX Application Thread] INFO  com.stickpoint.ddmusic.App - 图标URL: file:/E:/codeData/javaProject/javafx-ddmusic/ddmuisc2/target/classes/img/logo.svg
18:51:46.275 [JavaFX Application Thread] INFO  com.stickpoint.ddmusic.App - 8. 图标加载成功
18:51:46.275 [JavaFX Application Thread] INFO  com.stickpoint.ddmusic.App - 9. 显示舞台
18:51:46.698 [JavaFX Application Thread] INFO  com.stickpoint.ddmusic.App - 10. 添加窗口缩放支持
18:51:46.699 [JavaFX Application Thread] INFO  com.stickpoint.ddmusic.App - 11. 居中显示
18:51:46.700 [JavaFX Application Thread] INFO  com.stickpoint.ddmusic.App - 12. 应用启动完成
18:51:48.873 [Thread-77] INFO  c.s.d.common.utils.TuneHubApiUtils - 获取排行榜歌曲: 平台=netease, 排行榜ID=19723756
18:53:26.538 [JavaFX Application Thread] INFO  com.stickpoint.ddmusic.App - === 应用启动调试信息 ===
18:53:26.542 [JavaFX Application Thread] INFO  com.stickpoint.ddmusic.App - Java 版本: 21.0.8
18:53:26.543 [JavaFX Application Thread] INFO  com.stickpoint.ddmusic.App - JavaFX 版本: 21.0.7
18:53:26.543 [JavaFX Application Thread] INFO  com.stickpoint.ddmusic.App - 工作目录: E:\codeData\javaProject\javafx-ddmusic\ddmuisc2
18:53:26.543 [JavaFX Application Thread] INFO  com.stickpoint.ddmusic.App - 1. 开始创建 HomePage
18:53:29.015 [JavaFX Application Thread] INFO  c.s.ddmusic.common.utils.ConfigUtils - 配置文件读取成功: C:\Users\Administrator\ddmusic.dd
18:53:29.025 [JavaFX Application Thread] INFO  c.s.d.p.n.MusicPlayDetailContainer - 旋转角度: 60.0
18:53:29.145 [JavaFX Application Thread] INFO  com.stickpoint.ddmusic.App - 2. HomePage 创建成功
18:53:29.146 [JavaFX Application Thread] INFO  com.stickpoint.ddmusic.App - 3. 开始创建场景
18:53:29.209 [JavaFX Application Thread] INFO  com.stickpoint.ddmusic.App - 4. 场景创建成功
18:53:29.209 [JavaFX Application Thread] INFO  com.stickpoint.ddmusic.App - 5. 设置舞台属性
18:53:29.210 [JavaFX Application Thread] INFO  com.stickpoint.ddmusic.App - 6. 舞台属性设置完成
18:53:29.210 [JavaFX Application Thread] INFO  com.stickpoint.ddmusic.App - 7. 加载图标
18:53:29.211 [JavaFX Application Thread] INFO  com.stickpoint.ddmusic.App - 图标URL: file:/E:/codeData/javaProject/javafx-ddmusic/ddmuisc2/target/classes/img/logo.svg
18:53:29.213 [JavaFX Application Thread] INFO  com.stickpoint.ddmusic.App - 8. 图标加载成功
18:53:29.213 [JavaFX Application Thread] INFO  com.stickpoint.ddmusic.App - 9. 显示舞台
18:53:29.757 [JavaFX Application Thread] INFO  com.stickpoint.ddmusic.App - 10. 添加窗口缩放支持
18:53:29.759 [JavaFX Application Thread] INFO  com.stickpoint.ddmusic.App - 11. 居中显示
18:53:29.760 [JavaFX Application Thread] INFO  com.stickpoint.ddmusic.App - 12. 应用启动完成
18:54:57.455 [Thread-77] INFO  c.s.d.common.utils.TuneHubApiUtils - 获取排行榜歌曲: 平台=netease, 排行榜ID=19723756
18:55:40.093 [JavaFX Application Thread] INFO  c.s.d.p.n.MusicPlayDetailContainer - 加载专辑封面: https://music-dl.sayqz.com/api/?source=netease&id=2600493765&type=pic
18:55:40.093 [JavaFX Application Thread] INFO  c.s.d.p.n.MusicPlayDetailContainer - 当前旋转角度: 暂停--95.0
18:55:41.420 [Thread-80] INFO  c.s.d.p.n.MusicPlayDetailContainer - 实际专辑封面URL: https://p2.music.126.net/0bk3Iqe2OZGBH2Iuyx7RzA==/109951170045577565.jpg
18:55:41.475 [JavaFX Application Thread] INFO  c.s.d.p.n.MusicPlayDetailContainer - 图片加载进度: 10%
18:55:41.513 [JavaFX Application Thread] INFO  c.s.d.p.n.MusicPlayDetailContainer - 图片加载进度: 20%
18:55:41.526 [JavaFX Application Thread] INFO  c.s.d.p.n.MusicPlayDetailContainer - 图片加载进度: 31%
18:55:41.536 [JavaFX Application Thread] INFO  c.s.d.p.n.MusicPlayDetailContainer - 图片加载进度: 42%
18:55:41.572 [JavaFX Application Thread] INFO  c.s.d.p.n.MusicPlayDetailContainer - 图片加载进度: 52%
18:55:41.581 [JavaFX Application Thread] INFO  c.s.d.p.n.MusicPlayDetailContainer - 图片加载进度: 62%
18:55:41.594 [JavaFX Application Thread] INFO  c.s.d.p.n.MusicPlayDetailContainer - 图片加载进度: 73%
18:55:41.605 [JavaFX Application Thread] INFO  c.s.d.p.n.MusicPlayDetailContainer - 图片加载进度: 83%
18:55:41.615 [JavaFX Application Thread] INFO  c.s.d.p.n.MusicPlayDetailContainer - 图片加载进度: 94%
18:55:41.628 [JavaFX Application Thread] INFO  c.s.d.p.n.MusicPlayDetailContainer - 图片加载进度: 100%
18:55:41.628 [JavaFX Application Thread] INFO  c.s.d.p.n.MusicPlayDetailContainer - 图片加载完成，加入缓存
18:55:53.340 [JavaFX Application Thread] INFO  c.s.d.p.node.HomePageMenuItemPanel - === ToggleGroup 监听器被触发 ===
18:55:53.341 [JavaFX Application Thread] INFO  c.s.d.p.node.HomePageMenuItemPanel - oldToggle: null
18:55:53.341 [JavaFX Application Thread] INFO  c.s.d.p.node.HomePageMenuItemPanel - newToggle: myMusic
18:55:53.341 [JavaFX Application Thread] INFO  c.s.d.p.node.HomePageMenuItemPanel - 当前选中的菜单项：myMusic
18:55:53.342 [JavaFX Application Thread] INFO  c.s.d.p.node.HomePageMenuItemPanel - ================================
18:55:54.469 [JavaFX Application Thread] INFO  c.s.d.p.node.HomePageMenuItemPanel - === ToggleGroup 监听器被触发 ===
18:55:54.470 [JavaFX Application Thread] INFO  c.s.d.p.node.HomePageMenuItemPanel - oldToggle: myMusic
18:55:54.470 [JavaFX Application Thread] INFO  c.s.d.p.node.HomePageMenuItemPanel - newToggle: recommend
18:55:54.470 [JavaFX Application Thread] INFO  c.s.d.p.node.HomePageMenuItemPanel - 当前选中的菜单项：recommend
18:55:54.470 [JavaFX Application Thread] INFO  c.s.d.p.node.HomePageMenuItemPanel - 上一个被选中的菜单项：myMusic
18:55:54.471 [JavaFX Application Thread] INFO  c.s.d.p.node.HomePageMenuItemPanel - ================================
18:56:29.597 [JavaFX Application Thread] INFO  c.s.d.p.n.MusicPlayDetailContainer - 暂停旋转
18:56:29.597 [JavaFX Application Thread] INFO  c.s.d.p.n.MusicPlayDetailContainer - 当前播放状态: PAUSED
18:56:29.600 [JavaFX Application Thread] INFO  c.s.d.p.n.MusicPlayDetailContainer - 当前旋转角度: 播放--95.0
19:19:54.173 [JavaFX Application Thread] INFO  c.s.d.p.n.MusicPlayDetailContainer - 当前旋转角度: 暂停--95.0
19:20:00.198 [Thread-2589] INFO  c.s.d.common.utils.TuneHubApiUtils - 获取排行榜歌曲: 平台=netease, 排行榜ID=3779629
19:20:27.284 [Thread-2591] INFO  c.s.d.p.node.SearchResultContainer - 开始搜索关键词: 山楂树之恋
19:20:27.285 [Thread-2591] INFO  c.s.d.common.utils.TuneHubApiUtils - 聚合搜索歌曲: 关键词=山楂树之恋
19:20:28.517 [Thread-2591] INFO  c.s.d.p.node.SearchResultContainer - 搜索结果JSON: {"code":200,"message":"success","data":{"keyword":"山楂树之恋","limit":10,"page":1,"platforms":["netease","qq","kuwo"],"platformStats":{"netease":{"success":true,"count":10,"duration":413,"error":null},"qq":{"success":true,"count":10,"duration":158,"error":null},"kuwo":{"success":true,"count":0,"duration":25,"error":null}},"total":20,"results":[{"id":"1381755293","name":"山楂树之恋","artist":"程佳佳","album":"山楂树之恋 (完整版)","platform":"netease","url":"https://music-dl.sayqz.com/api/?source=netease&id=1381755293&type=url","pic":"https://music-dl.sayqz.com/api/?source=netease&id=1381755293&type=pic","lrc":"https://music-dl.sayqz.com/api/?source=netease&id=1381755293&type=lrc"},{"id":"0021uyhB2um654","name":"山楂树の恋 (山楂树之恋)","artist":"程佳佳","album":"山楂树の恋","platform":"qq","url":"https://music-dl.sayqz.com/api/?source=qq&id=0021uyhB2um654&type=url","pic":"https://music-dl.sayqz.com/api/?source=qq&id=0021uyhB2um654&type=pic","lrc":"https://music-dl.sayqz.com/api/?source=qq&id=0021uyhB2um654&type=lrc"},{"id":"2737771303","name":"山楂树の恋 (山楂树之恋DJ阿能版)","artist":"祝酒","album":"山楂树の恋(山楂树之恋DJ阿能版)","platform":"netease","url":"https://music-dl.sayqz.com/api/?source=netease&id=2737771303&type=url","pic":"https://music-dl.sayqz.com/api/?source=netease&id=2737771303&type=pic","lrc":"https://music-dl.sayqz.com/api/?source=netease&id=2737771303&type=lrc"},{"id":"0042CEgq3sutiv","name":"山楂树の恋 (山楂树之恋) (DJ版)","artist":"想早睡","album":"山楂树の恋","platform":"qq","url":"https://music-dl.sayqz.com/api/?source=qq&id=0042CEgq3sutiv&type=url","pic":"https://music-dl.sayqz.com/api/?source=qq&id=0042CEgq3sutiv&type=pic","lrc":"https://music-dl.sayqz.com/api/?source=qq&id=0042CEgq3sutiv&type=lrc"},{"id":"446557635","name":"山楂树之恋","artist":"雷智皓","album":"十五岁记录","platform":"netease","url":"https://music-dl.sayqz.com/api/?source=netease&id=446557635&type=url","pic":"https://music-dl.sayqz.com/api/?source=netease&id=446557635&type=pic","lrc":"https://music-dl.sayqz.com/api/?source=netease&id=446557635&type=lrc"},{"id":"001h77P44MP1q9","name":"山楂树之恋","artist":"雷智皓","album":"二零一六（2016）","platform":"qq","url":"https://music-dl.sayqz.com/api/?source=qq&id=001h77P44MP1q9&type=url","pic":"https://music-dl.sayqz.com/api/?source=qq&id=001h77P44MP1q9&type=pic","lrc":"https://music-dl.sayqz.com/api/?source=qq&id=001h77P44MP1q9&type=lrc"},{"id":"3325246178","name":"山楂树之恋DJ版","artist":"彩彩","album":"霓虹半衰期","platform":"netease","url":"https://music-dl.sayqz.com/api/?source=netease&id=3325246178&type=url","pic":"https://music-dl.sayqz.com/api/?source=netease&id=3325246178&type=pic","lrc":"https://music-dl.sayqz.com/api/?source=netease&id=3325246178&type=lrc"},{"id":"003WZUUd1El9Jr","name":"山楂树之恋","artist":"胖虎（董欣怡）","album":"山楂树之恋","platform":"qq","url":"https://music-dl.sayqz.com/api/?source=qq&id=003WZUUd1El9Jr&type=url","pic":"https://music-dl.sayqz.com/api/?source=qq&id=003WZUUd1El9Jr&type=pic","lrc":"https://music-dl.sayqz.com/api/?source=qq&id=003WZUUd1El9Jr&type=lrc"},{"id":"2698390641","name":"山楂树之恋 (永远站在你的身边)","artist":"陈雪凝","album":"山楂树之恋","platform":"netease","url":"https://music-dl.sayqz.com/api/?source=netease&id=2698390641&type=url","pic":"https://music-dl.sayqz.com/api/?source=netease&id=2698390641&type=pic","lrc":"https://music-dl.sayqz.com/api/?source=netease&id=2698390641&type=lrc"},{"id":"0023wFlR1StN35","name":"山楂树之恋","artist":"蓝心羽","album":"山楂树の恋","platform":"qq","url":"https://music-dl.sayqz.com/api/?source=qq&id=0023wFlR1StN35&type=url","pic":"https://music-dl.sayqz.com/api/?source=qq&id=0023wFlR1StN35&type=pic","lrc":"https://music-dl.sayqz.com/api/?source=qq&id=0023wFlR1StN35&type=lrc"},{"id":"77043","name":"山楂树之恋 (Demo)","artist":"东来东往","album":"山楂树之恋","platform":"netease","url":"https://music-dl.sayqz.com/api/?source=netease&id=77043&type=url","pic":"https://music-dl.sayqz.com/api/?source=netease&id=77043&type=pic","lrc":"https://music-dl.sayqz.com/api/?source=netease&id=77043&type=lrc"},{"id":"0011WQHe49rmLw","name":"山楂树之恋","artist":"夏婉安","album":"山楂树之恋","platform":"qq","url":"https://music-dl.sayqz.com/api/?source=qq&id=0011WQHe49rmLw&type=url","pic":"https://music-dl.sayqz.com/api/?source=qq&id=0011WQHe49rmLw&type=pic","lrc":"https://music-dl.sayqz.com/api/?source=qq&id=0011WQHe49rmLw&type=lrc"},{"id":"1879183186","name":"山楂树之恋","artist":"午睡了","album":"山楂树之恋","platform":"netease","url":"https://music-dl.sayqz.com/api/?source=netease&id=1879183186&type=url","pic":"https://music-dl.sayqz.com/api/?source=netease&id=1879183186&type=pic","lrc":"https://music-dl.sayqz.com/api/?source=netease&id=1879183186&type=lrc"},{"id":"003cKT1S1LkmIq","name":"山楂树の恋 (山楂树之恋)","artist":"想早睡","album":"山楂树の恋","platform":"qq","url":"https://music-dl.sayqz.com/api/?source=qq&id=003cKT1S1LkmIq&type=url","pic":"https://music-dl.sayqz.com/api/?source=qq&id=003cKT1S1LkmIq&type=pic","lrc":"https://music-dl.sayqz.com/api/?source=qq&id=003cKT1S1LkmIq&type=lrc"},{"id":"2735938285","name":"山楂树之恋 (DJ锋仔版)","artist":"cici_","album":"山楂树之恋","platform":"netease","url":"https://music-dl.sayqz.com/api/?source=netease&id=2735938285&type=url","pic":"https://music-dl.sayqz.com/api/?source=netease&id=2735938285&type=pic","lrc":"https://music-dl.sayqz.com/api/?source=netease&id=2735938285&type=lrc"},{"id":"003e867X2P1yjX","name":"山楂树之恋","artist":"李少白","album":"山楂树之恋","platform":"qq","url":"https://music-dl.sayqz.com/api/?source=qq&id=003e867X2P1yjX&type=url","pic":"https://music-dl.sayqz.com/api/?source=qq&id=003e867X2P1yjX&type=pic","lrc":"https://music-dl.sayqz.com/api/?source=qq&id=003e867X2P1yjX&type=lrc"},{"id":"5233569","name":"山楂树之恋","artist":"群星","album":"网络最红Ⅱ","platform":"netease","url":"https://music-dl.sayqz.com/api/?source=netease&id=5233569&type=url","pic":"https://music-dl.sayqz.com/api/?source=netease&id=5233569&type=pic","lrc":"https://music-dl.sayqz.com/api/?source=netease&id=5233569&type=lrc"},{"id":"004DQIGF3iCarC","name":"山楂树之恋","artist":"常石磊","album":"山楂树之恋 电影原声带","platform":"qq","url":"https://music-dl.sayqz.com/api/?source=qq&id=004DQIGF3iCarC&type=url","pic":"https://music-dl.sayqz.com/api/?source=qq&id=004DQIGF3iCarC&type=pic","lrc":"https://music-dl.sayqz.com/api/?source=qq&id=004DQIGF3iCarC&type=lrc"},{"id":"549321258","name":"山楂树の恋(Part.2)","artist":"雷智皓、Sndnjrjcncmdlki","album":"山楂树の恋(Part.2)","platform":"netease","url":"https://music-dl.sayqz.com/api/?source=netease&id=549321258&type=url","pic":"https://music-dl.sayqz.com/api/?source=netease&id=549321258&type=pic","lrc":"https://music-dl.sayqz.com/api/?source=netease&id=549321258&type=lrc"},{"id":"004cJaXX1nnZJM","name":"山楂树之恋","artist":"戴羽彤","album":"戴羽彤","platform":"qq","url":"https://music-dl.sayqz.com/api/?source=qq&id=004cJaXX1nnZJM&type=url","pic":"https://music-dl.sayqz.com/api/?source=qq&id=004cJaXX1nnZJM&type=pic","lrc":"https://music-dl.sayqz.com/api/?source=qq&id=004cJaXX1nnZJM&type=lrc"}]},"timestamp":"2026-01-24T19:20:28.591+08:00"}
19:20:28.525 [Thread-2591] INFO  c.s.d.p.node.SearchResultContainer - 搜索结果数量: 20
19:20:43.856 [JavaFX Application Thread] INFO  c.s.d.p.n.MusicPlayDetailContainer - 加载专辑封面: https://music-dl.sayqz.com/api/?source=netease&id=1381755293&type=pic
19:20:43.856 [JavaFX Application Thread] INFO  c.s.d.p.n.MusicPlayDetailContainer - 暂停旋转
19:20:43.857 [JavaFX Application Thread] INFO  c.s.d.p.n.MusicPlayDetailContainer - 当前播放状态: STOPPED
19:20:43.861 [JavaFX Application Thread] INFO  c.s.d.p.n.MusicPlayDetailContainer - 当前旋转角度: 播放--95.0
19:20:43.942 [JavaFX Application Thread] INFO  c.s.d.p.n.MusicPlayDetailContainer - 当前旋转角度: 暂停--95.0
19:20:44.499 [Thread-2597] INFO  c.s.d.p.n.MusicPlayDetailContainer - 实际专辑封面URL: https://p1.music.126.net/G00sAe86sPi5gFQyuJHU7A==/109951164260611202.jpg
19:20:44.561 [JavaFX Application Thread] INFO  c.s.d.p.n.MusicPlayDetailContainer - 图片加载进度: 10%
19:20:44.577 [JavaFX Application Thread] INFO  c.s.d.p.n.MusicPlayDetailContainer - 图片加载进度: 20%
19:20:44.585 [JavaFX Application Thread] INFO  c.s.d.p.n.MusicPlayDetailContainer - 图片加载进度: 30%
19:20:44.594 [JavaFX Application Thread] INFO  c.s.d.p.n.MusicPlayDetailContainer - 图片加载进度: 41%
19:20:44.609 [JavaFX Application Thread] INFO  c.s.d.p.n.MusicPlayDetailContainer - 图片加载进度: 51%
19:20:44.635 [JavaFX Application Thread] INFO  c.s.d.p.n.MusicPlayDetailContainer - 图片加载进度: 62%
19:20:44.683 [JavaFX Application Thread] INFO  c.s.d.p.n.MusicPlayDetailContainer - 图片加载进度: 72%
19:20:44.696 [JavaFX Application Thread] INFO  c.s.d.p.n.MusicPlayDetailContainer - 图片加载进度: 82%
19:20:44.731 [JavaFX Application Thread] INFO  c.s.d.p.n.MusicPlayDetailContainer - 图片加载进度: 93%
19:20:44.763 [JavaFX Application Thread] INFO  c.s.d.p.n.MusicPlayDetailContainer - 图片加载进度: 100%
19:20:44.763 [JavaFX Application Thread] INFO  c.s.d.p.n.MusicPlayDetailContainer - 图片加载完成，加入缓存
19:21:15.868 [JavaFX Application Thread] INFO  c.s.d.p.node.HomePageMenuItemPanel - === ToggleGroup 监听器被触发 ===
19:21:15.868 [JavaFX Application Thread] INFO  c.s.d.p.node.HomePageMenuItemPanel - oldToggle: recommend
19:21:15.868 [JavaFX Application Thread] INFO  c.s.d.p.node.HomePageMenuItemPanel - newToggle: myMusic
19:21:15.868 [JavaFX Application Thread] INFO  c.s.d.p.node.HomePageMenuItemPanel - 当前选中的菜单项：myMusic
19:21:15.868 [JavaFX Application Thread] INFO  c.s.d.p.node.HomePageMenuItemPanel - 上一个被选中的菜单项：recommend
19:21:15.868 [JavaFX Application Thread] INFO  c.s.d.p.node.HomePageMenuItemPanel - ================================
19:22:22.757 [JavaFX Application Thread] INFO  c.s.d.p.node.HomePageMenuItemPanel - === ToggleGroup 监听器被触发 ===
19:22:22.757 [JavaFX Application Thread] INFO  c.s.d.p.node.HomePageMenuItemPanel - oldToggle: myMusic
19:22:22.758 [JavaFX Application Thread] INFO  c.s.d.p.node.HomePageMenuItemPanel - newToggle: roam
19:22:22.758 [JavaFX Application Thread] INFO  c.s.d.p.node.HomePageMenuItemPanel - 当前选中的菜单项：roam
19:22:22.758 [JavaFX Application Thread] INFO  c.s.d.p.node.HomePageMenuItemPanel - 上一个被选中的菜单项：myMusic
19:22:22.758 [JavaFX Application Thread] INFO  c.s.d.p.node.HomePageMenuItemPanel - ================================
19:22:23.236 [JavaFX Application Thread] INFO  c.s.d.p.node.HomePageMenuItemPanel - === ToggleGroup 监听器被触发 ===
19:22:23.236 [JavaFX Application Thread] INFO  c.s.d.p.node.HomePageMenuItemPanel - oldToggle: roam
19:22:23.236 [JavaFX Application Thread] INFO  c.s.d.p.node.HomePageMenuItemPanel - newToggle: myMusic
19:22:23.236 [JavaFX Application Thread] INFO  c.s.d.p.node.HomePageMenuItemPanel - 当前选中的菜单项：myMusic
19:22:23.237 [JavaFX Application Thread] INFO  c.s.d.p.node.HomePageMenuItemPanel - 上一个被选中的菜单项：roam
19:22:23.237 [JavaFX Application Thread] INFO  c.s.d.p.node.HomePageMenuItemPanel - ================================
19:22:43.837 [JavaFX Application Thread] INFO  c.s.d.p.n.MusicPlayDetailContainer - 加载专辑封面: https://qnm.hunliji.com/o_1j4afpm441o4vceo1eilush18pj9.jpeg
19:22:43.854 [Thread-5184] INFO  c.s.d.p.n.MusicPlayDetailContainer - 实际专辑封面URL: https://qnm.hunliji.com/o_1j4afpm441o4vceo1eilush18pj9.jpeg
19:22:43.915 [JavaFX Application Thread] INFO  c.s.d.p.n.MusicPlayDetailContainer - 图片加载进度: 14%
19:22:43.916 [JavaFX Application Thread] INFO  c.s.d.p.n.MusicPlayDetailContainer - 图片加载进度: 24%
19:22:43.917 [JavaFX Application Thread] INFO  c.s.d.p.n.MusicPlayDetailContainer - 图片加载进度: 34%
19:22:43.918 [JavaFX Application Thread] INFO  c.s.d.p.n.MusicPlayDetailContainer - 图片加载进度: 44%
19:22:43.919 [JavaFX Application Thread] INFO  c.s.d.p.n.MusicPlayDetailContainer - 图片加载进度: 54%
19:22:43.919 [JavaFX Application Thread] INFO  c.s.d.p.n.MusicPlayDetailContainer - 图片加载进度: 64%
19:22:43.920 [JavaFX Application Thread] INFO  c.s.d.p.n.MusicPlayDetailContainer - 图片加载进度: 75%
19:22:43.920 [JavaFX Application Thread] INFO  c.s.d.p.n.MusicPlayDetailContainer - 图片加载进度: 85%
19:22:43.921 [JavaFX Application Thread] INFO  c.s.d.p.n.MusicPlayDetailContainer - 图片加载进度: 95%
19:22:43.922 [JavaFX Application Thread] INFO  c.s.d.p.n.MusicPlayDetailContainer - 图片加载进度: 100%
19:22:43.922 [JavaFX Application Thread] INFO  c.s.d.p.n.MusicPlayDetailContainer - 图片加载完成，加入缓存
19:44:19.984 [JavaFX Application Thread] INFO  com.stickpoint.ddmusic.App - === 应用启动调试信息 ===
19:44:19.988 [JavaFX Application Thread] INFO  com.stickpoint.ddmusic.App - Java 版本: 21.0.8
19:44:19.992 [JavaFX Application Thread] INFO  com.stickpoint.ddmusic.App - JavaFX 版本: 21.0.7
19:44:19.994 [JavaFX Application Thread] INFO  com.stickpoint.ddmusic.App - 工作目录: E:\codeData\javaProject\javafx-ddmusic\ddmuisc2
19:44:19.995 [JavaFX Application Thread] INFO  com.stickpoint.ddmusic.App - 1. 开始创建 HomePage
19:44:23.428 [JavaFX Application Thread] INFO  c.s.ddmusic.common.utils.ConfigUtils - 配置文件读取成功: C:\Users\Administrator\ddmusic.dd
19:44:23.447 [JavaFX Application Thread] INFO  c.s.d.p.n.MusicPlayDetailContainer - 旋转角度: 60.0
19:44:23.643 [JavaFX Application Thread] INFO  com.stickpoint.ddmusic.App - 2. HomePage 创建成功
19:44:23.644 [JavaFX Application Thread] INFO  com.stickpoint.ddmusic.App - 3. 开始创建场景
19:44:23.749 [JavaFX Application Thread] INFO  com.stickpoint.ddmusic.App - 4. 场景创建成功
19:44:23.750 [JavaFX Application Thread] INFO  com.stickpoint.ddmusic.App - 5. 设置舞台属性
19:44:23.752 [JavaFX Application Thread] INFO  com.stickpoint.ddmusic.App - 6. 舞台属性设置完成
19:44:23.753 [JavaFX Application Thread] INFO  com.stickpoint.ddmusic.App - 7. 加载图标
19:44:23.754 [JavaFX Application Thread] INFO  com.stickpoint.ddmusic.App - 图标URL: file:/E:/codeData/javaProject/javafx-ddmusic/ddmuisc2/target/classes/img/logo.svg
19:44:23.759 [JavaFX Application Thread] INFO  com.stickpoint.ddmusic.App - 8. 图标加载成功
19:44:23.760 [JavaFX Application Thread] INFO  com.stickpoint.ddmusic.App - 9. 显示舞台
19:44:24.404 [JavaFX Application Thread] INFO  com.stickpoint.ddmusic.App - 10. 添加窗口缩放支持
19:44:24.412 [JavaFX Application Thread] INFO  com.stickpoint.ddmusic.App - 11. 居中显示
19:44:24.414 [JavaFX Application Thread] INFO  com.stickpoint.ddmusic.App - 12. 应用启动完成
19:44:28.242 [Thread-78] INFO  c.s.d.common.utils.TuneHubApiUtils - 获取排行榜歌曲: 平台=netease, 排行榜ID=19723756
19:46:54.336 [JavaFX Application Thread] INFO  com.stickpoint.ddmusic.App - === 应用启动调试信息 ===
19:46:54.339 [JavaFX Application Thread] INFO  com.stickpoint.ddmusic.App - Java 版本: 21.0.8
19:46:54.340 [JavaFX Application Thread] INFO  com.stickpoint.ddmusic.App - JavaFX 版本: 21.0.7
19:46:54.341 [JavaFX Application Thread] INFO  com.stickpoint.ddmusic.App - 工作目录: E:\codeData\javaProject\javafx-ddmusic\ddmuisc2
19:46:54.341 [JavaFX Application Thread] INFO  com.stickpoint.ddmusic.App - 1. 开始创建 HomePage
19:46:56.040 [JavaFX Application Thread] INFO  c.s.ddmusic.common.utils.ConfigUtils - 配置文件读取成功: C:\Users\Administrator\ddmusic.dd
19:46:56.050 [JavaFX Application Thread] INFO  c.s.d.p.n.MusicPlayDetailContainer - 旋转角度: 60.0
19:46:56.183 [JavaFX Application Thread] INFO  com.stickpoint.ddmusic.App - 2. HomePage 创建成功
19:46:56.183 [JavaFX Application Thread] INFO  com.stickpoint.ddmusic.App - 3. 开始创建场景
19:46:56.265 [JavaFX Application Thread] INFO  com.stickpoint.ddmusic.App - 4. 场景创建成功
19:46:56.266 [JavaFX Application Thread] INFO  com.stickpoint.ddmusic.App - 5. 设置舞台属性
19:46:56.266 [JavaFX Application Thread] INFO  com.stickpoint.ddmusic.App - 6. 舞台属性设置完成
19:46:56.267 [JavaFX Application Thread] INFO  com.stickpoint.ddmusic.App - 7. 加载图标
19:46:56.268 [JavaFX Application Thread] INFO  com.stickpoint.ddmusic.App - 图标URL: file:/E:/codeData/javaProject/javafx-ddmusic/ddmuisc2/target/classes/img/logo.svg
19:46:56.269 [JavaFX Application Thread] INFO  com.stickpoint.ddmusic.App - 8. 图标加载成功
19:46:56.270 [JavaFX Application Thread] INFO  com.stickpoint.ddmusic.App - 9. 显示舞台
19:46:56.873 [JavaFX Application Thread] INFO  com.stickpoint.ddmusic.App - 10. 添加窗口缩放支持
19:46:56.876 [JavaFX Application Thread] INFO  com.stickpoint.ddmusic.App - 11. 居中显示
19:46:56.877 [JavaFX Application Thread] INFO  com.stickpoint.ddmusic.App - 12. 应用启动完成
19:47:41.646 [Thread-77] INFO  c.s.d.common.utils.TuneHubApiUtils - 获取排行榜歌曲: 平台=netease, 排行榜ID=19723756
19:47:54.315 [JavaFX Application Thread] INFO  c.s.d.p.node.HomePageMenuItemPanel - === ToggleGroup 监听器被触发 ===
19:47:54.316 [JavaFX Application Thread] INFO  c.s.d.p.node.HomePageMenuItemPanel - oldToggle: null
19:47:54.316 [JavaFX Application Thread] INFO  c.s.d.p.node.HomePageMenuItemPanel - newToggle: recommend
19:47:54.316 [JavaFX Application Thread] INFO  c.s.d.p.node.HomePageMenuItemPanel - 当前选中的菜单项：recommend
19:47:54.317 [JavaFX Application Thread] INFO  c.s.d.p.node.HomePageMenuItemPanel - ================================
19:47:55.428 [Thread-79] INFO  c.s.d.common.utils.TuneHubApiUtils - 获取排行榜歌曲: 平台=netease, 排行榜ID=19723756
19:48:17.372 [JavaFX Application Thread] INFO  c.s.d.p.node.HomePageMenuItemPanel - === ToggleGroup 监听器被触发 ===
19:48:17.372 [JavaFX Application Thread] INFO  c.s.d.p.node.HomePageMenuItemPanel - oldToggle: recommend
19:48:17.372 [JavaFX Application Thread] INFO  c.s.d.p.node.HomePageMenuItemPanel - newToggle: jingxuan
19:48:17.372 [JavaFX Application Thread] INFO  c.s.d.p.node.HomePageMenuItemPanel - 当前选中的菜单项：jingxuan
19:48:17.373 [JavaFX Application Thread] INFO  c.s.d.p.node.HomePageMenuItemPanel - 上一个被选中的菜单项：recommend
19:48:17.373 [JavaFX Application Thread] INFO  c.s.d.p.node.HomePageMenuItemPanel - ================================
19:48:17.812 [JavaFX Application Thread] INFO  c.s.d.p.node.HomePageMenuItemPanel - === ToggleGroup 监听器被触发 ===
19:48:17.812 [JavaFX Application Thread] INFO  c.s.d.p.node.HomePageMenuItemPanel - oldToggle: jingxuan
19:48:17.812 [JavaFX Application Thread] INFO  c.s.d.p.node.HomePageMenuItemPanel - newToggle: recommend
19:48:17.812 [JavaFX Application Thread] INFO  c.s.d.p.node.HomePageMenuItemPanel - 当前选中的菜单项：recommend
19:48:17.812 [JavaFX Application Thread] INFO  c.s.d.p.node.HomePageMenuItemPanel - 上一个被选中的菜单项：jingxuan
19:48:17.813 [JavaFX Application Thread] INFO  c.s.d.p.node.HomePageMenuItemPanel - ================================
19:48:18.948 [Thread-82] INFO  c.s.d.common.utils.TuneHubApiUtils - 获取排行榜歌曲: 平台=netease, 排行榜ID=3778678
19:48:24.697 [JavaFX Application Thread] INFO  c.s.d.p.n.MusicPlayDetailContainer - 加载专辑封面: https://music-dl.sayqz.com/api/?source=netease&id=1456890009&type=pic
19:48:24.698 [JavaFX Application Thread] INFO  c.s.d.p.n.MusicPlayDetailContainer - 当前旋转角度: 暂停--95.0
19:48:25.740 [Thread-86] INFO  c.s.d.p.n.MusicPlayDetailContainer - 实际专辑封面URL: https://p1.music.126.net/yN1ke1xYMJ718FiHaDWtYQ==/109951165076380471.jpg
19:48:25.768 [JavaFX Application Thread] INFO  c.s.d.p.n.MusicPlayDetailContainer - 图片加载进度: 12%
19:48:25.768 [JavaFX Application Thread] INFO  c.s.d.p.n.MusicPlayDetailContainer - 图片加载进度: 25%
19:48:25.772 [JavaFX Application Thread] INFO  c.s.d.p.n.MusicPlayDetailContainer - 图片加载进度: 38%
19:48:25.773 [JavaFX Application Thread] INFO  c.s.d.p.n.MusicPlayDetailContainer - 图片加载进度: 52%
19:48:25.777 [JavaFX Application Thread] INFO  c.s.d.p.n.MusicPlayDetailContainer - 图片加载进度: 65%
19:48:25.778 [JavaFX Application Thread] INFO  c.s.d.p.n.MusicPlayDetailContainer - 图片加载进度: 78%
19:48:25.779 [JavaFX Application Thread] INFO  c.s.d.p.n.MusicPlayDetailContainer - 图片加载进度: 92%
19:48:25.780 [JavaFX Application Thread] INFO  c.s.d.p.n.MusicPlayDetailContainer - 图片加载进度: 100%
19:48:25.780 [JavaFX Application Thread] INFO  c.s.d.p.n.MusicPlayDetailContainer - 图片加载完成，加入缓存
19:50:11.165 [Thread-3306] INFO  c.s.d.common.utils.TuneHubApiUtils - 获取排行榜歌曲: 平台=kuwo, 排行榜ID=16
19:50:31.589 [JavaFX Application Thread] INFO  c.s.d.p.node.HomePageMenuItemPanel - === ToggleGroup 监听器被触发 ===
19:50:31.590 [JavaFX Application Thread] INFO  c.s.d.p.node.HomePageMenuItemPanel - oldToggle: recommend
19:50:31.590 [JavaFX Application Thread] INFO  c.s.d.p.node.HomePageMenuItemPanel - newToggle: jingxuan
19:50:31.590 [JavaFX Application Thread] INFO  c.s.d.p.node.HomePageMenuItemPanel - 当前选中的菜单项：jingxuan
19:50:31.590 [JavaFX Application Thread] INFO  c.s.d.p.node.HomePageMenuItemPanel - 上一个被选中的菜单项：recommend
19:50:31.590 [JavaFX Application Thread] INFO  c.s.d.p.node.HomePageMenuItemPanel - ================================
19:50:32.956 [JavaFX Application Thread] INFO  c.s.d.p.node.HomePageMenuItemPanel - === ToggleGroup 监听器被触发 ===
19:50:32.956 [JavaFX Application Thread] INFO  c.s.d.p.node.HomePageMenuItemPanel - oldToggle: jingxuan
19:50:32.956 [JavaFX Application Thread] INFO  c.s.d.p.node.HomePageMenuItemPanel - newToggle: podcast
19:50:32.956 [JavaFX Application Thread] INFO  c.s.d.p.node.HomePageMenuItemPanel - 当前选中的菜单项：podcast
19:50:32.956 [JavaFX Application Thread] INFO  c.s.d.p.node.HomePageMenuItemPanel - 上一个被选中的菜单项：jingxuan
19:50:32.956 [JavaFX Application Thread] INFO  c.s.d.p.node.HomePageMenuItemPanel - ================================
19:50:33.444 [JavaFX Application Thread] INFO  c.s.d.p.node.HomePageMenuItemPanel - === ToggleGroup 监听器被触发 ===
19:50:33.444 [JavaFX Application Thread] INFO  c.s.d.p.node.HomePageMenuItemPanel - oldToggle: podcast
19:50:33.444 [JavaFX Application Thread] INFO  c.s.d.p.node.HomePageMenuItemPanel - newToggle: roam
19:50:33.445 [JavaFX Application Thread] INFO  c.s.d.p.node.HomePageMenuItemPanel - 当前选中的菜单项：roam
19:50:33.445 [JavaFX Application Thread] INFO  c.s.d.p.node.HomePageMenuItemPanel - 上一个被选中的菜单项：podcast
19:50:33.445 [JavaFX Application Thread] INFO  c.s.d.p.node.HomePageMenuItemPanel - ================================
19:50:34.156 [JavaFX Application Thread] INFO  c.s.d.p.node.HomePageMenuItemPanel - === ToggleGroup 监听器被触发 ===
19:50:34.156 [JavaFX Application Thread] INFO  c.s.d.p.node.HomePageMenuItemPanel - oldToggle: roam
19:50:34.156 [JavaFX Application Thread] INFO  c.s.d.p.node.HomePageMenuItemPanel - newToggle: recent
19:50:34.156 [JavaFX Application Thread] INFO  c.s.d.p.node.HomePageMenuItemPanel - 当前选中的菜单项：recent
19:50:34.156 [JavaFX Application Thread] INFO  c.s.d.p.node.HomePageMenuItemPanel - 上一个被选中的菜单项：roam
19:50:34.156 [JavaFX Application Thread] INFO  c.s.d.p.node.HomePageMenuItemPanel - ================================
19:50:35.284 [JavaFX Application Thread] INFO  c.s.d.p.node.HomePageMenuItemPanel - === ToggleGroup 监听器被触发 ===
19:50:35.284 [JavaFX Application Thread] INFO  c.s.d.p.node.HomePageMenuItemPanel - oldToggle: recent
19:50:35.285 [JavaFX Application Thread] INFO  c.s.d.p.node.HomePageMenuItemPanel - newToggle: recommend
19:50:35.285 [JavaFX Application Thread] INFO  c.s.d.p.node.HomePageMenuItemPanel - 当前选中的菜单项：recommend
19:50:35.285 [JavaFX Application Thread] INFO  c.s.d.p.node.HomePageMenuItemPanel - 上一个被选中的菜单项：recent
19:50:35.285 [JavaFX Application Thread] INFO  c.s.d.p.node.HomePageMenuItemPanel - ================================
19:50:36.292 [JavaFX Application Thread] INFO  c.s.d.p.node.HomePageMenuItemPanel - === ToggleGroup 监听器被触发 ===
19:50:36.292 [JavaFX Application Thread] INFO  c.s.d.p.node.HomePageMenuItemPanel - oldToggle: recommend
19:50:36.293 [JavaFX Application Thread] INFO  c.s.d.p.node.HomePageMenuItemPanel - newToggle: myMusic
19:50:36.293 [JavaFX Application Thread] INFO  c.s.d.p.node.HomePageMenuItemPanel - 当前选中的菜单项：myMusic
19:50:36.293 [JavaFX Application Thread] INFO  c.s.d.p.node.HomePageMenuItemPanel - 上一个被选中的菜单项：recommend
19:50:36.293 [JavaFX Application Thread] INFO  c.s.d.p.node.HomePageMenuItemPanel - ================================
19:50:57.459 [JavaFX Application Thread] INFO  c.s.d.p.node.HomePageMenuItemPanel - === ToggleGroup 监听器被触发 ===
19:50:57.460 [JavaFX Application Thread] INFO  c.s.d.p.node.HomePageMenuItemPanel - oldToggle: myMusic
19:50:57.460 [JavaFX Application Thread] INFO  c.s.d.p.node.HomePageMenuItemPanel - newToggle: recommend
19:50:57.460 [JavaFX Application Thread] INFO  c.s.d.p.node.HomePageMenuItemPanel - 当前选中的菜单项：recommend
19:50:57.460 [JavaFX Application Thread] INFO  c.s.d.p.node.HomePageMenuItemPanel - 上一个被选中的菜单项：myMusic
19:50:57.461 [JavaFX Application Thread] INFO  c.s.d.p.node.HomePageMenuItemPanel - ================================
19:52:29.276 [JavaFX Application Thread] INFO  c.s.d.p.n.MusicPlayDetailContainer - 暂停旋转
19:52:29.277 [JavaFX Application Thread] INFO  c.s.d.p.n.MusicPlayDetailContainer - 当前播放状态: STOPPED
19:52:29.280 [JavaFX Application Thread] INFO  c.s.d.p.n.MusicPlayDetailContainer - 当前旋转角度: 播放--95.0
19:52:49.747 [JavaFX Application Thread] INFO  c.s.d.p.node.HomePageMenuItemPanel - === ToggleGroup 监听器被触发 ===
19:52:49.747 [JavaFX Application Thread] INFO  c.s.d.p.node.HomePageMenuItemPanel - oldToggle: recommend
19:52:49.748 [JavaFX Application Thread] INFO  c.s.d.p.node.HomePageMenuItemPanel - newToggle: jingxuan
19:52:49.748 [JavaFX Application Thread] INFO  c.s.d.p.node.HomePageMenuItemPanel - 当前选中的菜单项：jingxuan
19:52:49.748 [JavaFX Application Thread] INFO  c.s.d.p.node.HomePageMenuItemPanel - 上一个被选中的菜单项：recommend
19:52:49.748 [JavaFX Application Thread] INFO  c.s.d.p.node.HomePageMenuItemPanel - ================================
19:52:50.572 [JavaFX Application Thread] INFO  c.s.d.p.node.HomePageMenuItemPanel - === ToggleGroup 监听器被触发 ===
19:52:50.572 [JavaFX Application Thread] INFO  c.s.d.p.node.HomePageMenuItemPanel - oldToggle: jingxuan
19:52:50.573 [JavaFX Application Thread] INFO  c.s.d.p.node.HomePageMenuItemPanel - newToggle: podcast
19:52:50.573 [JavaFX Application Thread] INFO  c.s.d.p.node.HomePageMenuItemPanel - 当前选中的菜单项：podcast
19:52:50.573 [JavaFX Application Thread] INFO  c.s.d.p.node.HomePageMenuItemPanel - 上一个被选中的菜单项：jingxuan
19:52:50.573 [JavaFX Application Thread] INFO  c.s.d.p.node.HomePageMenuItemPanel - ================================
19:52:51.684 [JavaFX Application Thread] INFO  c.s.d.p.node.HomePageMenuItemPanel - === ToggleGroup 监听器被触发 ===
19:52:51.684 [JavaFX Application Thread] INFO  c.s.d.p.node.HomePageMenuItemPanel - oldToggle: podcast
19:52:51.685 [JavaFX Application Thread] INFO  c.s.d.p.node.HomePageMenuItemPanel - newToggle: jingxuan
19:52:51.685 [JavaFX Application Thread] INFO  c.s.d.p.node.HomePageMenuItemPanel - 当前选中的菜单项：jingxuan
19:52:51.685 [JavaFX Application Thread] INFO  c.s.d.p.node.HomePageMenuItemPanel - 上一个被选中的菜单项：podcast
19:52:51.685 [JavaFX Application Thread] INFO  c.s.d.p.node.HomePageMenuItemPanel - ================================
19:52:52.173 [JavaFX Application Thread] INFO  c.s.d.p.node.HomePageMenuItemPanel - === ToggleGroup 监听器被触发 ===
19:52:52.174 [JavaFX Application Thread] INFO  c.s.d.p.node.HomePageMenuItemPanel - oldToggle: jingxuan
19:52:52.174 [JavaFX Application Thread] INFO  c.s.d.p.node.HomePageMenuItemPanel - newToggle: recommend
19:52:52.174 [JavaFX Application Thread] INFO  c.s.d.p.node.HomePageMenuItemPanel - 当前选中的菜单项：recommend
19:52:52.174 [JavaFX Application Thread] INFO  c.s.d.p.node.HomePageMenuItemPanel - 上一个被选中的菜单项：jingxuan
19:52:52.174 [JavaFX Application Thread] INFO  c.s.d.p.node.HomePageMenuItemPanel - ================================
20:02:27.975 [JavaFX Application Thread] INFO  com.stickpoint.ddmusic.App - === 应用启动调试信息 ===
20:02:27.978 [JavaFX Application Thread] INFO  com.stickpoint.ddmusic.App - Java 版本: 21.0.8
20:02:27.978 [JavaFX Application Thread] INFO  com.stickpoint.ddmusic.App - JavaFX 版本: 21.0.7
20:02:27.979 [JavaFX Application Thread] INFO  com.stickpoint.ddmusic.App - 工作目录: E:\codeData\javaProject\javafx-ddmusic\ddmuisc2
20:02:27.979 [JavaFX Application Thread] INFO  com.stickpoint.ddmusic.App - 1. 开始创建 HomePage
20:02:29.257 [JavaFX Application Thread] INFO  c.s.ddmusic.common.utils.ConfigUtils - 配置文件读取成功: C:\Users\Administrator\ddmusic.dd
20:02:29.264 [JavaFX Application Thread] INFO  c.s.d.p.n.MusicPlayDetailContainer - 旋转角度: 60.0
20:02:29.352 [JavaFX Application Thread] INFO  com.stickpoint.ddmusic.App - 2. HomePage 创建成功
20:02:29.352 [JavaFX Application Thread] INFO  com.stickpoint.ddmusic.App - 3. 开始创建场景
20:02:29.405 [JavaFX Application Thread] INFO  com.stickpoint.ddmusic.App - 4. 场景创建成功
20:02:29.406 [JavaFX Application Thread] INFO  com.stickpoint.ddmusic.App - 5. 设置舞台属性
20:02:29.408 [JavaFX Application Thread] INFO  com.stickpoint.ddmusic.App - 6. 舞台属性设置完成
20:02:29.409 [JavaFX Application Thread] INFO  com.stickpoint.ddmusic.App - 7. 加载图标
20:02:29.410 [JavaFX Application Thread] INFO  com.stickpoint.ddmusic.App - 图标URL: file:/E:/codeData/javaProject/javafx-ddmusic/ddmuisc2/target/classes/img/logo.svg
20:02:29.411 [JavaFX Application Thread] INFO  com.stickpoint.ddmusic.App - 8. 图标加载成功
20:02:29.412 [JavaFX Application Thread] INFO  com.stickpoint.ddmusic.App - 9. 显示舞台
20:02:29.776 [JavaFX Application Thread] INFO  com.stickpoint.ddmusic.App - 10. 添加窗口缩放支持
20:02:29.777 [JavaFX Application Thread] INFO  com.stickpoint.ddmusic.App - 11. 居中显示
20:02:29.778 [JavaFX Application Thread] INFO  com.stickpoint.ddmusic.App - 12. 应用启动完成
20:04:18.912 [Thread-78] INFO  c.s.d.p.node.SearchResultContainer - 开始搜索关键词: 我不对
20:04:18.915 [Thread-78] INFO  c.s.d.common.utils.TuneHubApiUtils - 聚合搜索歌曲: 关键词=我不对
20:04:19.535 [Thread-78] INFO  c.s.d.p.node.SearchResultContainer - 搜索结果JSON: {"code":200,"message":"success","data":{"keyword":"我不对","limit":10,"page":1,"platforms":["netease","qq","kuwo"],"platformStats":{"netease":{"success":true,"count":10,"duration":348,"error":null},"qq":{"success":false,"count":0,"duration":320,"error":"搜索重试次数过多"},"kuwo":{"success":true,"count":0,"duration":29,"error":null}},"total":10,"results":[{"id":"1389152878","name":"我不好","artist":"张艺兴","album":"我不好","platform":"netease","url":"https://music-dl.sayqz.com/api/?source=netease&id=1389152878&type=url","pic":"https://music-dl.sayqz.com/api/?source=netease&id=1389152878&type=pic","lrc":"https://music-dl.sayqz.com/api/?source=netease&id=1389152878&type=lrc"},{"id":"1838786037","name":"我不好","artist":"郭文琳","album":"张艺兴","platform":"netease","url":"https://music-dl.sayqz.com/api/?source=netease&id=1838786037&type=url","pic":"https://music-dl.sayqz.com/api/?source=netease&id=1838786037&type=pic","lrc":"https://music-dl.sayqz.com/api/?source=netease&id=1838786037&type=lrc"},{"id":"2703675544","name":"我不好","artist":"钊柯.l","album":"我不好","platform":"netease","url":"https://music-dl.sayqz.com/api/?source=netease&id=2703675544&type=url","pic":"https://music-dl.sayqz.com/api/?source=netease&id=2703675544&type=pic","lrc":"https://music-dl.sayqz.com/api/?source=netease&id=2703675544&type=lrc"},{"id":"1391927772","name":"我不好","artist":"语恒","album":"我不好","platform":"netease","url":"https://music-dl.sayqz.com/api/?source=netease&id=1391927772&type=url","pic":"https://music-dl.sayqz.com/api/?source=netease&id=1391927772&type=pic","lrc":"https://music-dl.sayqz.com/api/?source=netease&id=1391927772&type=lrc"},{"id":"1809286552","name":"我不对","artist":"金玮晟","album":"我不对","platform":"netease","url":"https://music-dl.sayqz.com/api/?source=netease&id=1809286552&type=url","pic":"https://music-dl.sayqz.com/api/?source=netease&id=1809286552&type=pic","lrc":"https://music-dl.sayqz.com/api/?source=netease&id=1809286552&type=lrc"},{"id":"1976481901","name":"我不对","artist":"钟婉芸","album":"想了很久，但还是觉得这样好","platform":"netease","url":"https://music-dl.sayqz.com/api/?source=netease&id=1976481901&type=url","pic":"https://music-dl.sayqz.com/api/?source=netease&id=1976481901&type=pic","lrc":"https://music-dl.sayqz.com/api/?source=netease&id=1976481901&type=lrc"},{"id":"2121080234","name":"我不好","artist":"Chloe Wong 黄筠儿","album":"我不好","platform":"netease","url":"https://music-dl.sayqz.com/api/?source=netease&id=2121080234&type=url","pic":"https://music-dl.sayqz.com/api/?source=netease&id=2121080234&type=pic","lrc":"https://music-dl.sayqz.com/api/?source=netease&id=2121080234&type=lrc"},{"id":"2738146260","name":"我不对","artist":"九宝贝","album":"九宝贝最走心","platform":"netease","url":"https://music-dl.sayqz.com/api/?source=netease&id=2738146260&type=url","pic":"https://music-dl.sayqz.com/api/?source=netease&id=2738146260&type=pic","lrc":"https://music-dl.sayqz.com/api/?source=netease&id=2738146260&type=lrc"},{"id":"1389725043","name":"我不好 (伴奏)","artist":"张艺兴","album":"我不好","platform":"netease","url":"https://music-dl.sayqz.com/api/?source=netease&id=1389725043&type=url","pic":"https://music-dl.sayqz.com/api/?source=netease&id=1389725043&type=pic","lrc":"https://music-dl.sayqz.com/api/?source=netease&id=1389725043&type=lrc"},{"id":"1929341395","name":"我不對","artist":"梁一村","album":"Eric Master Leung","platform":"netease","url":"https://music-dl.sayqz.com/api/?source=netease&id=1929341395&type=url","pic":"https://music-dl.sayqz.com/api/?source=netease&id=1929341395&type=pic","lrc":"https://music-dl.sayqz.com/api/?source=netease&id=1929341395&type=lrc"}]},"timestamp":"2026-01-24T20:04:19.586+08:00"}
20:04:19.541 [Thread-78] INFO  c.s.d.p.node.SearchResultContainer - 搜索结果数量: 10
20:04:24.908 [JavaFX Application Thread] INFO  c.s.d.p.node.HomePageMenuItemPanel - === ToggleGroup 监听器被触发 ===
20:04:24.909 [JavaFX Application Thread] INFO  c.s.d.p.node.HomePageMenuItemPanel - oldToggle: null
20:04:24.909 [JavaFX Application Thread] INFO  c.s.d.p.node.HomePageMenuItemPanel - newToggle: recommend
20:04:24.910 [JavaFX Application Thread] INFO  c.s.d.p.node.HomePageMenuItemPanel - 当前选中的菜单项：recommend
20:04:24.910 [JavaFX Application Thread] INFO  c.s.d.p.node.HomePageMenuItemPanel - ================================
20:04:46.926 [JavaFX Application Thread] INFO  c.s.d.p.node.HomePageMenuItemPanel - === ToggleGroup 监听器被触发 ===
20:04:46.926 [JavaFX Application Thread] INFO  c.s.d.p.node.HomePageMenuItemPanel - oldToggle: recommend
20:04:46.927 [JavaFX Application Thread] INFO  c.s.d.p.node.HomePageMenuItemPanel - newToggle: jingxuan
20:04:46.927 [JavaFX Application Thread] INFO  c.s.d.p.node.HomePageMenuItemPanel - 当前选中的菜单项：jingxuan
20:04:46.927 [JavaFX Application Thread] INFO  c.s.d.p.node.HomePageMenuItemPanel - 上一个被选中的菜单项：recommend
20:04:46.928 [JavaFX Application Thread] INFO  c.s.d.p.node.HomePageMenuItemPanel - ================================
20:04:48.206 [JavaFX Application Thread] INFO  c.s.d.p.node.HomePageMenuItemPanel - === ToggleGroup 监听器被触发 ===
20:04:48.208 [JavaFX Application Thread] INFO  c.s.d.p.node.HomePageMenuItemPanel - oldToggle: jingxuan
20:04:48.208 [JavaFX Application Thread] INFO  c.s.d.p.node.HomePageMenuItemPanel - newToggle: podcast
20:04:48.209 [JavaFX Application Thread] INFO  c.s.d.p.node.HomePageMenuItemPanel - 当前选中的菜单项：podcast
20:04:48.209 [JavaFX Application Thread] INFO  c.s.d.p.node.HomePageMenuItemPanel - 上一个被选中的菜单项：jingxuan
20:04:48.210 [JavaFX Application Thread] INFO  c.s.d.p.node.HomePageMenuItemPanel - ================================
20:04:49.076 [JavaFX Application Thread] INFO  c.s.d.p.node.HomePageMenuItemPanel - === ToggleGroup 监听器被触发 ===
20:04:49.077 [JavaFX Application Thread] INFO  c.s.d.p.node.HomePageMenuItemPanel - oldToggle: podcast
20:04:49.077 [JavaFX Application Thread] INFO  c.s.d.p.node.HomePageMenuItemPanel - newToggle: jingxuan
20:04:49.077 [JavaFX Application Thread] INFO  c.s.d.p.node.HomePageMenuItemPanel - 当前选中的菜单项：jingxuan
20:04:49.078 [JavaFX Application Thread] INFO  c.s.d.p.node.HomePageMenuItemPanel - 上一个被选中的菜单项：podcast
20:04:49.078 [JavaFX Application Thread] INFO  c.s.d.p.node.HomePageMenuItemPanel - ================================
20:05:14.435 [JavaFX Application Thread] INFO  c.s.d.p.node.HomePageMenuItemPanel - === ToggleGroup 监听器被触发 ===
20:05:14.436 [JavaFX Application Thread] INFO  c.s.d.p.node.HomePageMenuItemPanel - oldToggle: jingxuan
20:05:14.436 [JavaFX Application Thread] INFO  c.s.d.p.node.HomePageMenuItemPanel - newToggle: podcast
20:05:14.437 [JavaFX Application Thread] INFO  c.s.d.p.node.HomePageMenuItemPanel - 当前选中的菜单项：podcast
20:05:14.437 [JavaFX Application Thread] INFO  c.s.d.p.node.HomePageMenuItemPanel - 上一个被选中的菜单项：jingxuan
20:05:14.437 [JavaFX Application Thread] INFO  c.s.d.p.node.HomePageMenuItemPanel - ================================
20:05:16.518 [JavaFX Application Thread] INFO  c.s.d.p.node.HomePageMenuItemPanel - === ToggleGroup 监听器被触发 ===
20:05:16.519 [JavaFX Application Thread] INFO  c.s.d.p.node.HomePageMenuItemPanel - oldToggle: podcast
20:05:16.519 [JavaFX Application Thread] INFO  c.s.d.p.node.HomePageMenuItemPanel - newToggle: roam
20:05:16.520 [JavaFX Application Thread] INFO  c.s.d.p.node.HomePageMenuItemPanel - 当前选中的菜单项：roam
20:05:16.520 [JavaFX Application Thread] INFO  c.s.d.p.node.HomePageMenuItemPanel - 上一个被选中的菜单项：podcast
20:05:16.521 [JavaFX Application Thread] INFO  c.s.d.p.node.HomePageMenuItemPanel - ================================
20:05:17.879 [JavaFX Application Thread] INFO  c.s.d.p.node.HomePageMenuItemPanel - === ToggleGroup 监听器被触发 ===
20:05:17.879 [JavaFX Application Thread] INFO  c.s.d.p.node.HomePageMenuItemPanel - oldToggle: roam
20:05:17.880 [JavaFX Application Thread] INFO  c.s.d.p.node.HomePageMenuItemPanel - newToggle: myMusic
20:05:17.880 [JavaFX Application Thread] INFO  c.s.d.p.node.HomePageMenuItemPanel - 当前选中的菜单项：myMusic
20:05:17.880 [JavaFX Application Thread] INFO  c.s.d.p.node.HomePageMenuItemPanel - 上一个被选中的菜单项：roam
20:05:17.881 [JavaFX Application Thread] INFO  c.s.d.p.node.HomePageMenuItemPanel - ================================
20:05:21.092 [JavaFX Application Thread] INFO  c.s.d.p.node.HomePageMenuItemPanel - === ToggleGroup 监听器被触发 ===
20:05:21.092 [JavaFX Application Thread] INFO  c.s.d.p.node.HomePageMenuItemPanel - oldToggle: myMusic
20:05:21.093 [JavaFX Application Thread] INFO  c.s.d.p.node.HomePageMenuItemPanel - newToggle: recent
20:05:21.093 [JavaFX Application Thread] INFO  c.s.d.p.node.HomePageMenuItemPanel - 当前选中的菜单项：recent
20:05:21.093 [JavaFX Application Thread] INFO  c.s.d.p.node.HomePageMenuItemPanel - 上一个被选中的菜单项：myMusic
20:05:21.094 [JavaFX Application Thread] INFO  c.s.d.p.node.HomePageMenuItemPanel - ================================
20:05:22.989 [JavaFX Application Thread] INFO  c.s.d.p.node.HomePageMenuItemPanel - === ToggleGroup 监听器被触发 ===
20:05:22.990 [JavaFX Application Thread] INFO  c.s.d.p.node.HomePageMenuItemPanel - oldToggle: recent
20:05:22.990 [JavaFX Application Thread] INFO  c.s.d.p.node.HomePageMenuItemPanel - newToggle: myPlaylist
20:05:22.991 [JavaFX Application Thread] INFO  c.s.d.p.node.HomePageMenuItemPanel - 当前选中的菜单项：myPlaylist
20:05:22.991 [JavaFX Application Thread] INFO  c.s.d.p.node.HomePageMenuItemPanel - 上一个被选中的菜单项：recent
20:05:22.992 [JavaFX Application Thread] INFO  c.s.d.p.node.HomePageMenuItemPanel - ================================
20:05:23.725 [JavaFX Application Thread] INFO  c.s.d.p.node.HomePageMenuItemPanel - === ToggleGroup 监听器被触发 ===
20:05:23.726 [JavaFX Application Thread] INFO  c.s.d.p.node.HomePageMenuItemPanel - oldToggle: myPlaylist
20:05:23.726 [JavaFX Application Thread] INFO  c.s.d.p.node.HomePageMenuItemPanel - newToggle: recent
20:05:23.727 [JavaFX Application Thread] INFO  c.s.d.p.node.HomePageMenuItemPanel - 当前选中的菜单项：recent
20:05:23.727 [JavaFX Application Thread] INFO  c.s.d.p.node.HomePageMenuItemPanel - 上一个被选中的菜单项：myPlaylist
20:05:23.728 [JavaFX Application Thread] INFO  c.s.d.p.node.HomePageMenuItemPanel - ================================
20:05:24.526 [JavaFX Application Thread] INFO  c.s.d.p.node.HomePageMenuItemPanel - === ToggleGroup 监听器被触发 ===
20:05:24.526 [JavaFX Application Thread] INFO  c.s.d.p.node.HomePageMenuItemPanel - oldToggle: recent
20:05:24.527 [JavaFX Application Thread] INFO  c.s.d.p.node.HomePageMenuItemPanel - newToggle: roam
20:05:24.527 [JavaFX Application Thread] INFO  c.s.d.p.node.HomePageMenuItemPanel - 当前选中的菜单项：roam
20:05:24.527 [JavaFX Application Thread] INFO  c.s.d.p.node.HomePageMenuItemPanel - 上一个被选中的菜单项：recent
20:05:24.528 [JavaFX Application Thread] INFO  c.s.d.p.node.HomePageMenuItemPanel - ================================
20:05:25.020 [JavaFX Application Thread] INFO  c.s.d.p.node.HomePageMenuItemPanel - === ToggleGroup 监听器被触发 ===
20:05:25.021 [JavaFX Application Thread] INFO  c.s.d.p.node.HomePageMenuItemPanel - oldToggle: roam
20:05:25.022 [JavaFX Application Thread] INFO  c.s.d.p.node.HomePageMenuItemPanel - newToggle: myMusic
20:05:25.022 [JavaFX Application Thread] INFO  c.s.d.p.node.HomePageMenuItemPanel - 当前选中的菜单项：myMusic
20:05:25.022 [JavaFX Application Thread] INFO  c.s.d.p.node.HomePageMenuItemPanel - 上一个被选中的菜单项：roam
20:05:25.023 [JavaFX Application Thread] INFO  c.s.d.p.node.HomePageMenuItemPanel - ================================
20:05:29.364 [JavaFX Application Thread] INFO  c.s.d.p.node.HomePageMenuItemPanel - === ToggleGroup 监听器被触发 ===
20:05:29.365 [JavaFX Application Thread] INFO  c.s.d.p.node.HomePageMenuItemPanel - oldToggle: myMusic
20:05:29.365 [JavaFX Application Thread] INFO  c.s.d.p.node.HomePageMenuItemPanel - newToggle: podcast
20:05:29.365 [JavaFX Application Thread] INFO  c.s.d.p.node.HomePageMenuItemPanel - 当前选中的菜单项：podcast
20:05:29.365 [JavaFX Application Thread] INFO  c.s.d.p.node.HomePageMenuItemPanel - 上一个被选中的菜单项：myMusic
20:05:29.366 [JavaFX Application Thread] INFO  c.s.d.p.node.HomePageMenuItemPanel - ================================
20:07:11.580 [JavaFX Application Thread] INFO  c.s.d.p.node.HomePageMenuItemPanel - === ToggleGroup 监听器被触发 ===
20:07:11.580 [JavaFX Application Thread] INFO  c.s.d.p.node.HomePageMenuItemPanel - oldToggle: podcast
20:07:11.581 [JavaFX Application Thread] INFO  c.s.d.p.node.HomePageMenuItemPanel - newToggle: roam
20:07:11.581 [JavaFX Application Thread] INFO  c.s.d.p.node.HomePageMenuItemPanel - 当前选中的菜单项：roam
20:07:11.581 [JavaFX Application Thread] INFO  c.s.d.p.node.HomePageMenuItemPanel - 上一个被选中的菜单项：podcast
20:07:11.584 [JavaFX Application Thread] INFO  c.s.d.p.node.HomePageMenuItemPanel - ================================
20:07:12.547 [JavaFX Application Thread] INFO  c.s.d.p.node.HomePageMenuItemPanel - === ToggleGroup 监听器被触发 ===
20:07:12.548 [JavaFX Application Thread] INFO  c.s.d.p.node.HomePageMenuItemPanel - oldToggle: roam
20:07:12.548 [JavaFX Application Thread] INFO  c.s.d.p.node.HomePageMenuItemPanel - newToggle: myMusic
20:07:12.548 [JavaFX Application Thread] INFO  c.s.d.p.node.HomePageMenuItemPanel - 当前选中的菜单项：myMusic
20:07:12.548 [JavaFX Application Thread] INFO  c.s.d.p.node.HomePageMenuItemPanel - 上一个被选中的菜单项：roam
20:07:12.549 [JavaFX Application Thread] INFO  c.s.d.p.node.HomePageMenuItemPanel - ================================
20:07:22.917 [JavaFX Application Thread] INFO  c.s.d.p.node.HomePageMenuItemPanel - === ToggleGroup 监听器被触发 ===
20:07:22.917 [JavaFX Application Thread] INFO  c.s.d.p.node.HomePageMenuItemPanel - oldToggle: myMusic
20:07:22.918 [JavaFX Application Thread] INFO  c.s.d.p.node.HomePageMenuItemPanel - newToggle: podcast
20:07:22.918 [JavaFX Application Thread] INFO  c.s.d.p.node.HomePageMenuItemPanel - 当前选中的菜单项：podcast
20:07:22.919 [JavaFX Application Thread] INFO  c.s.d.p.node.HomePageMenuItemPanel - 上一个被选中的菜单项：myMusic
20:07:22.920 [JavaFX Application Thread] INFO  c.s.d.p.node.HomePageMenuItemPanel - ================================
20:07:29.883 [JavaFX Application Thread] INFO  c.s.d.p.node.HomePageMenuItemPanel - === ToggleGroup 监听器被触发 ===
20:07:29.883 [JavaFX Application Thread] INFO  c.s.d.p.node.HomePageMenuItemPanel - oldToggle: podcast
20:07:29.884 [JavaFX Application Thread] INFO  c.s.d.p.node.HomePageMenuItemPanel - newToggle: jingxuan
20:07:29.884 [JavaFX Application Thread] INFO  c.s.d.p.node.HomePageMenuItemPanel - 当前选中的菜单项：jingxuan
20:07:29.884 [JavaFX Application Thread] INFO  c.s.d.p.node.HomePageMenuItemPanel - 上一个被选中的菜单项：podcast
20:07:29.885 [JavaFX Application Thread] INFO  c.s.d.p.node.HomePageMenuItemPanel - ================================
20:07:30.523 [JavaFX Application Thread] INFO  c.s.d.p.node.HomePageMenuItemPanel - === ToggleGroup 监听器被触发 ===
20:07:30.524 [JavaFX Application Thread] INFO  c.s.d.p.node.HomePageMenuItemPanel - oldToggle: jingxuan
20:07:30.524 [JavaFX Application Thread] INFO  c.s.d.p.node.HomePageMenuItemPanel - newToggle: podcast
20:07:30.524 [JavaFX Application Thread] INFO  c.s.d.p.node.HomePageMenuItemPanel - 当前选中的菜单项：podcast
20:07:30.525 [JavaFX Application Thread] INFO  c.s.d.p.node.HomePageMenuItemPanel - 上一个被选中的菜单项：jingxuan
20:07:30.525 [JavaFX Application Thread] INFO  c.s.d.p.node.HomePageMenuItemPanel - ================================
20:11:23.280 [JavaFX Application Thread] INFO  com.stickpoint.ddmusic.App - === 应用启动调试信息 ===
20:11:23.281 [JavaFX Application Thread] INFO  com.stickpoint.ddmusic.App - Java 版本: 21.0.8
20:11:23.282 [JavaFX Application Thread] INFO  com.stickpoint.ddmusic.App - JavaFX 版本: 21.0.7
20:11:23.282 [JavaFX Application Thread] INFO  com.stickpoint.ddmusic.App - 工作目录: E:\codeData\javaProject\javafx-ddmusic\ddmuisc2
20:11:23.283 [JavaFX Application Thread] INFO  com.stickpoint.ddmusic.App - 1. 开始创建 HomePage
20:11:24.290 [JavaFX Application Thread] INFO  c.s.ddmusic.common.utils.ConfigUtils - 配置文件读取成功: C:\Users\Administrator\ddmusic.dd
20:11:24.298 [JavaFX Application Thread] INFO  c.s.d.p.n.MusicPlayDetailContainer - 旋转角度: 60.0
20:11:24.395 [JavaFX Application Thread] INFO  com.stickpoint.ddmusic.App - 2. HomePage 创建成功
20:11:24.396 [JavaFX Application Thread] INFO  com.stickpoint.ddmusic.App - 3. 开始创建场景
20:11:24.455 [JavaFX Application Thread] INFO  com.stickpoint.ddmusic.App - 4. 场景创建成功
20:11:24.457 [JavaFX Application Thread] INFO  com.stickpoint.ddmusic.App - 5. 设置舞台属性
20:11:24.459 [JavaFX Application Thread] INFO  com.stickpoint.ddmusic.App - 6. 舞台属性设置完成
20:11:24.460 [JavaFX Application Thread] INFO  com.stickpoint.ddmusic.App - 7. 加载图标
20:11:24.461 [JavaFX Application Thread] INFO  com.stickpoint.ddmusic.App - 图标URL: file:/E:/codeData/javaProject/javafx-ddmusic/ddmuisc2/target/classes/img/logo.svg
20:11:24.464 [JavaFX Application Thread] INFO  com.stickpoint.ddmusic.App - 8. 图标加载成功
20:11:24.466 [JavaFX Application Thread] INFO  com.stickpoint.ddmusic.App - 9. 显示舞台
20:11:24.830 [JavaFX Application Thread] INFO  com.stickpoint.ddmusic.App - 10. 添加窗口缩放支持
20:11:24.831 [JavaFX Application Thread] INFO  com.stickpoint.ddmusic.App - 11. 居中显示
20:11:24.832 [JavaFX Application Thread] INFO  com.stickpoint.ddmusic.App - 12. 应用启动完成
20:11:37.606 [JavaFX Application Thread] INFO  c.s.d.p.node.HomePageMenuItemPanel - === ToggleGroup 监听器被触发 ===
20:11:37.607 [JavaFX Application Thread] INFO  c.s.d.p.node.HomePageMenuItemPanel - oldToggle: null
20:11:37.607 [JavaFX Application Thread] INFO  c.s.d.p.node.HomePageMenuItemPanel - newToggle: recommend
20:11:37.608 [JavaFX Application Thread] INFO  c.s.d.p.node.HomePageMenuItemPanel - 当前选中的菜单项：recommend
20:11:37.608 [JavaFX Application Thread] INFO  c.s.d.p.node.HomePageMenuItemPanel - ================================
20:11:39.350 [JavaFX Application Thread] INFO  c.s.d.p.node.HomePageMenuItemPanel - === ToggleGroup 监听器被触发 ===
20:11:39.350 [JavaFX Application Thread] INFO  c.s.d.p.node.HomePageMenuItemPanel - oldToggle: recommend
20:11:39.351 [JavaFX Application Thread] INFO  c.s.d.p.node.HomePageMenuItemPanel - newToggle: jingxuan
20:11:39.352 [JavaFX Application Thread] INFO  c.s.d.p.node.HomePageMenuItemPanel - 当前选中的菜单项：jingxuan
20:11:39.352 [JavaFX Application Thread] INFO  c.s.d.p.node.HomePageMenuItemPanel - 上一个被选中的菜单项：recommend
20:11:39.353 [JavaFX Application Thread] INFO  c.s.d.p.node.HomePageMenuItemPanel - ================================
20:41:29.653 [JavaFX Application Thread] INFO  com.stickpoint.ddmusic.App - === 应用启动调试信息 ===
20:41:29.660 [JavaFX Application Thread] INFO  com.stickpoint.ddmusic.App - Java 版本: 21.0.8
20:41:29.661 [JavaFX Application Thread] INFO  com.stickpoint.ddmusic.App - JavaFX 版本: 21.0.7
20:41:29.662 [JavaFX Application Thread] INFO  com.stickpoint.ddmusic.App - 工作目录: E:\codeData\javaProject\javafx-ddmusic\ddmuisc2
20:41:29.662 [JavaFX Application Thread] INFO  com.stickpoint.ddmusic.App - 1. 开始创建 HomePage
20:44:44.660 [JavaFX Application Thread] INFO  com.stickpoint.ddmusic.App - === 应用启动调试信息 ===
20:44:44.665 [JavaFX Application Thread] INFO  com.stickpoint.ddmusic.App - Java 版本: 21.0.8
20:44:44.666 [JavaFX Application Thread] INFO  com.stickpoint.ddmusic.App - JavaFX 版本: 21.0.7
20:44:44.666 [JavaFX Application Thread] INFO  com.stickpoint.ddmusic.App - 工作目录: E:\codeData\javaProject\javafx-ddmusic\ddmuisc2
20:44:44.666 [JavaFX Application Thread] INFO  com.stickpoint.ddmusic.App - 1. 开始创建 HomePage
20:48:20.977 [JavaFX Application Thread] INFO  com.stickpoint.ddmusic.App - === 应用启动调试信息 ===
20:48:20.979 [JavaFX Application Thread] INFO  com.stickpoint.ddmusic.App - Java 版本: 21.0.8
20:48:20.980 [JavaFX Application Thread] INFO  com.stickpoint.ddmusic.App - JavaFX 版本: 21.0.7
20:48:20.980 [JavaFX Application Thread] INFO  com.stickpoint.ddmusic.App - 工作目录: E:\codeData\javaProject\javafx-ddmusic\ddmuisc2
20:48:20.980 [JavaFX Application Thread] INFO  com.stickpoint.ddmusic.App - 1. 开始创建 HomePage
20:48:23.867 [JavaFX Application Thread] INFO  c.s.ddmusic.common.utils.ConfigUtils - 配置文件读取成功: C:\Users\Administrator\ddmusic.dd
20:48:23.954 [JavaFX Application Thread] INFO  c.s.d.p.n.MusicPlayDetailContainer - 旋转角度: 60.0
20:48:24.342 [JavaFX Application Thread] INFO  com.stickpoint.ddmusic.App - 2. HomePage 创建成功
20:48:24.342 [JavaFX Application Thread] INFO  com.stickpoint.ddmusic.App - 3. 开始创建场景
20:48:24.510 [JavaFX Application Thread] INFO  com.stickpoint.ddmusic.App - 4. 场景创建成功
20:48:24.510 [JavaFX Application Thread] INFO  com.stickpoint.ddmusic.App - 5. 设置舞台属性
20:48:24.511 [JavaFX Application Thread] INFO  com.stickpoint.ddmusic.App - 6. 舞台属性设置完成
20:48:24.512 [JavaFX Application Thread] INFO  com.stickpoint.ddmusic.App - 7. 加载图标
20:48:24.513 [JavaFX Application Thread] INFO  com.stickpoint.ddmusic.App - 图标URL: file:/E:/codeData/javaProject/javafx-ddmusic/ddmuisc2/target/classes/img/logo.svg
20:48:24.526 [JavaFX Application Thread] INFO  com.stickpoint.ddmusic.App - 8. 图标加载成功
20:48:24.526 [JavaFX Application Thread] INFO  com.stickpoint.ddmusic.App - 9. 显示舞台
20:48:25.142 [JavaFX Application Thread] INFO  com.stickpoint.ddmusic.App - 10. 添加窗口缩放支持
20:48:25.148 [JavaFX Application Thread] INFO  com.stickpoint.ddmusic.App - 11. 居中显示
20:48:25.149 [JavaFX Application Thread] INFO  com.stickpoint.ddmusic.App - 12. 应用启动完成
21:27:09.958 [JavaFX Application Thread] INFO  com.stickpoint.ddmusic.App - === 应用启动调试信息 ===
21:27:09.959 [JavaFX Application Thread] INFO  com.stickpoint.ddmusic.App - Java 版本: 21.0.8
21:27:09.960 [JavaFX Application Thread] INFO  com.stickpoint.ddmusic.App - JavaFX 版本: 21.0.7
21:27:09.961 [JavaFX Application Thread] INFO  com.stickpoint.ddmusic.App - 工作目录: E:\codeData\javaProject\javafx-ddmusic\ddmuisc2
21:27:09.961 [JavaFX Application Thread] INFO  com.stickpoint.ddmusic.App - 1. 开始创建 HomePage
21:27:16.959 [JavaFX Application Thread] INFO  c.s.ddmusic.common.utils.ConfigUtils - 配置文件读取成功: C:\Users\Administrator\ddmusic.dd
21:27:16.997 [JavaFX Application Thread] INFO  c.s.d.p.n.MusicPlayDetailContainer - 旋转角度: 60.0
21:27:17.231 [JavaFX Application Thread] INFO  com.stickpoint.ddmusic.App - 2. HomePage 创建成功
21:27:17.232 [JavaFX Application Thread] INFO  com.stickpoint.ddmusic.App - 3. 开始创建场景
21:27:17.390 [JavaFX Application Thread] INFO  com.stickpoint.ddmusic.App - 4. 场景创建成功
21:27:17.391 [JavaFX Application Thread] INFO  com.stickpoint.ddmusic.App - 5. 设置舞台属性
21:27:17.391 [JavaFX Application Thread] INFO  com.stickpoint.ddmusic.App - 6. 舞台属性设置完成
21:27:17.392 [JavaFX Application Thread] INFO  com.stickpoint.ddmusic.App - 7. 加载图标
21:27:17.392 [JavaFX Application Thread] INFO  com.stickpoint.ddmusic.App - 图标URL: file:/E:/codeData/javaProject/javafx-ddmusic/ddmuisc2/target/classes/img/logo.svg
21:27:17.398 [JavaFX Application Thread] INFO  com.stickpoint.ddmusic.App - 8. 图标加载成功
21:27:17.399 [JavaFX Application Thread] INFO  com.stickpoint.ddmusic.App - 9. 显示舞台
21:27:17.867 [JavaFX Application Thread] INFO  com.stickpoint.ddmusic.App - 10. 添加窗口缩放支持
21:27:17.869 [JavaFX Application Thread] INFO  com.stickpoint.ddmusic.App - 11. 居中显示
21:27:17.870 [JavaFX Application Thread] INFO  com.stickpoint.ddmusic.App - 12. 应用启动完成
21:30:29.880 [JavaFX Application Thread] INFO  com.stickpoint.ddmusic.App - === 应用启动调试信息 ===
21:30:29.882 [JavaFX Application Thread] INFO  com.stickpoint.ddmusic.App - Java 版本: 21.0.8
21:30:29.883 [JavaFX Application Thread] INFO  com.stickpoint.ddmusic.App - JavaFX 版本: 21.0.7
21:30:29.883 [JavaFX Application Thread] INFO  com.stickpoint.ddmusic.App - 工作目录: E:\codeData\javaProject\javafx-ddmusic\ddmuisc2
21:30:29.884 [JavaFX Application Thread] INFO  com.stickpoint.ddmusic.App - 1. 开始创建 HomePage
21:30:32.626 [JavaFX Application Thread] INFO  c.s.ddmusic.common.utils.ConfigUtils - 配置文件读取成功: C:\Users\Administrator\ddmusic.dd
21:30:32.634 [JavaFX Application Thread] INFO  c.s.d.p.n.MusicPlayDetailContainer - 旋转角度: 60.0
21:30:32.749 [JavaFX Application Thread] INFO  com.stickpoint.ddmusic.App - 2. HomePage 创建成功
21:30:32.749 [JavaFX Application Thread] INFO  com.stickpoint.ddmusic.App - 3. 开始创建场景
21:30:32.800 [JavaFX Application Thread] INFO  com.stickpoint.ddmusic.App - 4. 场景创建成功
21:30:32.801 [JavaFX Application Thread] INFO  com.stickpoint.ddmusic.App - 5. 设置舞台属性
21:30:32.801 [JavaFX Application Thread] INFO  com.stickpoint.ddmusic.App - 6. 舞台属性设置完成
21:30:32.801 [JavaFX Application Thread] INFO  com.stickpoint.ddmusic.App - 7. 加载图标
21:30:32.802 [JavaFX Application Thread] INFO  com.stickpoint.ddmusic.App - 图标URL: file:/E:/codeData/javaProject/javafx-ddmusic/ddmuisc2/target/classes/img/logo.svg
21:30:32.804 [JavaFX Application Thread] INFO  com.stickpoint.ddmusic.App - 8. 图标加载成功
21:30:32.805 [JavaFX Application Thread] INFO  com.stickpoint.ddmusic.App - 9. 显示舞台
21:30:33.258 [JavaFX Application Thread] INFO  com.stickpoint.ddmusic.App - 10. 添加窗口缩放支持
21:30:33.260 [JavaFX Application Thread] INFO  com.stickpoint.ddmusic.App - 11. 居中显示
21:30:33.260 [JavaFX Application Thread] INFO  com.stickpoint.ddmusic.App - 12. 应用启动完成
21:33:14.027 [JavaFX Application Thread] INFO  com.stickpoint.ddmusic.App - === 应用启动调试信息 ===
21:33:14.031 [JavaFX Application Thread] INFO  com.stickpoint.ddmusic.App - Java 版本: 21.0.8
21:33:14.033 [JavaFX Application Thread] INFO  com.stickpoint.ddmusic.App - JavaFX 版本: 21.0.7
21:33:14.034 [JavaFX Application Thread] INFO  com.stickpoint.ddmusic.App - 工作目录: E:\codeData\javaProject\javafx-ddmusic\ddmuisc2
21:33:14.035 [JavaFX Application Thread] INFO  com.stickpoint.ddmusic.App - 1. 开始创建 HomePage
21:33:16.534 [JavaFX Application Thread] INFO  c.s.ddmusic.common.utils.ConfigUtils - 配置文件读取成功: C:\Users\Administrator\ddmusic.dd
21:33:16.550 [JavaFX Application Thread] INFO  c.s.d.p.n.MusicPlayDetailContainer - 旋转角度: 60.0
21:33:16.734 [JavaFX Application Thread] INFO  com.stickpoint.ddmusic.App - 2. HomePage 创建成功
21:33:16.734 [JavaFX Application Thread] INFO  com.stickpoint.ddmusic.App - 3. 开始创建场景
21:33:16.831 [JavaFX Application Thread] INFO  com.stickpoint.ddmusic.App - 4. 场景创建成功
21:33:16.831 [JavaFX Application Thread] INFO  com.stickpoint.ddmusic.App - 5. 设置舞台属性
21:33:16.832 [JavaFX Application Thread] INFO  com.stickpoint.ddmusic.App - 6. 舞台属性设置完成
21:33:16.832 [JavaFX Application Thread] INFO  com.stickpoint.ddmusic.App - 7. 加载图标
21:33:16.833 [JavaFX Application Thread] INFO  com.stickpoint.ddmusic.App - 图标URL: file:/E:/codeData/javaProject/javafx-ddmusic/ddmuisc2/target/classes/img/logo.svg
21:33:16.834 [JavaFX Application Thread] INFO  com.stickpoint.ddmusic.App - 8. 图标加载成功
21:33:16.835 [JavaFX Application Thread] INFO  com.stickpoint.ddmusic.App - 9. 显示舞台
21:33:17.981 [JavaFX Application Thread] INFO  com.stickpoint.ddmusic.App - 10. 添加窗口缩放支持
21:33:17.983 [JavaFX Application Thread] INFO  com.stickpoint.ddmusic.App - 11. 居中显示
21:33:17.983 [JavaFX Application Thread] INFO  com.stickpoint.ddmusic.App - 12. 应用启动完成
22:02:13.660 [JavaFX Application Thread] INFO  com.stickpoint.ddmusic.App - === 应用启动调试信息 ===
22:02:13.662 [JavaFX Application Thread] INFO  com.stickpoint.ddmusic.App - Java 版本: 21.0.8
22:02:13.663 [JavaFX Application Thread] INFO  com.stickpoint.ddmusic.App - JavaFX 版本: 21.0.7
22:02:13.663 [JavaFX Application Thread] INFO  com.stickpoint.ddmusic.App - 工作目录: E:\codeData\javaProject\javafx-ddmusic\ddmuisc2
22:02:13.663 [JavaFX Application Thread] INFO  com.stickpoint.ddmusic.App - 1. 开始创建 HomePage
22:02:17.817 [JavaFX Application Thread] INFO  c.s.ddmusic.common.utils.ConfigUtils - 配置文件读取成功: C:\Users\Administrator\ddmusic.dd
22:02:17.824 [JavaFX Application Thread] INFO  c.s.d.p.n.MusicPlayDetailContainer - 旋转角度: 60.0
22:02:17.902 [JavaFX Application Thread] INFO  com.stickpoint.ddmusic.App - 2. HomePage 创建成功
22:02:17.902 [JavaFX Application Thread] INFO  com.stickpoint.ddmusic.App - 3. 开始创建场景
22:02:17.940 [JavaFX Application Thread] INFO  com.stickpoint.ddmusic.App - 4. 场景创建成功
22:02:17.941 [JavaFX Application Thread] INFO  com.stickpoint.ddmusic.App - 5. 设置舞台属性
22:02:17.941 [JavaFX Application Thread] INFO  com.stickpoint.ddmusic.App - 6. 舞台属性设置完成
22:02:17.942 [JavaFX Application Thread] INFO  com.stickpoint.ddmusic.App - 7. 加载图标
22:02:17.942 [JavaFX Application Thread] INFO  com.stickpoint.ddmusic.App - 图标URL: file:/E:/codeData/javaProject/javafx-ddmusic/ddmuisc2/target/classes/img/logo.svg
22:02:17.943 [JavaFX Application Thread] INFO  com.stickpoint.ddmusic.App - 8. 图标加载成功
22:02:17.943 [JavaFX Application Thread] INFO  com.stickpoint.ddmusic.App - 9. 显示舞台
22:02:18.251 [JavaFX Application Thread] INFO  com.stickpoint.ddmusic.App - 10. 添加窗口缩放支持
22:02:18.253 [JavaFX Application Thread] INFO  com.stickpoint.ddmusic.App - 11. 居中显示
22:02:18.254 [JavaFX Application Thread] INFO  com.stickpoint.ddmusic.App - 12. 应用启动完成
22:02:35.632 [Thread-78] INFO  c.s.d.common.utils.TuneHubApiUtils - 获取排行榜歌曲: 平台=netease, 排行榜ID=19723756
22:02:38.892 [JavaFX Application Thread] INFO  c.s.d.p.n.MusicPlayDetailContainer - 加载专辑封面: https://music-dl.sayqz.com/api/?source=netease&id=1973665667&type=pic
22:02:38.893 [JavaFX Application Thread] INFO  c.s.d.p.n.MusicPlayDetailContainer - 当前旋转角度: 暂停--95.0
22:02:39.678 [Thread-81] INFO  c.s.d.p.n.MusicPlayDetailContainer - 实际专辑封面URL: https://p2.music.126.net/RfguLkQJ8aMVkiIaxdy70Q==/109951170483263672.jpg
22:02:39.747 [JavaFX Application Thread] INFO  c.s.d.p.n.MusicPlayDetailContainer - 图片加载进度: 10%
22:02:39.750 [JavaFX Application Thread] INFO  c.s.d.p.n.MusicPlayDetailContainer - 图片加载进度: 21%
22:02:39.758 [JavaFX Application Thread] INFO  c.s.d.p.n.MusicPlayDetailContainer - 图片加载进度: 31%
22:02:39.763 [JavaFX Application Thread] INFO  c.s.d.p.n.MusicPlayDetailContainer - 图片加载进度: 41%
22:02:39.782 [JavaFX Application Thread] INFO  c.s.d.p.n.MusicPlayDetailContainer - 图片加载进度: 51%
22:02:39.789 [JavaFX Application Thread] INFO  c.s.d.p.n.MusicPlayDetailContainer - 图片加载进度: 62%
22:02:39.798 [JavaFX Application Thread] INFO  c.s.d.p.n.MusicPlayDetailContainer - 图片加载进度: 73%
22:02:39.806 [JavaFX Application Thread] INFO  c.s.d.p.n.MusicPlayDetailContainer - 图片加载进度: 83%
22:02:39.811 [JavaFX Application Thread] INFO  c.s.d.p.n.MusicPlayDetailContainer - 图片加载进度: 94%
22:02:39.814 [JavaFX Application Thread] INFO  c.s.d.p.n.MusicPlayDetailContainer - 图片加载进度: 100%
22:02:39.814 [JavaFX Application Thread] INFO  c.s.d.p.n.MusicPlayDetailContainer - 图片加载完成，加入缓存
22:02:53.225 [JavaFX Application Thread] INFO  c.s.d.p.n.MusicPlayDetailContainer - 暂停旋转
22:02:53.226 [JavaFX Application Thread] INFO  c.s.d.p.n.MusicPlayDetailContainer - 当前播放状态: PAUSED
22:02:53.227 [JavaFX Application Thread] INFO  c.s.d.p.n.MusicPlayDetailContainer - 当前旋转角度: 播放--95.0
